train_count,track_utilization,block_duration,time,train_priority,previous_delay,congestion,expected_delay
4,15.0,1,6,1,2.3,LOW,25.2
16,56.4,1,19,2,5.1,MEDIUM,56.16
10,28.7,1,14,2,20.2,LOW,39.73
19,86.0,3,10,1,3.9,HIGH,70.18
6,18.0,2,7,2,0.5,LOW,30.58
25,92.0,2,20,1,0.2,HIGH,78.41
3,17.0,2,6,2,1.9,LOW,24.65
15,56.8,1,18,3,0.4,MEDIUM,50.89
9,25.5,3,22,3,3.7,LOW,48.32
12,52.3,3,10,2,3.9,MEDIUM,55.24
25,86.7,1,10,1,28.6,HIGH,86.21
10,36.4,2,23,2,2.9,LOW,38.6
25,84.5,2,20,2,7.3,HIGH,86.78
5,17.0,1,3,1,13.7,LOW,20.83
9,30.9,1,7,1,5.8,LOW,37.23
3,15.0,5,23,3,9.5,LOW,45.96
14,49.1,1,2,3,29.3,MEDIUM,58.19
19,69.4,2,21,1,3.1,MEDIUM,60.71
14,44.2,3,20,2,0.6,LOW,54.51
6,19.8,2,1,2,4.5,LOW,26.93
3,15.0,1,23,1,6.2,LOW,15.09
15,57.7,4,11,1,6.9,MEDIUM,68.95
8,36.6,2,5,2,10.7,LOW,47.11
3,15.0,3,1,1,18.3,LOW,38.11
17,59.9,3,20,1,5.5,MEDIUM,64.47
3,15.0,3,0,2,1.2,LOW,28.47
21,75.9,5,11,3,4.1,HIGH,96.95
14,49.1,3,21,2,1.4,MEDIUM,60.14
15,57.1,3,11,2,1.6,MEDIUM,60.3
10,38.1,4,16,1,0.0,LOW,49.6
17,62.4,4,9,1,21.2,MEDIUM,78.61
3,15.0,5,15,2,10.9,LOW,46.74
8,31.5,3,14,1,0.8,LOW,43.94
3,15.0,1,14,3,20.2,LOW,26.17
25,73.5,3,18,1,16.3,HIGH,79.64
20,67.5,1,11,1,19.3,MEDIUM,69.08
14,58.8,2,22,1,0.8,MEDIUM,48.77
25,89.0,1,19,3,0.7,HIGH,71.7
3,15.0,4,2,1,0.6,LOW,38.24
4,15.0,2,4,1,27.3,LOW,36.52
14,50.3,3,18,1,8.6,MEDIUM,56.88
3,15.0,2,6,2,1.6,LOW,23.69
16,54.3,1,20,1,21.2,MEDIUM,50.79
18,59.6,2,8,1,4.7,MEDIUM,61.78
14,50.4,3,6,1,12.3,MEDIUM,50.53
23,78.4,4,17,2,8.1,HIGH,85.28
9,36.0,1,3,1,8.4,LOW,32.46
6,26.6,1,13,1,4.6,LOW,32.26
25,92.4,3,17,1,4.0,HIGH,88.28
18,79.3,1,8,2,1.4,HIGH,52.27
14,43.1,1,20,2,0.6,LOW,43.4
12,38.4,1,1,2,21.0,LOW,47.5
17,55.5,3,19,3,22.1,MEDIUM,76.84
12,29.2,1,14,3,8.2,LOW,45.99
10,35.7,2,6,1,3.9,LOW,33.27
22,74.2,5,11,2,0.2,HIGH,85.22
10,40.9,3,7,2,4.7,LOW,43.53
12,46.3,2,14,3,8.6,LOW,50.93
13,46.9,2,2,1,2.9,LOW,42.04
3,15.0,1,13,2,3.4,LOW,23.0
9,27.2,1,16,1,5.1,LOW,27.19
9,31.8,1,3,3,5.5,LOW,33.31
15,53.3,2,17,1,10.9,MEDIUM,67.45
6,20.2,2,7,1,5.5,LOW,34.28
7,23.7,4,3,1,14.9,LOW,50.16
3,15.0,4,1,1,5.3,LOW,31.12
4,15.0,1,5,2,0.3,LOW,15.89
14,53.0,2,21,1,1.2,MEDIUM,43.6
23,62.5,1,9,1,10.1,MEDIUM,66.84
4,15.3,2,3,3,4.8,LOW,32.7
23,79.8,1,21,1,4.9,HIGH,63.59
17,62.9,4,17,2,30.5,MEDIUM,86.32
19,64.0,4,11,1,6.8,MEDIUM,67.2
10,21.4,1,1,1,1.0,LOW,39.83
14,36.7,3,9,2,4.5,LOW,53.58
3,15.0,2,3,2,6.6,LOW,22.91
9,36.7,2,13,1,0.3,LOW,31.33
3,15.0,2,15,3,3.6,LOW,32.14
9,38.5,3,14,3,27.5,LOW,60.94
11,35.2,4,7,3,11.1,LOW,58.56
7,22.5,3,13,1,3.7,LOW,45.07
4,24.1,2,22,1,2.4,LOW,26.71
13,45.9,3,7,2,2.7,LOW,52.87
23,70.0,5,20,2,14.1,HIGH,95.26
10,34.7,2,15,1,4.1,LOW,35.21
6,26.2,1,12,2,14.8,LOW,25.38
22,71.6,3,17,1,19.2,HIGH,79.48
4,24.5,5,14,1,5.0,LOW,35.24
24,74.1,1,20,1,23.2,HIGH,79.27
5,15.0,2,23,2,2.9,LOW,29.16
6,30.9,1,12,1,2.4,LOW,21.02
23,73.1,3,8,2,0.9,HIGH,75.5
11,31.6,4,14,2,2.3,LOW,52.3
7,20.8,2,12,2,11.9,LOW,38.49
9,24.8,2,0,3,4.1,LOW,40.07
11,42.8,4,6,2,1.3,LOW,46.07
21,68.6,1,8,3,0.9,MEDIUM,58.5
4,15.0,4,23,1,5.4,LOW,33.57
8,25.6,2,0,1,6.2,LOW,35.93
20,62.6,2,11,1,12.7,MEDIUM,66.21
13,44.0,2,7,1,10.0,LOW,50.15
14,41.9,2,23,2,1.5,LOW,52.87
20,66.8,4,10,1,2.6,MEDIUM,71.98
14,46.6,5,18,2,9.5,LOW,66.25
7,35.0,3,16,2,1.6,LOW,43.75
12,47.9,1,7,2,13.0,LOW,55.46
10,35.0,2,2,1,8.6,LOW,39.19
3,15.0,2,2,2,6.1,LOW,23.73
11,35.5,4,0,1,8.3,LOW,56.29
13,45.0,2,4,1,0.8,LOW,44.31
25,80.0,5,9,2,6.4,HIGH,94.94
8,24.9,5,6,2,4.8,LOW,50.14
15,49.5,2,8,1,5.8,MEDIUM,54.44
7,23.7,4,6,3,3.3,LOW,42.42
16,55.4,5,8,1,5.1,MEDIUM,81.48
14,52.0,3,7,1,17.2,MEDIUM,55.18
23,83.7,3,11,1,3.4,HIGH,64.91
6,23.7,3,1,2,0.4,LOW,34.93
14,58.1,1,0,2,2.4,MEDIUM,46.89
11,41.3,2,15,1,4.8,LOW,47.01
7,23.5,1,22,1,6.1,LOW,24.29
3,15.0,1,22,2,4.5,LOW,15.25
10,39.5,4,23,1,14.0,LOW,57.95
11,35.9,2,4,1,19.7,LOW,42.91
7,26.2,1,2,2,5.3,LOW,31.39
12,43.8,2,11,1,0.6,LOW,42.31
8,15.0,5,7,3,4.4,LOW,47.54
15,42.0,4,21,1,1.6,LOW,59.58
7,29.0,1,2,2,2.7,LOW,23.53
4,16.3,5,0,1,14.3,LOW,38.09
5,15.0,2,2,3,6.1,LOW,29.68
13,27.9,3,4,1,14.1,LOW,49.93
12,49.5,3,14,2,33.9,LOW,74.67
5,20.9,4,13,2,6.3,LOW,42.1
11,45.7,4,2,1,19.5,LOW,58.71
10,28.2,1,0,1,9.2,LOW,33.5
8,23.5,2,4,2,0.9,LOW,34.93
7,34.7,2,22,3,4.3,LOW,38.43
12,43.3,2,13,1,8.6,LOW,48.42
4,15.0,2,6,1,9.8,LOW,28.01
15,50.0,2,8,2,15.8,MEDIUM,61.27
12,30.4,2,14,1,8.1,LOW,37.22
10,40.8,1,14,3,0.8,LOW,39.29
23,66.3,2,9,2,1.2,HIGH,75.2
8,31.1,3,12,2,3.2,LOW,44.17
13,44.7,2,18,1,2.8,LOW,47.18
3,15.0,5,6,1,2.0,LOW,37.4
6,16.9,1,16,2,7.7,LOW,33.63
14,56.4,2,19,3,4.5,MEDIUM,63.63
11,33.9,2,3,3,9.2,LOW,48.56
14,47.5,1,4,1,3.9,MEDIUM,37.96
7,23.9,1,22,1,2.6,LOW,26.44
7,21.8,4,6,1,6.4,LOW,48.51
14,50.0,2,12,3,0.8,MEDIUM,50.95
14,51.9,2,14,1,35.8,MEDIUM,50.5
20,67.3,2,10,1,8.5,MEDIUM,74.64
10,37.8,4,3,1,1.0,LOW,50.66
9,34.5,2,12,1,7.8,LOW,34.28
10,36.4,4,6,3,0.6,LOW,51.37
25,94.0,2,18,2,5.6,HIGH,80.52
23,87.9,2,21,1,2.7,HIGH,71.48
12,38.4,1,1,1,9.7,LOW,37.9
20,66.2,3,9,1,5.3,MEDIUM,73.47
3,15.0,3,12,1,12.3,LOW,38.13
13,43.8,2,20,1,2.1,LOW,46.0
7,25.7,1,5,2,8.5,LOW,33.99
25,78.0,2,11,1,9.3,HIGH,73.46
23,76.6,1,11,1,5.2,HIGH,71.29
21,71.9,2,19,1,15.6,HIGH,73.95
22,69.3,4,10,2,1.3,HIGH,79.96
8,17.3,3,22,2,11.4,LOW,40.67
13,51.9,1,6,2,1.1,MEDIUM,46.12
12,31.5,5,0,2,1.4,LOW,51.13
7,33.2,4,0,2,1.8,LOW,49.21
25,91.8,2,19,1,8.7,HIGH,77.31
6,22.3,2,12,3,8.2,LOW,39.27
24,84.3,4,8,1,4.7,HIGH,85.71
8,31.7,2,2,1,3.0,LOW,28.61
8,24.7,2,6,2,7.6,LOW,35.08
4,15.0,3,5,1,1.2,LOW,24.47
13,43.0,1,7,3,7.9,LOW,40.01
19,66.7,4,8,1,0.1,MEDIUM,73.36
10,30.0,2,4,3,1.2,LOW,33.65
10,31.0,2,0,2,9.8,LOW,38.68
23,90.2,1,18,3,16.6,HIGH,81.84
24,83.5,2,9,3,0.6,HIGH,74.16
18,54.2,2,11,3,8.1,MEDIUM,71.37
8,32.3,2,23,2,0.5,LOW,43.26
8,25.5,3,14,1,16.9,LOW,49.6
22,71.2,1,21,1,4.0,HIGH,65.3
5,31.6,1,23,2,10.8,LOW,29.24
19,65.0,2,8,3,1.5,MEDIUM,67.81
12,36.0,2,19,2,15.8,LOW,61.1
10,30.5,1,16,3,4.5,LOW,31.7
7,24.7,1,16,2,1.9,LOW,20.09
12,41.7,4,19,1,6.8,LOW,58.34
19,67.4,1,11,1,2.7,MEDIUM,58.57
7,15.0,4,6,1,2.7,LOW,42.38
11,30.7,2,1,1,1.0,LOW,40.14
13,43.1,3,2,2,1.9,LOW,56.51
10,30.8,1,16,3,12.8,LOW,40.74
14,41.1,3,4,2,5.9,LOW,52.94
12,43.0,1,16,1,3.5,LOW,37.03
9,33.3,2,23,1,21.2,LOW,38.61
6,30.7,1,16,1,12.8,LOW,34.77
4,17.8,3,16,2,3.0,LOW,30.99
14,50.5,4,1,1,0.9,MEDIUM,54.17
11,36.4,2,1,1,1.6,LOW,38.85
15,67.3,2,21,1,9.0,MEDIUM,56.63
8,25.2,3,22,1,6.6,LOW,37.59
9,28.5,4,4,3,31.6,LOW,64.78
14,53.4,2,0,1,0.1,MEDIUM,51.02
5,15.0,4,0,1,16.8,LOW,42.79
15,50.5,2,18,1,0.1,MEDIUM,59.34
5,17.6,1,1,1,4.4,LOW,20.14
20,65.6,1,20,2,19.9,MEDIUM,62.26
16,60.7,3,11,2,8.6,MEDIUM,61.76
9,33.6,2,5,1,7.0,LOW,38.7
7,25.6,1,22,2,3.0,LOW,26.84
6,20.8,1,3,1,27.1,LOW,37.83
8,25.1,2,22,2,1.5,LOW,34.62
14,35.1,1,10,1,2.5,LOW,43.55
4,16.9,1,23,1,4.8,LOW,15.36
14,53.4,4,16,2,1.1,MEDIUM,49.51
5,17.0,2,5,2,4.4,LOW,27.16
4,15.0,1,23,2,0.3,LOW,15.4
9,27.6,3,4,1,20.6,LOW,40.59
21,68.5,4,19,1,3.1,MEDIUM,77.18
4,15.0,2,1,3,8.0,LOW,34.83
7,26.8,1,5,1,16.4,LOW,33.12
17,49.9,4,21,1,13.6,MEDIUM,72.88
12,39.6,2,10,1,16.5,LOW,49.45
11,36.4,2,15,1,10.2,LOW,36.64
10,43.1,2,15,1,1.7,LOW,33.84
10,36.4,3,0,1,3.7,LOW,46.76
21,68.8,2,8,1,5.7,MEDIUM,66.59
14,55.9,4,5,3,3.3,MEDIUM,70.65
3,15.0,2,15,1,24.9,LOW,36.28
4,15.0,4,2,1,13.2,LOW,45.92
23,67.3,2,19,2,12.8,HIGH,75.99
6,29.9,2,3,2,3.6,LOW,33.76
24,82.9,2,18,1,11.2,HIGH,71.78
7,22.5,1,2,2,7.6,LOW,29.42
23,85.6,1,18,1,3.8,HIGH,71.31
18,57.7,3,19,2,2.9,MEDIUM,77.6
4,15.0,3,6,1,12.4,LOW,30.75
16,61.0,1,19,1,7.3,MEDIUM,49.48
18,57.7,2,8,3,0.3,MEDIUM,68.03
9,27.7,1,0,2,0.2,LOW,26.28
7,24.2,4,7,1,14.8,LOW,43.93
11,39.4,1,6,1,0.8,LOW,40.72
14,52.0,3,17,1,5.9,MEDIUM,57.14
7,22.5,2,7,2,7.5,LOW,37.94
8,17.1,2,0,1,19.8,LOW,43.26
19,66.7,1,10,1,5.8,MEDIUM,56.45
18,62.4,2,17,1,1.7,MEDIUM,58.89
7,24.9,3,22,2,2.4,LOW,37.35
13,39.7,3,9,2,0.4,LOW,55.79
14,36.3,3,2,2,2.0,LOW,46.42
7,23.6,3,6,1,13.5,LOW,38.21
13,38.5,1,15,3,11.3,LOW,34.63
7,27.1,1,15,2,0.7,LOW,22.9
22,79.3,4,19,3,5.2,HIGH,88.9
3,15.0,3,16,1,2.9,LOW,30.82
7,19.6,3,1,1,8.4,LOW,39.67
7,34.0,2,0,2,26.0,LOW,51.96
3,15.0,2,15,1,8.0,LOW,28.59
15,52.2,1,11,2,11.0,MEDIUM,53.24
10,39.3,3,4,2,4.1,LOW,49.32
6,21.7,4,4,2,0.3,LOW,35.34
9,37.1,2,22,3,4.3,LOW,38.33
15,56.6,2,8,2,5.7,MEDIUM,59.73
15,59.0,1,8,1,5.4,MEDIUM,47.29
11,38.4,1,2,1,2.1,LOW,26.46
24,79.2,2,18,1,5.2,HIGH,75.22
7,15.9,5,15,2,10.1,LOW,53.75
12,43.3,3,15,1,3.0,LOW,51.01
9,38.1,4,2,1,8.0,LOW,54.32
15,46.6,2,19,2,1.3,MEDIUM,58.39
11,33.6,2,23,2,2.6,LOW,38.47
19,62.4,5,21,3,17.2,MEDIUM,89.03
5,15.0,2,23,2,7.9,LOW,28.75
12,41.7,4,0,2,0.7,LOW,52.78
13,41.2,3,23,2,2.5,LOW,52.15
16,47.3,2,19,3,40.9,MEDIUM,75.11
17,52.8,2,10,2,2.5,MEDIUM,56.29
11,46.0,2,16,3,6.9,LOW,48.17
11,38.1,1,7,3,6.4,LOW,48.42
10,42.7,2,3,3,4.1,LOW,48.63
8,24.0,4,5,1,0.3,LOW,36.25
9,21.9,3,7,1,2.7,LOW,34.6
14,46.0,1,19,1,24.5,LOW,59.2
13,54.1,2,2,1,0.2,MEDIUM,44.63
3,15.0,2,15,1,10.1,LOW,22.13
10,23.5,2,2,1,17.9,LOW,44.74
21,69.6,2,17,1,11.5,MEDIUM,69.09
9,36.9,3,13,2,3.1,LOW,44.28
24,75.4,2,17,2,5.9,HIGH,74.32
12,41.8,1,1,1,16.2,LOW,36.76
21,71.1,2,21,2,29.7,HIGH,78.98
4,20.8,2,2,2,0.8,LOW,28.48
9,44.5,1,15,2,1.1,LOW,32.12
14,42.9,2,8,3,25.0,LOW,63.21
14,45.5,2,3,1,16.5,LOW,45.83
7,23.4,4,0,1,1.9,LOW,40.05
3,15.0,3,3,1,28.1,LOW,39.12
8,37.8,3,0,1,1.9,LOW,35.54
5,15.0,2,13,2,0.7,LOW,27.08
19,72.1,1,20,1,9.2,MEDIUM,61.98
11,34.8,2,15,1,6.2,LOW,40.51
15,50.6,3,19,1,2.2,MEDIUM,58.94
10,34.7,2,23,1,21.1,LOW,42.06
8,24.3,2,7,2,4.1,LOW,35.75
11,42.1,1,6,2,4.1,LOW,37.64
5,19.6,4,2,1,8.0,LOW,39.44
3,19.4,4,16,1,2.1,LOW,36.08
12,44.6,1,0,1,7.1,LOW,41.97
14,40.4,3,15,1,3.6,LOW,51.44
20,67.1,1,11,3,9.5,MEDIUM,69.13
22,84.3,2,18,1,2.3,HIGH,75.51
25,81.6,1,21,2,1.6,HIGH,68.4
6,29.3,1,22,3,2.3,LOW,25.38
24,85.9,1,21,1,22.0,HIGH,82.59
8,32.0,4,13,1,15.1,LOW,53.43
9,17.8,3,5,3,14.1,LOW,50.72
11,39.9,1,5,2,12.1,LOW,39.84
4,26.1,2,12,1,8.1,LOW,34.82
14,42.4,1,18,2,0.8,LOW,43.55
25,94.5,1,21,2,3.1,HIGH,72.87
6,21.5,4,7,1,6.6,LOW,35.32
9,25.8,1,1,3,0.9,LOW,30.58
18,59.5,2,20,1,0.2,MEDIUM,58.69
14,37.4,2,0,2,0.8,LOW,42.91
4,15.0,1,14,3,0.9,LOW,25.39
9,33.1,2,0,2,0.9,LOW,38.11
10,48.2,4,4,1,1.7,LOW,51.91
14,49.9,3,15,1,5.5,MEDIUM,56.58
12,49.4,1,18,2,2.7,LOW,51.08
13,38.2,3,3,2,15.7,LOW,55.74
12,39.7,4,2,2,16.7,LOW,60.84
7,25.7,1,16,3,20.2,LOW,35.92
11,32.2,2,16,3,5.1,LOW,52.36
12,39.5,1,11,1,11.9,LOW,40.28
8,33.0,2,13,1,7.2,LOW,31.53
18,75.8,3,20,1,1.2,MEDIUM,65.78
5,21.9,1,5,2,8.1,LOW,16.68
13,40.0,1,2,2,14.5,LOW,44.04
12,40.6,2,8,2,3.4,LOW,50.08
7,17.5,2,4,1,11.0,LOW,29.19
6,21.9,2,23,1,11.9,LOW,32.45
9,39.5,3,16,1,8.3,LOW,38.32
5,18.8,1,13,2,17.2,LOW,25.94
12,40.7,2,20,1,1.3,LOW,48.36
9,30.2,1,2,1,14.8,LOW,36.32
14,48.8,4,0,1,7.5,MEDIUM,58.8
21,81.4,2,19,2,15.5,HIGH,80.18
15,55.6,1,20,1,6.1,MEDIUM,50.52
7,17.6,1,22,2,3.2,LOW,28.49
3,15.0,1,0,2,18.2,LOW,24.68
9,37.9,1,2,2,16.8,LOW,35.09
12,43.2,2,17,2,2.5,LOW,50.33
19,53.6,3,9,1,10.9,MEDIUM,72.55
20,74.3,2,21,1,0.8,HIGH,64.27
3,15.0,2,2,3,0.7,LOW,24.02
13,40.0,3,7,2,5.7,LOW,53.19
3,16.5,2,13,3,0.3,LOW,20.84
6,26.3,1,23,2,4.5,LOW,29.56
17,57.1,1,17,1,12.5,MEDIUM,51.95
9,33.2,4,14,1,17.6,LOW,53.23
16,50.8,3,21,2,2.4,MEDIUM,67.34
14,43.2,1,22,1,0.6,LOW,34.0
11,35.3,1,1,1,8.0,LOW,42.3
24,79.5,3,9,2,2.5,HIGH,84.41
4,15.0,2,1,1,0.2,LOW,24.97
12,46.1,3,16,1,1.1,LOW,44.79
14,48.2,1,7,2,22.3,MEDIUM,55.84
14,41.8,5,0,2,16.6,LOW,68.9
23,74.4,3,8,1,14.2,HIGH,81.61
19,57.3,1,10,2,3.3,MEDIUM,65.08
19,64.1,2,21,3,10.0,MEDIUM,72.19
13,52.9,1,15,1,25.2,MEDIUM,50.53
10,35.8,2,6,1,6.7,LOW,38.7
22,75.4,3,9,1,3.2,HIGH,71.6
13,35.3,2,22,2,12.8,LOW,50.24
5,25.2,3,2,1,4.5,LOW,32.46
18,61.5,1,17,3,6.9,MEDIUM,67.76
10,34.6,3,23,2,6.2,LOW,51.1
4,15.0,2,12,2,2.0,LOW,24.61
13,43.5,3,6,3,0.0,LOW,51.94
6,15.0,1,3,3,54.0,LOW,45.3
6,16.3,2,12,1,4.3,LOW,18.4
16,44.2,2,19,1,2.7,MEDIUM,55.17
10,22.3,2,0,2,11.6,LOW,38.56
9,43.6,2,7,1,7.2,LOW,41.72
6,21.6,2,13,1,17.0,LOW,30.8
9,37.5,5,15,2,12.2,LOW,57.35
3,15.0,1,13,3,2.6,LOW,22.02
16,53.3,3,11,1,7.2,MEDIUM,62.02
23,71.9,2,18,2,5.6,HIGH,66.26
10,37.7,2,22,1,24.8,LOW,50.39
11,41.9,2,14,2,2.2,LOW,41.69
11,40.5,4,1,1,2.7,LOW,44.68
3,15.0,2,1,3,20.2,LOW,40.34
12,42.6,4,22,1,4.9,LOW,57.55
23,75.6,1,21,2,4.9,HIGH,69.66
18,67.4,3,18,1,16.2,MEDIUM,72.21
15,42.8,2,21,1,2.8,LOW,50.48
20,63.2,2,21,1,9.5,MEDIUM,62.25
13,42.9,2,16,1,10.2,LOW,45.71
23,70.6,2,19,1,4.7,HIGH,62.29
18,52.0,2,9,1,3.3,MEDIUM,62.49
10,32.7,2,5,2,11.0,LOW,39.71
4,15.0,2,14,2,2.4,LOW,20.01
20,67.0,2,21,1,13.7,MEDIUM,64.25
25,85.1,2,10,2,4.3,HIGH,78.59
5,20.6,1,4,1,0.1,LOW,21.37
14,48.2,3,0,2,6.7,MEDIUM,53.56
9,41.1,3,7,1,1.7,LOW,38.76
22,76.0,1,20,2,5.0,HIGH,63.86
14,56.9,1,11,1,13.2,MEDIUM,56.33
22,81.1,1,11,3,1.7,HIGH,72.43
5,23.9,4,4,1,1.9,LOW,37.97
9,21.3,3,6,1,5.1,LOW,33.7
10,35.2,1,3,1,5.2,LOW,30.64
9,32.9,3,5,3,4.8,LOW,44.48
6,18.7,1,12,2,9.5,LOW,34.75
13,45.2,1,19,2,2.5,LOW,47.11
14,41.5,4,14,3,2.4,LOW,57.45
11,46.0,4,2,3,0.2,LOW,62.39
12,40.9,3,22,2,3.8,LOW,52.42
10,36.4,2,7,1,1.7,LOW,39.71
14,42.8,2,19,2,7.2,LOW,60.19
4,23.0,4,15,1,1.6,LOW,39.09
12,45.8,3,12,2,18.0,LOW,54.89
22,81.1,1,17,2,15.1,HIGH,72.64
20,80.2,2,9,2,11.6,HIGH,75.4
14,46.3,4,18,2,13.2,LOW,69.26
11,41.0,4,16,2,25.7,LOW,55.67
11,40.5,3,23,3,3.1,LOW,44.65
13,40.9,3,18,1,31.2,LOW,66.2
3,15.0,1,22,1,17.7,LOW,16.59
8,22.4,2,4,2,3.6,LOW,28.92
16,54.2,3,20,3,16.0,MEDIUM,70.38
9,20.9,1,22,1,18.2,LOW,34.13
25,80.3,3,8,1,0.3,HIGH,80.9
25,74.0,4,11,1,16.7,HIGH,93.24
18,70.3,1,20,1,4.5,MEDIUM,58.77
6,24.4,3,0,3,13.3,LOW,47.99
6,17.6,3,0,2,0.9,LOW,31.15
3,15.0,2,14,2,1.5,LOW,20.33
13,51.1,3,1,2,30.8,MEDIUM,64.41
20,78.7,1,21,2,4.3,HIGH,67.69
9,35.3,3,15,1,12.8,LOW,48.24
8,35.2,2,7,1,11.1,LOW,42.5
6,20.3,3,12,1,12.3,LOW,39.29
25,72.5,2,20,1,11.6,HIGH,84.42
14,47.0,1,0,1,19.6,MEDIUM,50.56
9,31.4,2,15,1,7.2,LOW,36.14
10,40.4,1,6,1,4.4,LOW,37.33
11,35.1,1,4,1,20.7,LOW,47.21
20,61.1,1,21,2,3.5,MEDIUM,55.1
6,15.0,3,22,1,8.0,LOW,32.3
5,21.0,4,2,3,15.5,LOW,44.04
20,66.2,4,11,1,19.8,MEDIUM,81.49
8,20.5,4,15,2,23.9,LOW,51.11
24,85.3,3,18,3,8.6,HIGH,89.5
10,38.8,1,4,3,10.2,LOW,46.31
17,56.6,3,21,3,5.5,MEDIUM,74.64
8,33.2,3,13,1,2.7,LOW,42.01
7,27.7,1,4,1,0.1,LOW,25.57
9,29.8,3,14,1,2.0,LOW,35.25
11,36.1,2,16,1,31.3,LOW,55.96
9,28.6,4,13,1,13.1,LOW,54.15
18,61.2,3,19,3,5.2,MEDIUM,58.86
8,36.2,5,4,2,3.4,LOW,61.25
22,81.9,1,11,2,0.5,HIGH,60.94
12,43.9,1,15,3,0.1,LOW,37.37
6,31.3,5,15,2,11.3,LOW,54.79
19,71.5,1,20,2,33.9,MEDIUM,71.0
10,33.1,2,6,2,2.3,LOW,38.76
8,30.6,2,3,1,2.6,LOW,28.26
8,35.4,4,0,1,21.8,LOW,55.56
7,24.3,1,4,3,7.4,LOW,31.53
12,39.6,1,22,3,1.5,LOW,38.66
20,78.9,2,9,3,0.4,HIGH,74.25
22,78.1,2,21,1,6.6,HIGH,69.65
8,33.5,2,4,3,4.8,LOW,44.02
3,15.0,4,3,1,4.5,LOW,30.46
9,36.1,3,1,1,27.9,LOW,48.5
23,77.1,4,19,1,2.4,HIGH,81.65
18,61.0,1,9,1,5.4,MEDIUM,57.53
25,79.2,3,18,1,1.9,HIGH,78.6
10,32.7,5,0,1,3.1,LOW,49.82
6,15.0,2,23,1,11.6,LOW,26.24
11,44.2,1,4,1,1.8,LOW,35.18
11,34.1,5,12,2,9.0,LOW,59.69
7,25.9,2,3,2,1.1,LOW,31.39
13,37.3,3,15,1,1.7,LOW,53.05
9,33.5,1,23,1,0.2,LOW,25.77
8,15.0,3,15,2,8.0,LOW,47.86
14,42.2,4,22,2,37.1,LOW,71.53
14,55.7,2,1,1,8.5,MEDIUM,54.02
8,23.2,1,16,2,20.5,LOW,38.08
22,73.6,1,19,3,6.0,HIGH,75.39
12,27.8,1,23,1,9.1,LOW,44.12
17,65.9,2,11,1,20.8,MEDIUM,68.86
17,56.3,3,17,1,0.7,MEDIUM,58.54
13,52.1,1,2,2,7.3,MEDIUM,38.21
13,40.1,1,0,1,6.9,LOW,36.92
13,35.3,2,0,1,0.3,LOW,44.83
23,86.7,2,18,1,1.4,HIGH,77.47
22,77.2,2,10,3,6.4,HIGH,81.47
7,24.4,3,4,2,5.5,LOW,38.54
21,67.8,4,11,2,3.4,MEDIUM,83.56
3,17.4,1,2,2,9.6,LOW,25.42
11,26.3,2,0,1,3.6,LOW,33.3
6,25.2,2,0,3,11.7,LOW,36.67
11,30.2,1,7,2,13.3,LOW,46.79
17,60.6,2,9,1,8.3,MEDIUM,55.23
17,69.8,3,10,2,2.6,MEDIUM,72.58
20,67.8,1,11,2,13.0,MEDIUM,62.44
13,43.7,1,12,2,2.3,LOW,40.87
15,47.9,3,11,1,2.9,MEDIUM,64.52
3,15.0,3,13,3,7.5,LOW,37.02
9,27.9,2,1,3,9.3,LOW,42.08
12,40.9,3,18,1,3.7,LOW,51.7
16,52.7,5,17,1,7.2,MEDIUM,78.3
12,39.8,1,2,1,2.3,LOW,38.21
11,34.0,1,22,3,12.7,LOW,47.45
14,46.8,1,16,2,38.8,MEDIUM,63.0
3,15.0,3,7,1,9.6,LOW,34.01
16,64.4,2,9,1,3.1,MEDIUM,59.22
5,26.6,5,1,1,3.4,LOW,40.74
19,66.6,3,18,2,0.2,MEDIUM,71.47
20,65.3,2,8,1,8.3,MEDIUM,65.34
3,15.0,1,6,3,7.3,LOW,17.99
6,15.5,2,3,2,24.7,LOW,45.77
18,57.9,1,20,2,4.1,MEDIUM,53.26
25,85.3,4,17,1,21.6,HIGH,92.87
8,23.2,2,12,1,11.4,LOW,31.36
24,77.7,1,10,1,2.7,HIGH,63.88
12,38.0,2,23,1,0.1,LOW,34.98
12,54.5,1,3,1,10.4,MEDIUM,40.28
24,82.6,2,20,3,5.5,HIGH,81.15
12,30.4,1,3,1,26.1,LOW,45.04
22,76.0,2,9,1,0.2,HIGH,71.21
7,26.5,2,4,1,5.9,LOW,30.17
19,64.2,2,8,1,12.4,MEDIUM,56.09
5,20.7,3,23,3,12.5,LOW,45.71
13,40.8,1,2,1,8.9,LOW,43.51
5,16.1,2,16,1,4.0,LOW,23.29
6,19.9,2,2,2,0.6,LOW,32.57
5,15.0,2,15,1,2.9,LOW,25.93
5,15.0,5,3,1,8.4,LOW,44.08
21,71.9,1,17,1,11.8,HIGH,66.98
9,32.0,3,16,1,13.6,LOW,40.61
11,20.6,2,6,1,11.9,LOW,36.55
13,41.1,2,23,1,3.1,LOW,44.12
3,15.0,3,22,2,9.5,LOW,32.89
10,35.1,1,4,1,27.8,LOW,42.62
17,62.7,3,11,2,1.2,MEDIUM,70.34
14,45.7,1,16,2,10.5,LOW,35.38
3,15.0,2,22,2,4.2,LOW,30.25
11,29.1,3,12,1,2.0,LOW,42.01
10,42.0,1,22,1,3.1,LOW,32.94
8,26.9,3,2,2,1.5,LOW,40.74
13,35.2,1,8,2,13.5,LOW,47.88
13,47.8,3,16,2,3.9,LOW,47.98
12,39.2,2,16,1,22.2,LOW,51.81
14,58.6,3,19,3,27.1,MEDIUM,81.98
10,43.6,4,15,1,27.0,LOW,64.24
17,63.1,2,21,1,1.4,MEDIUM,62.66
3,15.0,1,12,1,3.4,LOW,11.0
14,46.2,4,18,1,3.0,LOW,64.68
6,28.0,1,16,1,20.5,LOW,30.17
6,25.4,2,3,2,0.7,LOW,28.23
22,69.3,4,11,2,7.1,HIGH,82.53
24,81.0,3,8,3,5.3,HIGH,90.57
22,78.4,1,18,1,29.9,HIGH,72.98
18,51.6,1,11,2,26.4,MEDIUM,64.65
15,42.0,1,8,1,4.4,LOW,41.41
11,52.0,2,6,1,4.7,LOW,35.44
7,22.0,1,13,1,3.9,LOW,23.29
14,36.1,3,19,1,12.5,LOW,62.67
17,53.6,2,18,1,0.8,MEDIUM,60.78
9,32.6,4,14,1,1.0,LOW,45.1
5,21.8,3,15,2,9.8,LOW,37.84
15,47.0,4,20,3,0.1,MEDIUM,64.77
7,16.6,1,4,1,8.9,LOW,19.24
3,15.4,2,2,3,1.1,LOW,21.44
12,35.1,2,11,2,12.3,LOW,57.82
22,73.3,1,19,2,10.8,HIGH,64.18
12,44.8,2,20,2,1.6,LOW,42.96
13,41.3,3,3,1,11.3,LOW,48.16
15,63.0,1,20,2,12.5,MEDIUM,50.11
4,15.0,1,22,2,20.8,LOW,33.4
9,28.4,1,15,3,10.3,LOW,37.2
14,45.2,3,6,2,16.2,LOW,56.86
11,33.6,4,12,2,8.1,LOW,54.93
13,50.7,1,20,2,7.9,MEDIUM,53.35
20,65.9,2,9,1,9.0,MEDIUM,66.95
8,44.3,4,6,1,4.2,LOW,46.79
7,24.4,2,13,1,2.1,LOW,24.39
3,15.0,3,4,1,4.3,LOW,25.24
8,17.8,1,2,1,7.2,LOW,29.45
9,27.1,2,22,3,9.4,LOW,41.88
15,55.1,2,10,2,4.9,MEDIUM,63.0
25,88.3,3,10,3,3.2,HIGH,90.61
22,68.4,1,17,2,2.3,HIGH,56.75
14,44.8,1,14,2,1.6,LOW,43.43
24,62.3,2,11,3,5.2,MEDIUM,75.54
16,49.7,2,8,2,9.8,MEDIUM,52.9
18,71.6,4,9,3,14.2,MEDIUM,75.12
14,49.0,3,11,1,3.4,MEDIUM,54.09
12,47.5,1,16,1,7.6,LOW,37.61
14,37.5,4,5,1,5.2,LOW,57.48
11,38.0,1,6,2,27.1,LOW,42.87
9,29.9,2,13,2,17.1,LOW,50.0
5,15.0,3,12,1,17.1,LOW,39.24
3,15.0,1,7,1,6.9,LOW,18.09
23,75.0,1,9,3,4.6,HIGH,72.97
13,37.2,2,8,2,8.4,LOW,60.31
13,45.0,3,17,1,1.4,LOW,52.82
13,49.4,2,1,2,17.2,MEDIUM,52.59
3,15.0,2,4,2,2.5,LOW,26.74
7,19.4,3,4,3,14.0,LOW,39.98
14,52.4,3,5,1,2.8,MEDIUM,51.27
16,54.7,3,18,1,5.9,MEDIUM,59.58
10,31.9,2,7,1,11.8,LOW,43.36
12,41.4,1,15,1,4.0,LOW,35.99
9,43.0,1,12,3,3.5,LOW,40.92
4,20.5,3,0,1,17.5,LOW,35.53
18,71.5,3,21,3,0.6,MEDIUM,66.19
13,48.6,5,19,1,14.7,LOW,77.15
9,26.0,1,16,3,21.1,LOW,38.24
9,27.9,1,6,1,6.6,LOW,30.4
5,15.0,1,12,3,9.5,LOW,29.56
14,51.3,1,3,3,15.8,MEDIUM,55.65
10,32.2,2,3,3,4.6,LOW,48.33
9,25.6,5,5,1,16.9,LOW,53.72
17,57.1,2,18,1,3.7,MEDIUM,54.28
19,56.2,2,11,2,2.9,MEDIUM,53.92
16,60.5,3,21,1,32.7,MEDIUM,74.85
6,15.0,1,6,1,0.3,LOW,10.63
21,76.9,3,9,1,3.1,HIGH,68.84
12,43.6,2,18,2,4.9,LOW,50.69
4,17.1,1,6,2,3.0,LOW,27.42
11,30.5,2,2,1,2.7,LOW,36.15
8,27.6,2,12,1,3.7,LOW,35.48
14,44.5,1,12,1,4.1,LOW,39.94
19,54.1,1,17,2,0.6,MEDIUM,56.27
12,49.4,2,19,1,11.9,LOW,56.61
3,15.0,1,7,1,1.5,LOW,17.28
14,44.9,1,8,3,0.3,LOW,47.96
8,35.4,2,6,3,7.1,LOW,46.16
10,39.8,2,0,3,8.8,LOW,43.61
3,30.0,3,2,3,11.4,LOW,35.73
7,18.1,5,12,1,0.7,LOW,38.34
5,15.0,3,16,2,1.5,LOW,30.7
8,38.8,2,23,1,1.6,LOW,34.21
11,32.3,3,0,2,7.2,LOW,48.6
12,36.4,2,5,1,17.6,LOW,45.49
16,53.9,1,20,2,9.8,MEDIUM,54.76
11,47.3,2,5,2,3.0,LOW,44.76
13,41.0,3,11,1,15.3,LOW,63.16
11,51.1,3,12,2,8.9,LOW,39.47
3,15.0,5,12,1,9.3,LOW,32.72
4,21.6,2,14,1,25.2,LOW,38.73
20,66.0,4,20,1,24.0,MEDIUM,82.16
6,15.0,1,15,1,3.9,LOW,24.94
12,44.2,2,21,1,8.1,LOW,44.38
24,72.9,4,20,3,1.8,HIGH,86.58
12,30.9,1,10,1,4.2,LOW,34.74
9,34.8,1,4,1,2.6,LOW,31.16
14,44.2,2,3,1,3.7,LOW,43.39
4,15.0,3,2,2,9.0,LOW,28.17
17,54.2,1,18,2,1.9,MEDIUM,56.4
25,88.4,2,19,2,1.6,HIGH,80.42
15,45.4,1,17,2,3.8,MEDIUM,48.91
9,15.0,2,14,3,0.8,LOW,33.21
17,56.8,5,8,3,13.5,MEDIUM,87.22
11,39.6,1,16,2,25.5,LOW,48.19
11,42.3,1,13,1,12.9,LOW,38.82
5,23.1,2,14,2,6.1,LOW,26.08
5,16.0,2,0,2,9.0,LOW,38.6
20,79.4,1,20,2,13.1,HIGH,68.81
18,60.5,2,21,2,0.6,MEDIUM,68.29
17,56.4,5,21,2,4.3,MEDIUM,74.21
7,22.1,2,2,2,1.2,LOW,29.87
11,38.3,2,15,1,0.8,LOW,35.74
6,23.5,2,22,1,11.4,LOW,32.81
15,59.4,2,10,1,15.6,MEDIUM,60.9
12,37.6,1,11,3,0.7,LOW,48.22
16,49.6,2,9,2,1.6,MEDIUM,55.87
4,15.0,5,15,2,2.0,LOW,43.0
8,24.6,1,7,2,15.6,LOW,36.89
11,30.7,2,5,2,19.6,LOW,41.66
23,85.4,1,11,3,11.6,HIGH,72.47
4,20.6,2,23,2,12.7,LOW,27.01
23,69.4,2,20,2,3.4,HIGH,74.78
3,15.0,2,7,2,4.2,LOW,30.0
13,47.7,2,3,1,2.6,LOW,41.74
10,45.5,1,7,2,25.4,LOW,48.93
25,84.6,3,17,1,10.4,HIGH,82.01
11,42.6,2,4,1,3.3,LOW,42.61
13,42.0,1,8,2,1.2,LOW,57.12
6,23.1,4,3,2,1.7,LOW,47.17
24,87.0,1,21,3,1.8,HIGH,79.73
7,25.9,3,16,1,7.6,LOW,44.83
18,61.4,2,8,1,18.7,MEDIUM,69.3
11,43.2,2,0,1,16.2,LOW,50.43
25,93.2,1,20,1,0.6,HIGH,68.97
21,72.3,2,19,1,9.9,HIGH,72.9
11,43.6,1,12,1,1.5,LOW,30.45
8,23.8,3,15,1,3.0,LOW,42.73
4,15.0,3,12,1,6.3,LOW,26.72
7,33.2,3,13,1,14.7,LOW,42.1
5,15.0,4,2,2,2.2,LOW,36.38
14,46.2,4,5,1,16.6,LOW,61.85
19,65.9,2,17,2,10.6,MEDIUM,70.82
18,54.2,3,18,2,9.0,MEDIUM,62.66
7,30.3,1,4,1,1.1,LOW,25.29
12,40.5,3,14,3,5.1,LOW,57.88
13,48.5,3,1,2,2.6,LOW,51.75
25,94.1,1,9,2,7.1,HIGH,80.01
12,48.2,2,23,1,9.0,LOW,37.63
22,72.7,4,17,2,0.5,HIGH,76.72
14,40.8,1,12,2,8.3,LOW,50.46
4,15.0,2,4,1,5.5,LOW,21.71
13,45.1,2,22,1,14.6,LOW,46.61
7,15.0,2,23,1,12.6,LOW,31.34
14,57.1,1,0,2,4.3,MEDIUM,44.09
23,78.9,1,21,1,29.9,HIGH,66.08
3,15.0,1,0,2,7.1,LOW,24.65
14,36.0,4,17,1,26.5,LOW,71.43
5,17.1,2,14,2,10.2,LOW,35.07
3,15.0,2,16,1,4.2,LOW,23.86
19,59.6,2,10,1,2.1,MEDIUM,58.29
20,69.8,1,20,2,5.0,MEDIUM,64.98
13,43.4,5,21,1,22.0,LOW,70.6
5,15.0,3,16,1,1.1,LOW,31.14
8,31.3,2,12,1,4.9,LOW,38.45
6,35.2,2,0,2,3.4,LOW,37.93
6,31.1,2,1,3,16.2,LOW,40.61
25,88.0,2,8,2,13.0,HIGH,78.2
9,32.3,1,2,1,6.4,LOW,32.28
8,18.2,2,0,1,4.3,LOW,31.06
15,52.5,5,20,2,9.2,MEDIUM,72.42
11,35.6,1,15,2,24.5,LOW,50.0
5,15.0,2,22,1,0.9,LOW,24.97
14,45.3,1,5,1,18.3,LOW,49.43
6,17.0,1,16,1,2.8,LOW,11.94
11,28.1,2,4,2,0.0,LOW,29.0
6,19.8,1,4,1,10.8,LOW,28.51
9,21.7,4,5,2,12.4,LOW,52.48
11,39.8,2,2,1,2.9,LOW,35.56
15,54.3,1,20,1,12.1,MEDIUM,57.72
11,25.0,2,22,1,12.8,LOW,45.17
9,28.1,3,4,1,9.0,LOW,41.31
15,48.2,1,20,1,0.3,MEDIUM,50.03
5,15.6,2,4,1,8.8,LOW,30.86
15,36.3,3,9,1,21.6,LOW,68.51
22,77.1,1,9,1,7.7,HIGH,67.06
16,63.5,4,18,1,3.7,MEDIUM,70.33
3,19.3,1,16,3,6.6,LOW,27.43
19,70.1,1,20,2,39.9,MEDIUM,74.76
5,15.0,2,13,2,5.1,LOW,23.63
23,74.4,1,8,1,14.7,HIGH,67.31
8,30.2,3,13,1,1.2,LOW,40.42
9,33.4,2,0,1,0.5,LOW,31.62
19,71.6,1,18,2,4.0,MEDIUM,55.42
8,25.6,4,12,1,1.2,LOW,31.49
12,33.5,3,12,1,3.2,LOW,44.59
13,47.4,2,3,2,10.1,LOW,53.95
4,15.0,2,0,1,4.7,LOW,21.46
8,35.6,1,16,1,3.1,LOW,28.25
8,31.2,3,7,1,17.8,LOW,42.01
4,15.0,3,1,2,0.1,LOW,28.74
9,31.6,1,7,2,13.5,LOW,35.0
14,54.3,2,6,1,7.8,MEDIUM,45.04
11,40.6,2,1,1,0.4,LOW,43.15
13,45.0,2,21,2,0.3,LOW,52.87
13,45.7,3,21,1,1.5,LOW,49.24
13,42.4,1,2,2,30.3,LOW,50.02
19,67.1,1,17,2,0.7,MEDIUM,58.12
17,57.9,1,11,1,10.7,MEDIUM,56.45
3,15.0,2,0,1,4.1,LOW,23.58
25,87.6,1,21,2,2.2,HIGH,71.8
25,88.3,4,11,1,6.8,HIGH,87.54
11,43.4,3,4,1,3.7,LOW,46.61
3,15.0,1,16,2,3.0,LOW,17.77
6,22.0,3,15,1,2.2,LOW,38.01
8,24.9,3,14,1,4.9,LOW,41.52
12,44.2,1,22,1,1.5,LOW,34.96
3,15.0,1,14,2,15.3,LOW,30.06
5,24.8,1,4,1,7.2,LOW,25.78
14,41.2,1,20,3,0.5,LOW,50.74
10,31.0,3,13,2,4.9,LOW,50.51
10,50.3,2,1,1,7.9,LOW,45.71
22,75.4,4,10,1,15.8,HIGH,89.24
12,47.3,3,18,1,0.2,LOW,47.5
3,15.0,1,6,2,4.9,LOW,20.38
10,41.6,3,5,2,9.8,LOW,46.27
7,28.6,1,1,2,1.7,LOW,22.36
13,39.4,1,5,1,2.0,LOW,29.76
24,70.9,2,17,2,5.4,HIGH,77.68
3,15.0,2,1,1,17.3,LOW,29.43
21,68.4,2,17,2,4.1,MEDIUM,63.49
6,23.8,3,14,2,5.3,LOW,37.39
16,60.4,4,18,1,8.1,MEDIUM,67.59
13,43.9,2,1,1,3.0,LOW,38.87
14,48.6,2,19,2,16.1,MEDIUM,63.09
6,15.0,2,5,2,26.1,LOW,38.68
10,32.3,3,0,1,8.4,LOW,47.52
9,30.0,1,23,1,8.1,LOW,29.07
7,26.5,4,14,2,9.0,LOW,37.12
9,28.6,3,22,1,1.7,LOW,38.83
22,71.8,2,9,1,10.5,HIGH,72.8
18,72.5,4,18,1,3.4,MEDIUM,72.5
5,15.0,4,16,1,40.1,LOW,53.14
4,21.8,1,4,2,11.2,LOW,24.45
6,24.1,1,3,3,7.0,LOW,29.89
13,43.4,3,9,2,19.5,LOW,64.59
6,33.6,5,23,1,28.1,LOW,60.96
6,20.0,3,16,2,13.6,LOW,39.62
19,59.5,2,9,1,11.3,MEDIUM,61.74
9,31.9,3,16,1,0.5,LOW,36.6
22,80.1,1,19,3,9.8,HIGH,72.98
5,20.3,5,23,1,3.3,LOW,36.75
14,44.4,2,4,3,21.3,LOW,54.59
12,44.8,4,1,1,7.6,LOW,54.02
3,15.0,2,5,2,3.7,LOW,32.1
24,89.8,4,20,1,3.3,HIGH,88.66
7,28.6,2,1,1,6.5,LOW,32.09
11,24.4,3,12,1,5.4,LOW,38.28
16,50.0,5,10,2,4.0,MEDIUM,67.79
22,82.3,2,10,2,1.9,HIGH,77.13
5,15.6,3,15,2,12.7,LOW,40.74
18,61.0,1,10,2,4.5,MEDIUM,60.59
20,76.4,2,18,2,0.8,HIGH,67.25
10,30.4,4,14,1,0.7,LOW,41.95
13,31.3,1,22,1,2.2,LOW,29.68
5,25.3,3,22,2,6.4,LOW,37.58
10,31.4,3,15,2,1.3,LOW,37.62
15,50.8,1,10,2,1.9,MEDIUM,52.03
17,56.6,1,21,1,5.6,MEDIUM,53.54
14,44.7,2,15,1,2.0,LOW,44.09
14,42.4,1,7,3,15.6,LOW,49.94
6,19.3,4,3,2,7.1,LOW,42.9
10,28.3,3,7,1,0.7,LOW,44.42
12,49.0,2,3,2,1.2,LOW,44.67
6,27.7,1,23,3,1.7,LOW,28.56
13,47.5,3,2,1,8.0,LOW,51.52
11,40.5,2,2,2,0.9,LOW,39.83
22,64.6,1,17,3,0.4,MEDIUM,61.12
19,71.4,2,18,3,10.4,MEDIUM,74.86
17,55.1,4,18,3,5.2,MEDIUM,66.66
17,65.9,1,20,2,15.1,MEDIUM,61.29
11,47.6,2,4,1,12.6,LOW,42.66
19,63.1,5,17,1,2.6,MEDIUM,71.48
25,71.5,1,9,1,1.7,HIGH,71.22
21,72.8,4,21,1,5.8,HIGH,77.77
19,57.7,2,20,1,0.7,MEDIUM,61.41
11,33.8,1,5,1,8.0,LOW,37.09
9,29.3,1,0,1,0.1,LOW,27.42
8,32.9,1,4,1,13.0,LOW,39.03
15,53.7,1,8,2,17.7,MEDIUM,60.09
15,60.2,1,11,1,44.6,MEDIUM,70.49
3,15.0,2,13,2,3.4,LOW,28.95
8,34.0,1,1,2,6.6,LOW,32.84
8,31.8,3,16,1,15.9,LOW,43.83
14,51.6,3,13,3,5.0,MEDIUM,61.28
9,37.3,4,12,2,3.2,LOW,47.41
24,86.6,2,8,1,0.4,HIGH,71.11
14,37.9,4,14,1,4.0,LOW,49.79
13,40.7,1,21,1,0.7,LOW,38.8
4,19.4,1,14,1,3.6,LOW,20.18
6,23.3,1,23,1,3.4,LOW,31.29
12,47.0,3,10,2,8.3,LOW,55.68
4,15.0,4,15,3,3.6,LOW,40.53
4,15.0,2,16,2,3.9,LOW,28.54
5,15.0,2,3,1,2.7,LOW,22.32
12,30.9,3,0,1,7.5,LOW,48.3
14,50.8,1,7,1,3.9,MEDIUM,36.63
6,15.0,2,16,1,23.7,LOW,31.99
9,30.6,2,2,1,17.8,LOW,40.3
19,63.9,1,19,2,2.2,MEDIUM,54.72
13,50.9,1,14,1,4.1,MEDIUM,34.11
9,44.4,3,14,2,8.1,LOW,40.44
6,18.1,2,23,1,0.1,LOW,24.3
24,84.7,2,21,3,2.1,HIGH,87.78
10,34.0,2,13,2,2.7,LOW,43.45
5,15.0,5,22,2,4.1,LOW,36.84
13,51.3,2,13,1,17.6,MEDIUM,46.33
10,36.4,1,23,3,0.8,LOW,34.66
4,17.1,2,1,2,0.5,LOW,26.42
5,22.4,2,12,2,8.7,LOW,32.54
6,25.8,1,13,2,3.6,LOW,25.84
5,16.0,2,23,2,1.6,LOW,25.72
14,53.9,2,18,1,9.7,MEDIUM,49.45
11,36.4,2,6,2,2.2,LOW,37.47
12,33.6,2,2,2,6.7,LOW,41.02
10,37.0,3,14,1,4.2,LOW,34.76
6,28.5,4,22,1,3.6,LOW,36.43
4,15.0,4,13,1,10.2,LOW,42.54
20,58.5,3,10,2,7.6,MEDIUM,71.22
3,15.0,2,14,1,5.8,LOW,24.78
13,37.9,3,12,1,1.1,LOW,52.63
17,54.4,3,17,1,7.0,MEDIUM,70.1
7,24.4,3,5,2,9.4,LOW,36.26
4,15.0,1,2,1,13.5,LOW,24.44
21,68.7,1,18,2,2.8,MEDIUM,67.03
6,18.1,5,14,1,2.5,LOW,39.46
5,28.1,5,22,2,11.1,LOW,51.85
10,33.1,2,4,3,5.0,LOW,42.44
17,70.6,5,9,1,4.2,MEDIUM,78.87
14,55.0,3,6,1,1.4,MEDIUM,52.34
4,16.3,2,16,2,4.6,LOW,31.27
11,39.5,2,6,1,10.4,LOW,39.1
15,53.0,2,21,1,4.8,MEDIUM,55.75
23,79.0,2,11,2,16.5,HIGH,86.8
3,15.0,5,16,3,0.0,LOW,44.22
10,36.1,2,12,2,1.6,LOW,42.21
17,58.4,3,19,1,7.6,MEDIUM,60.93
8,28.5,3,3,1,8.9,LOW,32.33
20,78.5,1,9,1,2.6,HIGH,61.05
8,26.0,1,2,2,22.8,LOW,42.82
13,37.8,3,8,2,3.2,LOW,54.33
3,15.0,1,12,3,4.2,LOW,21.79
16,59.4,3,17,1,30.0,MEDIUM,70.8
8,28.9,1,14,2,5.2,LOW,28.8
10,34.3,2,3,1,7.6,LOW,37.55
7,15.6,1,14,1,6.2,LOW,28.57
15,58.2,1,21,2,1.6,MEDIUM,57.6
5,15.0,1,1,1,38.1,LOW,32.83
8,29.4,5,14,2,0.5,LOW,44.67
3,15.0,2,7,2,32.8,LOW,35.95
5,15.0,4,7,3,5.0,LOW,41.93
6,22.6,5,16,2,1.7,LOW,47.72
24,74.4,4,11,2,1.5,HIGH,80.3
24,83.6,2,18,2,8.5,HIGH,89.02
17,54.7,3,9,1,9.9,MEDIUM,64.11
15,49.8,1,8,1,18.3,MEDIUM,55.27
9,34.9,1,4,2,2.2,LOW,34.22
7,16.2,4,5,2,4.5,LOW,37.82
19,83.2,1,19,2,28.4,HIGH,79.8
3,15.0,5,1,1,4.5,LOW,45.43
5,21.2,3,23,1,4.9,LOW,29.1
5,22.4,2,12,1,2.7,LOW,29.87
12,50.0,1,5,2,16.4,LOW,45.12
12,36.8,3,4,2,3.6,LOW,46.36
5,15.0,2,0,2,8.1,LOW,29.71
13,50.8,3,20,1,1.6,MEDIUM,55.12
24,84.9,2,21,1,7.7,HIGH,77.57
18,64.6,1,20,2,21.7,MEDIUM,69.87
8,35.6,2,5,2,12.0,LOW,39.71
7,24.4,2,5,1,0.6,LOW,28.81
14,48.7,1,22,2,8.0,MEDIUM,50.97
3,18.2,1,15,1,6.5,LOW,15.78
4,15.0,2,3,2,3.3,LOW,28.3
25,78.9,3,10,2,14.8,HIGH,82.89
3,15.0,2,23,2,12.6,LOW,32.16
14,46.0,1,22,2,8.4,LOW,44.38
25,87.1,2,8,1,10.9,HIGH,77.88
5,22.8,2,22,2,1.7,LOW,23.23
14,62.0,2,2,2,20.2,MEDIUM,59.53
12,39.3,2,18,2,8.8,LOW,51.82
8,18.8,2,7,2,5.0,LOW,36.19
7,15.0,1,4,1,1.7,LOW,18.17
5,15.7,2,3,3,9.2,LOW,39.22
4,15.0,2,23,2,0.8,LOW,23.02
4,17.3,2,5,1,3.1,LOW,20.4
14,62.3,4,1,2,6.8,MEDIUM,66.45
13,47.9,2,19,1,8.3,LOW,50.43
22,75.3,3,10,1,0.1,HIGH,79.23
6,26.4,3,3,1,0.1,LOW,27.16
6,15.0,1,14,2,0.9,LOW,22.5
14,49.1,4,5,3,11.7,MEDIUM,71.09
24,71.8,1,21,2,6.7,HIGH,70.77
10,42.4,4,16,2,7.5,LOW,50.05
6,15.0,1,23,1,7.4,LOW,23.6
10,40.0,2,5,1,0.3,LOW,36.32
15,55.9,2,18,1,1.5,MEDIUM,58.27
5,25.8,4,1,2,10.4,LOW,50.98
13,38.7,1,14,3,8.3,LOW,43.84
21,71.1,3,10,1,4.7,HIGH,71.61
4,19.5,3,7,2,0.2,LOW,29.72
15,53.1,1,18,3,4.3,MEDIUM,55.96
8,30.1,2,12,1,2.3,LOW,34.6
17,62.2,2,11,2,9.6,MEDIUM,65.93
9,28.6,2,4,2,13.9,LOW,36.25
14,41.8,3,5,2,5.6,LOW,48.94
22,70.1,4,21,1,4.1,HIGH,83.96
9,30.1,3,3,2,2.6,LOW,36.87
15,46.5,5,18,2,0.8,MEDIUM,68.04
13,42.5,1,19,1,3.7,LOW,51.43
5,16.9,1,0,2,9.1,LOW,26.31
14,56.7,4,19,1,8.8,MEDIUM,66.79
14,41.0,4,16,3,4.3,LOW,58.73
22,70.2,1,11,2,27.0,HIGH,77.96
7,23.5,2,14,2,22.5,LOW,45.3
5,15.0,3,0,1,16.7,LOW,38.08
11,19.1,1,13,1,4.6,LOW,29.35
4,15.0,1,5,1,11.0,LOW,20.66
4,15.0,3,4,1,21.2,LOW,36.91
19,65.7,5,10,1,10.7,MEDIUM,83.25
11,31.6,3,3,2,3.0,LOW,36.91
13,54.2,3,12,1,0.6,MEDIUM,51.17
14,52.3,2,10,2,25.4,MEDIUM,68.7
5,15.0,3,2,1,39.1,LOW,45.6
7,20.1,1,0,2,9.5,LOW,26.93
11,33.3,5,5,2,3.0,LOW,52.65
22,68.4,2,17,2,16.0,HIGH,68.27
8,34.1,2,23,3,24.5,LOW,48.95
18,54.8,4,9,1,5.6,MEDIUM,71.39
13,44.8,1,4,1,3.0,LOW,41.34
3,15.0,5,22,1,4.2,LOW,48.35
25,83.8,2,9,1,0.6,HIGH,74.52
19,70.8,2,11,2,6.7,MEDIUM,72.38
11,39.3,1,1,1,3.8,LOW,27.85
10,36.2,4,12,2,17.3,LOW,54.77
4,15.5,4,7,1,2.6,LOW,38.03
7,26.7,1,1,3,0.1,LOW,30.25
23,71.9,1,19,3,10.7,HIGH,78.08
8,23.1,4,0,1,0.1,LOW,44.72
6,22.6,1,4,1,6.3,LOW,31.33
14,43.3,2,8,2,1.6,LOW,55.53
7,21.7,2,16,3,7.5,LOW,36.52
15,52.6,4,8,1,1.8,MEDIUM,67.28
14,54.2,2,10,1,5.6,MEDIUM,50.0
4,18.7,2,14,3,3.3,LOW,38.69
13,53.8,5,23,2,1.6,MEDIUM,61.06
13,45.1,1,5,1,7.5,LOW,40.08
4,15.0,1,22,2,0.7,LOW,21.42
5,15.0,1,2,3,22.7,LOW,37.08
12,44.1,5,16,2,12.0,LOW,69.05
6,27.9,3,4,2,19.8,LOW,41.81
12,37.4,1,11,2,0.3,LOW,37.84
16,57.1,3,17,1,0.0,MEDIUM,56.77
11,44.1,2,13,2,3.5,LOW,43.99
23,73.2,5,20,1,7.7,HIGH,90.4
4,16.9,1,23,3,2.2,LOW,26.57
23,81.8,3,10,1,6.4,HIGH,80.0
20,54.6,2,8,3,7.5,MEDIUM,70.45
8,24.0,1,1,1,1.3,LOW,29.86
16,47.7,4,11,2,11.7,MEDIUM,74.76
6,17.3,1,2,1,22.0,LOW,24.74
6,17.9,3,2,2,8.2,LOW,39.37
10,33.8,3,0,2,23.6,LOW,56.18
14,53.0,2,7,2,2.3,MEDIUM,46.12
18,68.5,1,21,2,0.3,MEDIUM,61.32
7,24.8,5,7,1,2.3,LOW,45.23
24,89.4,1,10,3,8.4,HIGH,80.79
17,62.8,2,8,2,7.3,MEDIUM,58.58
13,43.7,3,4,2,2.5,LOW,46.5
13,53.0,4,13,2,4.2,MEDIUM,62.82
5,17.4,2,2,2,3.7,LOW,31.98
13,45.7,1,20,1,24.0,LOW,45.34
3,15.0,3,4,2,3.0,LOW,29.5
7,26.0,1,4,2,1.7,LOW,17.81
18,63.7,1,18,3,6.7,MEDIUM,70.72
4,18.8,4,13,2,1.1,LOW,34.71
4,15.0,2,3,1,5.7,LOW,23.68
11,33.0,1,12,1,9.3,LOW,32.49
23,80.7,2,9,1,23.0,HIGH,79.32
16,58.8,1,17,1,17.8,MEDIUM,55.81
3,15.0,1,7,2,14.7,LOW,29.85
11,32.4,1,7,3,4.0,LOW,37.81
3,15.0,3,6,1,18.0,LOW,31.89
6,29.9,3,7,1,10.1,LOW,39.95
9,24.8,2,13,3,4.7,LOW,31.62
12,34.8,1,18,2,6.6,LOW,42.34
10,45.2,3,5,2,4.6,LOW,46.8
10,33.1,2,0,2,1.8,LOW,34.03
14,40.3,2,22,2,4.8,LOW,49.49
5,15.0,4,14,1,13.2,LOW,39.83
6,23.8,2,0,1,2.5,LOW,30.55
13,46.2,2,16,1,8.2,LOW,48.09
9,34.1,5,0,1,6.4,LOW,57.98
7,18.6,2,14,3,20.2,LOW,38.25
7,16.7,2,22,2,11.0,LOW,38.6
4,16.8,2,1,1,3.6,LOW,22.2
8,20.9,1,13,1,6.6,LOW,27.61
20,67.0,3,20,1,19.4,MEDIUM,78.7
7,18.5,3,7,2,2.1,LOW,40.67
13,54.1,1,7,2,5.1,MEDIUM,44.18
17,63.3,1,18,1,2.0,MEDIUM,57.26
4,29.4,5,6,1,4.3,LOW,48.82
15,54.8,2,18,2,0.5,MEDIUM,54.57
13,46.1,1,5,2,16.7,LOW,46.18
3,15.0,1,5,1,30.6,LOW,26.15
4,15.0,2,2,2,6.7,LOW,26.0
9,19.9,1,6,2,6.5,LOW,32.09
14,51.9,1,18,1,25.0,MEDIUM,56.39
4,15.0,3,7,1,4.0,LOW,28.56
23,78.2,3,9,1,7.8,HIGH,79.72
12,31.0,2,19,3,14.5,LOW,54.69
3,15.0,1,14,3,5.6,LOW,18.14
3,15.0,2,14,3,2.0,LOW,23.86
8,32.7,1,0,2,13.4,LOW,37.21
24,82.4,2,19,2,2.5,HIGH,77.24
14,39.3,1,6,2,14.9,LOW,43.09
9,27.5,1,3,3,23.1,LOW,40.56
4,20.3,2,5,1,6.3,LOW,23.53
8,24.5,5,0,2,0.4,LOW,47.49
6,25.8,1,4,2,24.9,LOW,39.93
11,34.1,2,22,2,14.2,LOW,52.21
13,46.2,2,0,1,1.0,LOW,43.64
10,34.4,2,3,2,7.9,LOW,47.68
12,40.2,3,21,2,3.0,LOW,53.36
4,15.0,2,1,1,3.2,LOW,25.17
12,31.1,3,9,2,6.9,LOW,53.64
7,25.3,1,4,1,10.0,LOW,30.96
24,81.8,4,9,3,0.1,HIGH,91.45
5,15.0,1,0,2,1.3,LOW,19.7
24,76.4,1,21,2,18.6,HIGH,81.17
7,31.8,1,5,1,5.5,LOW,25.53
6,26.3,1,12,1,5.4,LOW,20.46
7,28.3,2,14,2,14.7,LOW,43.32
10,43.7,2,3,1,1.1,LOW,39.15
12,34.2,3,12,2,10.0,LOW,51.28
9,32.3,1,23,1,5.6,LOW,31.95
22,66.5,2,19,2,10.8,MEDIUM,72.09
4,15.0,2,23,2,9.1,LOW,31.63
12,38.9,2,14,1,8.8,LOW,38.08
7,19.7,1,7,2,15.5,LOW,39.99
12,40.6,1,4,2,6.4,LOW,36.51
11,50.3,2,14,2,4.2,LOW,40.41
11,39.0,3,3,1,1.8,LOW,46.32
23,84.1,3,11,2,3.4,HIGH,76.8
5,17.6,1,12,1,16.3,LOW,30.06
11,27.4,1,1,1,3.3,LOW,34.35
22,71.0,1,18,1,33.8,HIGH,72.23
15,47.8,2,18,2,7.5,MEDIUM,57.24
8,26.9,2,3,1,13.5,LOW,42.96
9,34.2,1,3,3,5.4,LOW,34.67
19,69.8,2,10,1,8.5,MEDIUM,62.97
12,42.9,2,4,1,36.5,LOW,55.99
17,64.2,2,19,1,5.5,MEDIUM,62.54
18,57.3,1,10,1,2.4,MEDIUM,51.9
23,81.6,2,9,2,8.4,HIGH,74.05
3,15.0,2,7,1,20.2,LOW,32.73
6,25.8,4,5,1,0.1,LOW,45.77
10,29.6,3,5,1,39.2,LOW,57.04
10,45.0,1,7,1,6.3,LOW,32.84
14,42.9,1,22,1,12.9,LOW,42.52
8,24.4,2,14,2,1.0,LOW,27.35
5,21.5,2,13,2,2.8,LOW,29.07
24,72.2,4,10,2,30.2,HIGH,98.84
16,48.8,2,11,2,2.7,MEDIUM,54.64
9,31.1,4,12,2,4.3,LOW,41.78
13,33.3,2,7,3,2.6,LOW,49.79
24,76.8,4,17,1,5.1,HIGH,77.54
5,17.5,3,0,1,1.4,LOW,29.27
13,39.3,3,14,1,5.7,LOW,54.67
8,37.9,2,7,1,2.8,LOW,35.89
24,86.0,3,10,1,13.5,HIGH,76.43
19,67.3,1,11,2,4.0,MEDIUM,56.18
13,45.0,4,11,1,12.6,LOW,60.76
4,18.2,2,3,3,8.2,LOW,27.7
7,24.1,2,15,1,19.7,LOW,31.93
8,21.3,5,3,1,13.3,LOW,46.89
6,22.5,4,4,3,18.5,LOW,53.67
11,33.1,3,23,2,6.0,LOW,50.63
5,19.6,1,4,1,19.6,LOW,21.74
4,15.4,5,7,2,1.3,LOW,49.86
25,81.2,3,9,2,0.7,HIGH,85.25
7,36.2,2,16,1,6.0,LOW,41.11
20,75.6,4,8,1,14.0,HIGH,77.07
19,64.3,1,21,2,1.9,MEDIUM,54.37
25,88.0,1,18,2,27.7,HIGH,88.32
6,22.4,2,13,1,1.6,LOW,29.44
3,15.0,1,7,2,9.9,LOW,24.37
23,81.6,3,8,1,19.7,HIGH,83.28
19,63.4,1,21,3,26.9,MEDIUM,72.29
21,63.0,1,10,1,8.7,MEDIUM,65.67
7,20.7,2,22,3,6.8,LOW,33.98
3,15.0,2,0,2,0.8,LOW,17.95
12,29.2,1,13,1,0.2,LOW,33.2
9,38.6,1,4,1,34.0,LOW,50.31
24,78.4,2,20,2,2.6,HIGH,69.24
3,15.0,3,13,3,0.6,LOW,31.8
14,61.1,4,3,1,6.2,MEDIUM,51.48
12,35.0,1,21,1,3.0,LOW,45.06
10,33.4,2,22,2,3.5,LOW,35.84
9,21.1,1,0,2,3.5,LOW,30.12
21,67.6,2,21,1,2.3,MEDIUM,65.79
6,17.3,4,22,2,27.5,LOW,51.65
24,88.3,2,18,2,2.5,HIGH,79.46
9,25.6,2,7,1,6.5,LOW,41.03
4,18.7,1,14,1,2.2,LOW,17.6
25,99.0,5,20,1,11.5,HIGH,97.11
14,58.1,2,14,2,2.1,MEDIUM,45.53
24,64.5,2,8,2,7.6,HIGH,67.26
12,43.8,2,20,2,14.4,LOW,53.18
21,80.8,1,8,1,2.5,HIGH,65.08
24,76.6,3,9,1,13.0,HIGH,80.96
16,53.9,1,19,2,0.8,MEDIUM,57.44
14,45.7,3,20,1,1.0,LOW,55.1
24,87.3,2,8,2,4.1,HIGH,83.57
6,17.5,1,2,2,4.2,LOW,25.77
22,86.3,1,19,1,5.8,HIGH,65.29
23,85.6,3,10,1,0.2,HIGH,71.45
8,17.8,2,5,1,1.0,LOW,19.82
3,15.0,1,1,1,0.1,LOW,12.99
10,35.3,1,6,2,24.7,LOW,46.94
16,53.1,3,17,1,3.0,MEDIUM,58.89
14,47.1,4,1,1,9.3,MEDIUM,54.6
11,34.0,3,16,2,7.5,LOW,47.56
17,51.4,2,10,1,10.3,MEDIUM,59.47
18,61.4,2,11,2,17.2,MEDIUM,67.41
12,43.6,1,18,1,2.1,LOW,44.12
14,53.8,1,21,1,4.4,MEDIUM,47.29
3,17.4,3,23,1,3.2,LOW,34.16
11,37.6,3,6,1,0.7,LOW,40.91
21,73.5,3,19,2,0.3,HIGH,71.14
8,17.1,2,5,2,11.6,LOW,35.36
16,58.7,4,20,1,1.1,MEDIUM,69.45
3,18.2,4,23,1,0.1,LOW,34.08
7,27.7,2,0,1,4.6,LOW,29.36
6,20.1,1,16,1,3.1,LOW,18.47
13,38.5,2,10,1,0.5,LOW,41.42
22,69.1,1,21,2,0.4,HIGH,59.4
12,39.6,4,17,2,19.5,LOW,73.52
19,67.4,2,20,1,22.5,MEDIUM,68.57
5,15.0,2,16,2,5.3,LOW,25.73
4,15.0,2,6,3,15.1,LOW,37.56
10,39.6,2,16,1,12.9,LOW,42.23
21,81.8,1,19,2,6.9,HIGH,72.48
16,53.4,5,8,2,11.1,MEDIUM,82.71
11,41.3,1,16,1,21.3,LOW,47.12
21,70.7,3,19,3,6.7,HIGH,77.03
20,68.7,3,21,1,5.7,MEDIUM,60.8
13,37.6,1,21,1,0.0,LOW,34.68
3,15.0,4,7,2,6.2,LOW,37.13
12,36.3,2,16,1,13.6,LOW,49.11
7,25.3,2,6,1,11.5,LOW,30.34
7,28.3,2,0,1,8.3,LOW,34.97
10,37.8,2,12,2,0.2,LOW,37.26
8,22.4,1,22,2,20.8,LOW,43.19
24,83.2,3,18,2,4.5,HIGH,80.08
7,20.3,2,23,3,6.8,LOW,39.72
12,45.2,1,18,1,4.1,LOW,42.64
3,15.2,3,16,1,3.4,LOW,28.82
7,28.5,3,12,2,5.7,LOW,38.17
5,26.0,2,15,2,5.5,LOW,32.8
7,27.0,1,7,1,3.5,LOW,17.53
21,80.7,2,18,1,13.0,HIGH,68.04
23,82.7,1,17,2,0.4,HIGH,64.62
13,40.2,2,0,3,1.0,LOW,49.42
11,39.0,4,13,2,0.7,LOW,49.86
19,71.2,1,18,1,6.7,MEDIUM,51.26
12,47.9,1,14,3,4.3,LOW,43.54
14,45.3,3,17,3,4.8,LOW,56.36
3,15.0,1,1,2,6.9,LOW,25.01
20,72.0,1,21,2,3.1,MEDIUM,65.08
6,16.1,2,16,2,1.6,LOW,23.12
22,74.0,3,17,3,2.9,HIGH,81.09
7,24.9,3,5,2,40.9,LOW,61.71
18,60.7,3,18,2,24.4,MEDIUM,72.23
12,46.1,2,3,2,25.1,LOW,55.21
5,21.9,4,0,1,0.2,LOW,36.72
11,38.8,1,7,2,0.7,LOW,33.12
3,15.0,2,22,2,0.4,LOW,25.06
4,22.4,2,6,3,13.5,LOW,33.36
11,33.2,1,2,1,38.0,LOW,42.86
12,37.9,2,9,2,6.3,LOW,52.87
19,60.0,2,9,1,9.7,MEDIUM,62.13
15,42.3,2,18,2,3.5,LOW,49.61
12,47.0,2,13,2,11.6,LOW,50.72
14,58.7,3,1,1,8.5,MEDIUM,56.36
6,15.0,3,0,2,12.9,LOW,45.14
11,26.6,1,22,1,5.5,LOW,34.24
14,48.6,2,22,1,1.7,MEDIUM,43.28
18,63.4,1,17,2,5.2,MEDIUM,61.84
4,15.0,1,6,1,3.0,LOW,14.41
5,15.0,3,7,1,9.5,LOW,39.07
10,42.0,1,0,1,1.2,LOW,29.93
3,15.0,1,22,1,3.2,LOW,10.39
4,21.6,1,2,2,0.1,LOW,18.99
7,17.6,3,23,1,13.5,LOW,36.39
9,30.6,1,22,3,4.2,LOW,38.96
12,40.5,3,7,1,12.0,LOW,45.97
20,74.5,1,21,1,0.8,HIGH,57.82
5,15.0,3,14,1,1.7,LOW,29.87
13,41.2,4,4,2,15.2,LOW,61.14
6,23.5,2,2,2,7.2,LOW,39.45
22,79.5,3,18,3,0.0,HIGH,81.92
3,15.0,3,0,2,18.8,LOW,34.04
14,49.0,3,14,1,32.8,MEDIUM,66.85
3,15.9,3,7,2,8.7,LOW,31.55
3,15.0,1,1,3,10.4,LOW,32.96
6,17.8,2,2,1,1.1,LOW,25.31
11,39.2,5,23,1,11.6,LOW,61.63
10,37.9,2,13,2,0.8,LOW,43.57
6,20.9,5,23,1,17.6,LOW,48.77
10,37.2,2,13,3,5.6,LOW,43.47
23,84.0,2,10,1,1.2,HIGH,69.85
8,29.7,3,15,1,0.7,LOW,39.38
12,46.0,3,3,3,4.6,LOW,63.5
13,43.2,2,19,2,0.0,LOW,52.69
4,15.0,1,4,1,26.0,LOW,30.19
21,79.9,3,21,3,1.5,HIGH,75.55
20,54.6,5,20,1,4.4,MEDIUM,82.09
9,33.1,2,13,1,7.5,LOW,37.62
10,32.2,1,22,3,9.0,LOW,48.48
13,48.3,1,15,2,6.7,LOW,50.21
23,71.1,4,17,1,1.6,HIGH,79.8
6,22.6,1,6,1,5.1,LOW,25.28
25,88.6,2,9,2,3.1,HIGH,79.09
10,36.4,1,6,1,0.7,LOW,26.89
13,39.0,1,0,2,3.9,LOW,43.15
7,20.2,2,22,2,7.5,LOW,33.13
23,82.4,1,20,1,0.9,HIGH,74.4
21,70.8,3,18,2,1.4,HIGH,74.13
14,35.6,2,15,3,0.7,LOW,42.3
17,55.0,2,18,1,0.0,MEDIUM,57.74
3,17.3,2,3,1,22.0,LOW,34.65
24,80.7,4,17,1,14.6,HIGH,90.91
13,36.3,3,1,2,2.1,LOW,50.24
9,28.5,1,0,3,6.9,LOW,35.52
3,15.0,1,14,1,12.9,LOW,22.55
9,26.1,2,4,1,3.7,LOW,34.36
13,52.3,4,19,1,10.7,MEDIUM,60.24
21,69.6,2,10,2,16.2,MEDIUM,83.03
17,56.5,1,9,1,5.5,MEDIUM,54.81
10,33.1,3,1,2,17.5,LOW,50.96
11,26.6,2,2,1,1.9,LOW,42.6
14,49.9,2,22,2,18.5,MEDIUM,50.06
11,33.9,1,22,2,13.1,LOW,49.07
22,60.2,1,11,2,14.7,MEDIUM,65.43
16,45.4,1,19,1,0.0,MEDIUM,52.98
12,40.5,1,4,2,8.7,LOW,37.15
9,38.0,5,4,1,4.1,LOW,48.47
8,31.5,1,5,1,7.4,LOW,32.26
13,47.5,2,8,2,0.7,LOW,52.48
4,15.0,2,1,2,2.2,LOW,22.37
22,77.1,2,20,1,3.5,HIGH,66.27
20,68.6,4,11,1,10.1,MEDIUM,76.65
4,15.0,3,2,2,6.4,LOW,37.58
21,67.2,5,19,2,0.1,MEDIUM,84.04
24,81.7,1,21,1,3.3,HIGH,70.5
16,49.8,1,11,2,22.5,MEDIUM,58.95
8,17.1,1,23,1,1.6,LOW,25.98
4,17.2,1,16,2,2.2,LOW,15.84
17,60.4,2,9,3,2.9,MEDIUM,60.62
10,23.8,4,23,1,2.5,LOW,48.31
7,16.4,1,13,2,1.0,LOW,26.26
3,15.0,4,22,1,3.0,LOW,39.87
10,27.1,2,16,2,6.2,LOW,41.84
19,64.8,2,17,2,9.0,MEDIUM,62.82
23,83.3,1,18,3,8.2,HIGH,78.21
9,27.8,1,16,1,1.4,LOW,22.51
10,38.0,4,13,1,7.6,LOW,52.64
21,68.4,1,8,1,3.5,MEDIUM,60.09
3,15.0,3,7,3,13.8,LOW,35.07
8,29.7,2,1,2,3.6,LOW,35.84
8,31.2,4,12,2,30.0,LOW,53.62
10,26.5,3,6,1,7.6,LOW,40.88
14,39.7,1,8,3,4.5,LOW,42.36
16,45.3,2,21,2,5.6,MEDIUM,62.04
22,84.9,1,21,2,1.5,HIGH,69.25
21,68.8,2,10,1,9.1,MEDIUM,68.29
7,19.6,1,13,1,26.4,LOW,36.34
4,15.4,2,3,2,5.8,LOW,23.27
7,15.0,1,12,2,39.0,LOW,40.81
4,15.0,5,1,1,1.3,LOW,40.9
11,37.4,2,22,2,8.1,LOW,40.44
7,18.0,4,4,1,9.1,LOW,46.53
24,74.7,1,10,2,3.0,HIGH,68.49
11,35.1,2,5,2,3.5,LOW,34.05
19,61.7,2,17,1,23.3,MEDIUM,71.77
21,68.3,2,20,2,7.6,MEDIUM,69.69
18,52.2,4,9,1,12.2,MEDIUM,80.64
3,15.0,5,3,1,10.4,LOW,40.02
13,51.8,1,8,2,7.6,MEDIUM,53.84
11,29.5,4,5,1,0.4,LOW,44.64
12,39.6,3,1,1,8.7,LOW,42.01
12,39.8,5,16,1,3.4,LOW,57.68
11,34.5,2,4,1,5.1,LOW,40.32
8,26.2,5,5,1,15.3,LOW,56.77
22,72.7,4,11,1,27.7,HIGH,83.11
12,38.3,1,22,2,9.5,LOW,42.88
12,47.1,2,20,1,2.1,LOW,49.62
21,65.7,1,9,2,3.1,MEDIUM,64.49
21,67.6,2,21,1,1.2,MEDIUM,54.98
14,53.1,3,20,1,7.0,MEDIUM,63.61
6,16.9,3,5,1,21.3,LOW,36.08
6,17.7,3,7,3,13.3,LOW,46.2
12,37.2,2,1,2,6.3,LOW,51.3
25,91.3,1,11,2,22.7,HIGH,86.57
8,32.5,1,12,1,18.2,LOW,35.97
12,33.7,3,20,2,3.6,LOW,52.92
13,52.7,1,6,1,6.4,MEDIUM,41.93
17,44.8,1,9,1,2.8,MEDIUM,45.67
14,37.5,2,12,2,0.1,LOW,46.32
12,31.3,1,16,1,4.8,LOW,33.78
24,75.0,1,20,3,11.1,HIGH,71.27
8,24.6,1,13,1,8.0,LOW,24.75
3,15.0,5,1,3,20.9,LOW,51.31
14,40.3,1,21,2,9.3,LOW,44.88
23,81.0,4,10,2,1.2,HIGH,84.3
5,15.0,1,0,1,2.5,LOW,24.66
22,79.2,4,18,1,1.1,HIGH,80.18
15,56.2,2,20,3,12.7,MEDIUM,63.87
14,48.2,3,3,1,24.1,MEDIUM,57.04
21,75.2,4,18,2,2.1,HIGH,82.0
12,39.3,2,20,3,11.6,LOW,50.14
19,56.7,4,10,1,4.6,MEDIUM,71.28
9,21.7,2,7,2,3.5,LOW,35.93
23,66.2,3,10,2,34.7,HIGH,88.19
11,41.6,2,3,1,3.4,LOW,40.93
5,17.5,4,16,1,8.7,LOW,46.4
12,22.6,3,6,1,10.0,LOW,47.3
4,17.0,1,7,1,11.9,LOW,27.64
7,23.7,2,2,2,15.8,LOW,41.88
18,55.3,4,21,1,6.7,MEDIUM,76.81
13,38.2,3,1,3,7.4,LOW,52.7
5,15.0,5,22,1,9.9,LOW,35.79
3,16.9,1,14,2,1.3,LOW,18.23
11,37.2,2,23,2,1.8,LOW,37.1
16,49.6,2,21,1,11.6,MEDIUM,56.42
15,63.9,1,21,1,1.2,MEDIUM,47.3
8,32.7,2,4,2,9.3,LOW,40.94
5,22.4,2,23,3,0.3,LOW,36.8
11,43.2,1,0,1,3.3,LOW,39.62
5,24.1,1,3,1,8.7,LOW,24.07
4,16.1,1,14,1,9.8,LOW,14.39
16,54.5,3,19,1,8.0,MEDIUM,60.1
18,61.8,2,18,2,4.7,MEDIUM,58.03
5,15.0,1,2,2,2.4,LOW,22.18
14,34.2,2,19,1,7.6,LOW,53.48
20,72.3,1,10,3,1.6,MEDIUM,73.66
11,48.3,4,16,1,0.5,LOW,50.76
4,15.0,1,12,2,0.2,LOW,11.29
15,59.3,4,10,1,2.5,MEDIUM,59.28
14,56.8,2,1,1,0.2,MEDIUM,45.36
17,54.7,4,8,1,2.3,MEDIUM,74.89
3,17.5,1,1,1,2.7,LOW,21.58
22,78.6,1,20,2,3.4,HIGH,60.56
12,38.9,3,8,2,10.0,LOW,51.59
13,47.4,1,8,1,4.7,LOW,35.62
10,35.7,3,7,2,33.8,LOW,61.45
5,15.0,2,16,1,23.6,LOW,31.8
9,45.5,3,0,2,31.9,LOW,55.95
22,68.4,4,10,1,4.3,HIGH,82.38
13,45.4,5,7,1,0.4,LOW,53.76
14,58.6,2,9,1,15.7,MEDIUM,55.6
14,46.0,2,6,2,4.6,LOW,49.23
9,26.1,5,2,2,8.2,LOW,53.39
5,17.8,4,2,1,14.8,LOW,45.03
25,82.9,1,17,1,7.5,HIGH,67.6
12,48.1,2,4,1,10.7,LOW,47.1
24,76.6,1,11,2,2.3,HIGH,67.61
13,40.8,5,11,2,1.7,LOW,65.43
15,50.5,1,18,1,6.5,MEDIUM,49.0
7,16.1,2,5,1,8.1,LOW,28.43
8,23.9,3,1,2,16.4,LOW,48.78
23,74.9,4,11,1,13.8,HIGH,86.22
19,57.0,3,18,1,36.1,MEDIUM,75.6
12,37.1,1,4,1,27.1,LOW,46.57
14,52.0,2,11,1,7.8,MEDIUM,52.81
8,15.2,5,16,2,5.6,LOW,47.14
10,40.1,3,16,2,11.4,LOW,52.27
23,75.1,3,9,1,2.4,HIGH,74.22
8,29.2,3,22,2,3.5,LOW,41.3
9,36.6,2,16,1,11.7,LOW,42.09
6,15.0,3,14,2,24.0,LOW,43.88
17,60.5,1,11,2,18.1,MEDIUM,53.48
8,19.3,2,15,2,0.6,LOW,36.14
8,18.8,4,23,1,2.1,LOW,32.53
22,73.3,1,18,1,2.6,HIGH,58.67
11,36.4,2,7,1,3.9,LOW,37.32
18,67.0,1,20,2,0.6,MEDIUM,57.71
10,25.1,1,16,1,2.1,LOW,22.37
6,23.9,3,22,3,10.1,LOW,43.33
8,24.7,3,4,3,2.2,LOW,45.7
16,53.5,1,21,2,22.9,MEDIUM,61.13
4,15.0,2,15,3,4.4,LOW,28.43
8,25.8,2,5,1,0.8,LOW,35.51
5,21.4,1,7,1,14.8,LOW,24.62
13,42.3,3,17,1,19.8,LOW,51.61
14,45.3,2,11,2,21.1,LOW,62.77
3,21.2,3,14,1,5.4,LOW,27.66
20,67.6,1,8,3,20.3,MEDIUM,69.83
5,15.0,2,12,1,9.9,LOW,34.66
14,38.0,1,14,1,1.7,LOW,33.44
15,59.7,1,9,2,6.1,MEDIUM,51.81
6,17.2,4,15,1,4.5,LOW,34.23
10,38.7,1,6,1,4.8,LOW,35.77
13,41.8,1,16,2,4.3,LOW,44.58
9,32.9,4,22,1,1.5,LOW,47.16
23,75.4,2,20,1,4.0,HIGH,71.64
15,50.0,1,21,1,5.7,MEDIUM,50.72
6,23.0,5,6,1,2.7,LOW,45.83
12,33.1,1,13,3,1.6,LOW,43.42
8,28.8,3,14,2,1.8,LOW,48.61
12,41.8,1,20,1,1.7,LOW,43.1
3,15.0,2,6,1,4.7,LOW,20.4
18,77.2,2,8,1,1.9,HIGH,54.64
21,69.1,1,18,3,10.1,MEDIUM,73.68
9,24.2,2,15,1,3.3,LOW,37.98
8,36.0,2,7,1,22.4,LOW,40.55
24,74.0,3,17,2,0.5,HIGH,78.97
11,33.7,4,22,3,3.0,LOW,56.95
14,48.4,2,17,1,10.7,MEDIUM,48.73
25,81.4,2,19,1,9.2,HIGH,69.3
8,30.3,2,6,1,4.4,LOW,31.6
5,20.2,3,2,1,16.3,LOW,34.31
17,53.1,2,17,2,0.6,MEDIUM,64.6
16,63.2,2,9,2,5.7,MEDIUM,61.95
13,42.3,2,6,2,1.8,LOW,48.53
12,42.0,5,16,1,3.7,LOW,48.69
14,45.3,2,13,1,9.6,LOW,46.93
14,44.9,1,23,1,0.8,LOW,36.67
8,26.8,2,2,1,0.4,LOW,31.64
18,72.3,3,11,2,4.4,MEDIUM,74.33
10,36.5,4,12,1,2.5,LOW,45.79
6,15.0,3,1,1,10.2,LOW,39.09
7,24.3,4,2,1,0.5,LOW,39.09
6,17.0,2,4,1,27.2,LOW,35.15
21,77.2,2,10,1,7.8,HIGH,69.04
8,26.5,3,7,2,5.6,LOW,32.16
9,22.1,1,22,1,4.3,LOW,32.32
4,16.0,2,22,2,11.1,LOW,29.93
20,63.0,3,11,1,3.5,MEDIUM,70.94
13,46.6,3,6,1,12.0,LOW,57.7
4,19.3,5,14,3,9.9,LOW,41.73
12,39.1,5,23,1,6.4,LOW,47.41
7,22.8,1,16,2,17.6,LOW,39.84
3,15.0,4,3,1,3.4,LOW,29.03
15,47.0,1,21,2,0.5,MEDIUM,49.14
6,20.9,3,12,2,3.8,LOW,34.23
12,42.1,1,17,3,16.7,LOW,54.08
4,15.0,2,0,2,0.6,LOW,29.53
10,41.2,4,15,2,11.5,LOW,50.64
8,16.9,1,12,1,14.0,LOW,36.47
18,66.0,3,9,2,4.5,MEDIUM,68.58
23,86.5,1,11,2,1.7,HIGH,76.55
5,21.7,1,1,1,3.5,LOW,12.36
14,41.3,2,22,1,4.1,LOW,41.18
4,18.8,2,2,2,21.5,LOW,30.71
18,73.8,1,9,1,2.7,MEDIUM,52.38
5,15.9,2,1,1,28.8,LOW,41.96
8,27.2,3,22,3,0.9,LOW,38.07
12,45.4,1,12,1,29.2,LOW,52.53
4,15.0,2,12,1,2.0,LOW,26.16
25,75.8,4,17,2,1.5,HIGH,90.5
3,15.0,2,2,1,1.0,LOW,14.46
11,37.6,2,6,2,3.0,LOW,44.18
3,15.0,3,13,1,7.7,LOW,34.66
25,87.3,3,19,1,8.8,HIGH,87.86
13,42.1,3,16,1,3.7,LOW,47.93
13,46.5,5,20,3,2.1,LOW,63.55
17,58.9,1,11,1,42.4,MEDIUM,70.91
10,34.8,5,15,1,2.5,LOW,54.38
3,15.0,5,23,1,3.8,LOW,36.18
13,33.7,4,11,1,5.2,LOW,57.86
5,15.0,2,14,1,10.8,LOW,32.48
19,75.4,4,9,1,1.3,HIGH,75.18
4,21.9,1,6,2,2.5,LOW,28.47
22,73.1,3,19,1,46.2,HIGH,94.07
9,33.2,1,4,2,14.0,LOW,36.56
12,30.8,3,0,2,4.7,LOW,51.23
5,15.0,2,16,1,0.9,LOW,27.18
11,19.7,1,2,1,16.1,LOW,34.89
5,15.0,4,12,2,12.2,LOW,47.5
9,26.7,2,13,2,7.0,LOW,33.08
6,24.6,3,23,1,4.1,LOW,33.19
19,63.2,1,17,3,21.9,MEDIUM,80.37
14,49.2,4,3,1,2.8,MEDIUM,61.48
20,65.8,2,17,1,3.1,MEDIUM,67.91
5,16.2,2,4,1,16.7,LOW,27.82
5,15.0,2,15,3,7.9,LOW,25.14
11,39.0,3,0,2,24.1,LOW,55.5
13,27.8,3,20,2,8.3,LOW,57.8
6,20.4,2,13,1,0.3,LOW,31.3
3,15.0,2,14,1,1.6,LOW,17.15
18,71.2,2,8,1,2.6,MEDIUM,63.0
14,49.0,4,14,2,16.2,MEDIUM,63.6
11,46.9,3,16,1,14.2,LOW,51.66
8,22.5,2,23,1,12.5,LOW,37.25
7,19.3,2,3,1,6.5,LOW,29.36
14,57.7,2,11,3,1.2,MEDIUM,55.88
12,39.4,4,4,1,1.1,LOW,49.47
5,15.0,1,4,1,1.1,LOW,21.2
13,44.3,3,10,1,15.4,LOW,62.06
4,15.0,1,5,3,1.2,LOW,19.07
9,38.0,1,6,3,13.2,LOW,36.04
11,32.6,1,23,2,14.9,LOW,44.55
8,31.6,4,13,1,0.9,LOW,37.26
12,51.3,4,23,1,18.6,MEDIUM,58.12
17,64.5,1,10,3,18.2,MEDIUM,65.86
8,38.0,2,12,1,8.1,LOW,36.97
13,44.3,1,1,1,5.8,LOW,39.01
10,37.6,3,6,1,8.3,LOW,47.56
19,60.0,3,19,3,4.2,MEDIUM,78.85
12,55.6,1,3,1,7.1,MEDIUM,40.58
5,22.4,1,7,2,27.9,LOW,31.82
23,79.6,3,19,2,1.0,HIGH,79.63
19,64.3,3,21,1,2.1,MEDIUM,65.91
17,45.0,1,20,1,5.9,MEDIUM,49.41
19,51.6,2,18,3,2.4,MEDIUM,67.69
11,30.8,3,12,3,39.4,LOW,59.71
4,15.0,2,13,2,10.2,LOW,27.54
21,75.3,2,9,2,4.6,HIGH,70.3
19,69.5,2,10,1,18.6,MEDIUM,73.69
4,15.0,2,1,3,1.2,LOW,30.9
12,42.7,2,8,1,2.7,LOW,51.13
4,15.0,5,16,2,25.0,LOW,49.18
5,23.6,1,2,3,6.5,LOW,35.83
6,16.0,2,23,2,20.3,LOW,36.08
9,28.7,1,5,2,33.2,LOW,47.46
3,15.0,1,4,2,3.6,LOW,20.87
8,22.6,3,4,1,6.9,LOW,35.15
15,42.1,4,21,2,15.0,LOW,68.87
9,32.7,1,14,1,2.5,LOW,31.73
5,30.5,5,22,2,4.7,LOW,49.85
5,17.7,2,16,1,1.3,LOW,26.33
16,58.9,2,8,1,8.5,MEDIUM,63.81
7,21.8,1,2,2,0.0,LOW,30.85
14,50.0,2,19,3,4.8,MEDIUM,57.52
13,35.7,2,16,1,21.2,LOW,46.29
13,37.7,2,9,2,18.2,LOW,52.76
5,20.7,2,2,2,13.0,LOW,35.53
16,53.0,2,17,3,1.2,MEDIUM,65.83
15,41.0,2,17,1,5.9,LOW,53.53
5,15.0,2,16,2,10.2,LOW,30.47
13,49.7,4,23,3,0.9,MEDIUM,63.5
3,15.0,3,2,1,1.3,LOW,23.28
5,15.0,1,2,3,0.3,LOW,23.89
8,37.7,2,5,3,3.1,LOW,35.88
3,15.0,3,12,3,16.8,LOW,41.85
11,47.2,1,23,1,5.7,LOW,32.38
5,19.1,3,14,1,15.4,LOW,40.76
20,64.1,2,8,3,0.7,MEDIUM,66.62
14,49.7,2,3,1,0.5,MEDIUM,52.47
9,32.5,1,13,2,13.0,LOW,27.92
9,41.6,5,4,1,5.5,LOW,54.55
8,34.9,4,1,1,5.1,LOW,46.73
20,72.1,4,10,1,5.2,MEDIUM,75.0
24,83.9,1,8,2,3.8,HIGH,80.09
10,34.5,3,23,1,17.4,LOW,54.59
12,37.3,2,2,2,5.9,LOW,46.8
14,54.1,3,8,2,29.2,MEDIUM,70.62
7,21.3,1,2,2,15.0,LOW,30.64
13,42.7,3,1,2,10.7,LOW,50.57
18,61.6,4,11,1,8.1,MEDIUM,74.92
14,43.8,1,9,1,14.4,LOW,43.53
16,51.7,1,8,1,17.1,MEDIUM,56.65
5,17.0,1,14,2,1.1,LOW,22.82
8,26.7,1,7,2,3.6,LOW,25.56
10,42.7,2,4,1,13.1,LOW,44.92
23,69.0,3,10,1,2.0,HIGH,72.23
9,34.0,1,1,2,7.1,LOW,34.64
8,24.3,2,23,1,12.1,LOW,35.25
13,42.1,2,14,3,2.0,LOW,45.72
8,15.0,1,5,1,4.1,LOW,23.58
14,43.1,2,7,3,19.7,LOW,59.63
8,30.3,1,4,1,3.5,LOW,32.29
12,36.6,2,15,1,7.4,LOW,45.21
19,61.7,1,17,1,4.6,MEDIUM,61.25
5,15.2,3,5,1,16.8,LOW,30.58
6,21.6,1,4,1,4.4,LOW,20.1
5,27.0,5,15,1,3.6,LOW,39.53
11,37.0,3,12,2,1.5,LOW,41.44
7,41.1,2,4,1,3.4,LOW,32.27
12,56.3,2,12,2,8.9,MEDIUM,44.93
10,43.8,1,16,1,1.5,LOW,31.49
15,57.1,3,17,3,9.8,MEDIUM,66.17
10,36.1,2,7,2,0.1,LOW,43.7
11,46.5,3,12,1,3.7,LOW,45.62
25,97.7,1,18,1,5.0,HIGH,80.86
9,31.3,1,2,1,0.8,LOW,34.46
5,18.6,2,23,1,9.2,LOW,27.85
7,28.4,1,7,2,0.9,LOW,27.19
5,16.4,2,1,2,0.8,LOW,30.32
4,22.5,1,7,3,3.7,LOW,20.17
5,15.0,4,12,2,10.7,LOW,45.03
14,49.7,3,12,3,26.5,MEDIUM,73.24
12,33.7,1,0,3,12.0,LOW,40.55
11,37.2,2,5,3,5.0,LOW,45.61
11,33.0,2,23,1,2.5,LOW,35.27
20,67.7,3,18,1,2.9,MEDIUM,73.61
9,20.5,2,15,1,2.7,LOW,38.72
3,15.0,1,7,2,2.6,LOW,14.31
11,35.1,1,0,1,0.6,LOW,32.3
12,47.2,2,15,1,2.0,LOW,43.34
12,40.5,5,8,1,0.9,LOW,64.33
8,32.2,4,12,1,0.1,LOW,39.71
18,58.4,1,10,2,2.7,MEDIUM,54.88
7,28.6,3,12,1,3.5,LOW,42.5
13,56.9,4,20,2,21.0,MEDIUM,67.0
21,66.8,1,9,2,42.1,MEDIUM,81.4
10,38.9,3,3,1,6.9,LOW,42.46
12,33.3,2,5,2,18.5,LOW,47.68
4,15.0,3,6,2,7.7,LOW,40.68
9,19.5,2,4,1,5.5,LOW,33.15
22,78.8,5,10,1,0.3,HIGH,90.09
3,15.0,1,12,1,0.4,LOW,21.46
25,89.5,3,18,2,0.3,HIGH,87.71
10,35.8,1,22,2,1.3,LOW,28.0
13,42.8,2,9,1,0.6,LOW,47.69
12,45.5,5,9,1,1.7,LOW,67.66
21,77.8,3,10,1,5.9,HIGH,79.53
23,75.7,2,20,2,5.6,HIGH,75.13
6,27.0,2,6,1,3.4,LOW,30.39
22,73.4,1,17,2,8.8,HIGH,64.98
6,15.0,1,3,1,4.0,LOW,11.68
11,38.7,3,1,2,2.0,LOW,43.44
7,19.9,2,13,2,9.4,LOW,41.74
9,28.3,2,12,2,31.4,LOW,44.56
13,32.1,3,11,1,13.3,LOW,57.44
10,35.8,2,6,2,4.3,LOW,43.33
7,19.7,1,1,1,3.8,LOW,21.63
3,15.0,2,12,1,0.3,LOW,19.32
6,26.7,4,13,2,8.6,LOW,43.4
5,15.0,4,16,2,2.0,LOW,37.75
24,83.8,2,8,2,9.2,HIGH,81.55
8,29.5,1,16,1,11.4,LOW,33.53
8,28.6,2,7,2,16.9,LOW,37.45
4,20.2,3,1,2,6.4,LOW,39.8
8,32.5,1,23,3,14.2,LOW,38.44
10,34.8,2,12,2,10.3,LOW,33.42
7,19.3,5,2,2,3.5,LOW,42.91
11,34.7,2,15,1,0.9,LOW,35.81
13,44.1,2,5,2,2.2,LOW,42.67
18,47.2,2,18,2,14.9,MEDIUM,60.63
9,27.6,1,6,3,6.1,LOW,34.96
25,92.2,1,9,1,8.8,HIGH,79.77
13,41.9,4,8,1,13.1,LOW,65.88
13,49.0,1,1,1,8.8,MEDIUM,37.86
8,32.4,2,14,2,15.5,LOW,48.79
6,27.7,2,4,3,0.7,LOW,37.28
12,38.9,4,21,1,18.7,LOW,59.81
11,35.9,3,3,2,13.4,LOW,47.23
25,86.9,1,19,2,18.7,HIGH,80.15
14,42.8,3,3,2,10.5,LOW,57.56
22,70.6,2,17,1,2.6,HIGH,72.17
10,40.0,2,3,2,1.0,LOW,33.81
6,16.2,3,16,1,1.1,LOW,31.04
25,88.1,1,11,2,5.5,HIGH,75.85
23,80.6,5,21,1,4.0,HIGH,88.78
6,20.3,2,16,1,8.5,LOW,28.15
16,56.0,2,9,2,5.6,MEDIUM,61.26
18,65.3,2,21,1,1.1,MEDIUM,62.85
4,22.2,1,0,1,0.0,LOW,12.09
24,76.0,2,21,2,1.1,HIGH,73.94
12,34.9,1,23,2,1.3,LOW,27.99
23,77.6,2,17,2,10.2,HIGH,71.12
14,49.7,3,17,1,2.7,MEDIUM,51.16
7,25.5,3,13,1,0.8,LOW,30.44
5,27.3,1,14,1,11.3,LOW,28.07
15,45.2,2,11,1,22.6,MEDIUM,59.02
9,20.7,2,3,3,0.8,LOW,40.26
5,20.1,2,2,1,26.4,LOW,37.3
24,82.9,1,19,1,24.0,HIGH,78.67
15,50.2,3,11,1,5.9,MEDIUM,63.94
7,28.6,1,6,1,2.8,LOW,21.04
17,48.0,4,10,2,1.2,MEDIUM,68.88
5,15.0,2,0,2,13.9,LOW,33.09
6,15.0,4,5,1,7.4,LOW,38.39
3,15.0,1,14,1,8.4,LOW,24.49
6,27.7,3,14,1,15.8,LOW,42.23
18,52.3,1,18,2,4.7,MEDIUM,54.09
18,61.4,3,10,2,3.7,MEDIUM,65.34
12,42.6,2,22,1,11.5,LOW,44.59
11,46.7,2,1,1,2.8,LOW,44.94
5,15.0,1,13,2,3.2,LOW,25.25
4,15.0,1,1,3,3.8,LOW,25.61
9,36.8,3,3,3,15.5,LOW,49.21
11,31.0,2,16,1,12.1,LOW,39.75
8,34.5,2,2,1,2.8,LOW,24.63
7,25.9,1,12,1,1.2,LOW,27.65
19,54.0,1,8,2,4.0,MEDIUM,60.12
5,20.9,3,6,3,7.8,LOW,49.91
11,40.1,3,14,1,9.0,LOW,48.21
10,32.5,2,22,1,1.8,LOW,40.18
20,64.2,2,10,1,2.3,MEDIUM,65.13
15,60.7,3,19,1,21.3,MEDIUM,69.1
3,15.0,4,1,1,3.9,LOW,34.82
10,24.9,1,14,2,3.0,LOW,34.07
10,30.8,3,13,1,9.5,LOW,44.0
13,47.1,2,19,1,5.0,LOW,52.89
23,78.2,3,21,2,2.3,HIGH,84.7
17,53.6,2,10,1,4.2,MEDIUM,58.14
3,15.0,2,2,1,1.2,LOW,25.93
10,23.6,2,16,1,2.6,LOW,38.92
19,66.8,2,11,3,4.3,MEDIUM,70.54
6,18.6,2,23,2,5.8,LOW,35.13
12,44.8,3,20,1,10.8,LOW,48.91
14,50.6,2,14,2,3.9,MEDIUM,47.51
9,35.2,1,15,1,6.3,LOW,31.43
4,15.0,1,4,2,24.1,LOW,31.32
12,36.4,3,19,2,13.6,LOW,61.92
4,15.0,3,5,3,2.2,LOW,31.42
14,38.9,3,18,1,1.9,LOW,48.71
5,30.3,2,4,3,8.7,LOW,36.59
8,36.8,2,2,3,7.2,LOW,37.05
14,38.3,1,0,3,6.3,LOW,42.93
14,49.0,5,5,2,1.3,MEDIUM,58.1
9,37.7,1,14,1,3.6,LOW,36.79
9,28.2,2,1,1,11.4,LOW,38.28
12,36.3,3,2,1,10.3,LOW,46.4
6,27.5,4,16,1,1.4,LOW,35.64
5,25.1,1,23,2,4.5,LOW,23.59
23,68.5,2,11,2,4.7,HIGH,78.6
18,61.9,2,17,3,5.7,MEDIUM,61.13
11,36.7,2,14,1,4.9,LOW,38.31
13,33.6,1,11,1,5.6,LOW,43.55
7,15.0,3,15,2,13.4,LOW,36.6
6,15.0,2,7,1,3.9,LOW,23.22
12,40.9,3,13,1,6.4,LOW,43.54
4,21.3,1,16,3,7.5,LOW,27.83
18,44.5,1,20,2,22.8,MEDIUM,65.19
9,31.3,3,7,1,8.5,LOW,46.05
10,28.3,3,14,2,1.1,LOW,40.93
5,20.2,3,13,2,7.0,LOW,37.99
13,50.3,3,17,2,8.7,MEDIUM,65.16
20,74.3,1,19,2,0.1,HIGH,63.61
14,47.0,1,6,1,0.6,MEDIUM,39.19
13,42.2,1,2,2,0.2,LOW,36.51
23,86.2,4,11,1,0.4,HIGH,78.92
23,76.2,2,20,1,0.8,HIGH,75.29
14,47.9,1,23,3,25.3,MEDIUM,54.74
3,15.0,1,2,2,1.9,LOW,18.97
15,53.0,4,19,2,1.8,MEDIUM,76.81
9,22.4,3,13,2,15.6,LOW,45.11
9,28.8,4,14,3,11.2,LOW,52.17
4,15.0,2,13,3,9.0,LOW,32.79
3,16.4,2,6,1,4.4,LOW,16.95
11,36.4,1,16,1,0.3,LOW,29.97
25,70.3,1,11,1,14.0,HIGH,69.38
22,71.3,1,19,1,15.8,HIGH,65.65
7,32.6,1,3,1,5.3,LOW,33.07
18,62.1,2,8,2,8.3,MEDIUM,62.28
10,29.7,4,5,2,5.2,LOW,46.98
3,15.0,1,15,3,2.8,LOW,22.1
13,46.4,4,21,2,6.2,LOW,61.12
14,43.5,2,21,2,9.3,LOW,54.83
15,51.2,2,20,1,1.3,MEDIUM,51.21
19,60.0,2,20,1,6.1,MEDIUM,61.46
7,18.4,2,1,1,12.0,LOW,27.33
6,18.1,1,23,2,5.2,LOW,28.56
11,36.7,3,7,1,1.4,LOW,44.44
15,50.7,3,10,2,16.3,MEDIUM,66.12
3,15.0,3,12,2,9.0,LOW,33.73
13,50.8,2,16,1,8.0,MEDIUM,44.98
5,15.0,3,7,1,8.4,LOW,32.35
20,76.6,2,20,1,2.2,HIGH,58.51
14,46.6,5,17,1,5.4,LOW,69.71
25,81.0,2,17,2,3.2,HIGH,73.27
7,25.6,5,13,2,14.3,LOW,53.11
13,48.7,3,14,2,7.1,LOW,55.19
12,35.9,3,5,2,10.1,LOW,58.2
25,76.4,1,10,2,8.6,HIGH,77.21
5,23.0,2,12,3,5.3,LOW,25.17
7,31.8,2,0,1,13.1,LOW,33.6
14,50.8,1,5,2,7.6,MEDIUM,44.66
24,77.1,2,8,1,2.1,HIGH,70.45
4,15.0,5,7,1,2.7,LOW,32.26
25,77.8,2,10,1,14.0,HIGH,82.14
12,47.0,1,21,2,22.7,LOW,56.21
12,42.1,2,18,1,6.4,LOW,46.11
5,19.7,1,23,1,3.9,LOW,19.03
20,68.8,2,8,3,7.8,MEDIUM,72.59
6,20.4,2,16,2,5.3,LOW,34.97
12,42.1,2,11,2,14.7,LOW,56.9
14,47.6,3,13,2,14.3,MEDIUM,55.81
10,41.0,1,14,3,4.9,LOW,38.3
3,15.0,4,15,2,13.1,LOW,42.1
13,39.0,5,21,1,1.7,LOW,64.14
15,48.8,1,21,3,3.7,MEDIUM,49.17
18,60.1,3,19,2,0.7,MEDIUM,63.3
12,46.8,2,0,1,13.2,LOW,50.82
16,46.2,2,9,1,29.6,MEDIUM,69.63
5,20.3,1,7,1,6.9,LOW,24.94
17,57.0,2,17,3,11.6,MEDIUM,70.05
12,45.9,5,0,1,4.1,LOW,52.4
12,43.2,1,1,3,6.6,LOW,36.04
11,36.6,1,0,3,3.4,LOW,36.63
11,31.4,1,0,2,9.5,LOW,41.21
17,59.9,2,8,2,2.3,MEDIUM,59.98
4,15.0,4,12,1,1.3,LOW,32.05
13,43.6,2,0,1,18.3,LOW,61.03
4,18.3,1,12,1,16.0,LOW,25.87
24,90.5,2,19,2,14.4,HIGH,82.39
21,61.6,2,21,1,13.8,MEDIUM,67.67
7,28.5,1,6,1,10.5,LOW,31.5
14,55.4,2,1,1,16.6,MEDIUM,54.78
12,39.8,1,5,3,1.9,LOW,40.83
11,30.5,3,6,1,16.3,LOW,44.02
9,32.8,2,13,3,20.0,LOW,49.92
18,60.1,3,17,1,10.1,MEDIUM,65.35
5,38.1,5,14,2,7.3,LOW,46.98
5,19.0,4,1,1,2.2,LOW,35.5
23,75.3,1,9,2,16.1,HIGH,75.73
5,15.0,4,22,2,6.9,LOW,41.77
15,45.2,3,11,1,7.5,MEDIUM,70.41
14,52.9,3,16,2,7.5,MEDIUM,58.28
10,23.6,1,7,2,16.1,LOW,36.12
17,47.6,1,10,2,1.2,MEDIUM,49.81
13,50.2,5,2,2,0.5,MEDIUM,60.62
4,15.0,1,5,1,2.0,LOW,16.54
17,56.2,1,8,2,5.4,MEDIUM,62.69
9,34.1,2,5,3,5.1,LOW,37.91
22,73.4,4,8,3,5.7,HIGH,84.17
4,15.0,2,6,3,1.0,LOW,35.11
16,50.4,4,8,1,12.6,MEDIUM,73.17
12,43.6,2,17,2,2.9,LOW,47.88
22,75.2,1,11,2,19.6,HIGH,81.43
7,32.8,2,7,1,14.7,LOW,29.58
3,15.0,2,7,2,0.5,LOW,22.99
21,66.2,2,17,2,0.4,MEDIUM,66.72
15,59.4,2,19,1,7.9,MEDIUM,59.63
4,22.4,1,14,1,0.6,LOW,15.76
14,43.4,1,6,2,6.8,LOW,41.15
17,61.2,3,10,1,0.7,MEDIUM,61.3
25,89.0,2,19,1,5.2,HIGH,76.0
7,25.8,1,15,1,4.3,LOW,34.59
6,15.0,1,3,1,7.2,LOW,29.43
6,38.3,2,5,3,3.5,LOW,32.81
14,45.0,4,21,1,1.2,LOW,59.85
11,39.6,2,2,2,14.8,LOW,39.44
23,83.7,1,8,3,2.8,HIGH,70.41
13,41.7,2,9,2,0.6,LOW,49.29
12,48.2,3,13,1,5.6,LOW,45.69
21,71.4,2,10,2,16.8,HIGH,71.16
17,54.0,1,17,1,2.6,MEDIUM,50.3
25,76.4,3,21,1,4.8,HIGH,74.85
23,75.9,2,11,2,4.1,HIGH,75.07
9,32.8,1,22,2,0.4,LOW,31.77
20,66.1,1,11,2,16.2,MEDIUM,60.19
10,37.9,2,12,3,11.4,LOW,48.21
11,47.3,3,12,2,0.8,LOW,43.58
23,76.4,5,18,2,1.1,HIGH,88.37
20,74.9,2,18,3,0.1,HIGH,65.64
8,28.3,3,22,1,34.0,LOW,56.36
3,15.0,1,13,1,4.3,LOW,18.23
12,40.9,4,3,2,21.3,LOW,64.18
8,29.6,2,12,2,4.4,LOW,29.85
5,15.0,2,7,1,0.9,LOW,23.6
5,15.0,1,22,1,3.4,LOW,23.07
18,57.6,1,20,1,4.3,MEDIUM,65.4
6,15.0,3,22,2,1.6,LOW,37.62
23,70.9,1,18,2,0.4,HIGH,71.29
17,57.3,1,11,3,3.0,MEDIUM,60.79
21,68.0,1,17,2,6.2,MEDIUM,60.49
12,40.5,1,5,2,2.4,LOW,37.56
25,88.8,2,17,1,25.5,HIGH,92.89
20,69.5,2,18,1,5.3,MEDIUM,65.7
13,43.5,1,21,1,1.1,LOW,47.44
5,15.0,2,4,2,4.3,LOW,26.44
3,15.0,3,23,1,9.8,LOW,28.86
23,74.1,4,8,2,5.3,HIGH,78.35
10,38.2,2,2,2,3.2,LOW,47.14
15,46.2,2,9,1,0.9,MEDIUM,47.16
12,33.9,1,18,3,4.9,LOW,46.06
6,28.9,2,2,2,0.8,LOW,29.75
25,74.2,3,21,1,3.7,HIGH,77.61
11,47.5,2,14,1,1.0,LOW,35.05
7,24.4,2,0,2,9.0,LOW,31.25
7,21.8,2,6,1,11.8,LOW,30.78
12,38.2,4,11,1,2.2,LOW,59.95
7,29.1,4,16,2,0.6,LOW,44.73
23,79.5,3,20,3,3.4,HIGH,78.53
11,38.4,1,23,1,6.6,LOW,45.33
13,43.8,1,19,3,11.7,LOW,50.89
5,15.0,3,4,2,4.1,LOW,27.9
4,21.1,1,3,1,3.6,LOW,16.21
24,78.8,2,11,2,19.1,HIGH,84.1
12,33.1,2,19,1,4.8,LOW,42.66
13,46.0,2,23,1,4.7,LOW,47.98
12,32.2,2,17,2,4.2,LOW,40.6
14,56.4,4,16,2,3.6,MEDIUM,63.41
13,46.7,1,18,1,10.4,LOW,44.29
14,34.9,3,8,3,2.6,LOW,63.6
10,36.3,3,3,2,3.8,LOW,40.91
14,45.4,4,20,3,2.7,LOW,68.03
12,48.4,2,1,1,6.8,LOW,48.27
4,15.0,2,3,3,25.8,LOW,35.98
8,26.5,5,1,1,4.0,LOW,46.02
9,28.2,2,14,1,27.6,LOW,41.69
14,45.8,2,1,2,8.6,LOW,52.87
3,15.0,2,3,2,12.7,LOW,32.61
12,37.4,1,5,2,3.2,LOW,28.02
11,31.4,2,6,1,2.0,LOW,37.45
20,65.5,3,9,1,6.9,MEDIUM,70.19
20,74.6,3,18,2,37.5,HIGH,89.3
13,53.9,1,18,1,9.9,MEDIUM,53.59
20,69.3,3,21,2,9.2,MEDIUM,76.78
19,61.0,2,11,1,4.8,MEDIUM,58.31
11,28.9,2,2,3,16.9,LOW,48.5
4,15.0,5,12,2,9.6,LOW,52.27
24,74.1,1,17,2,9.0,HIGH,73.53
8,25.9,3,7,3,2.8,LOW,37.62
19,64.2,2,20,2,25.3,MEDIUM,71.54
7,24.9,3,14,1,2.3,LOW,36.09
8,27.8,2,0,1,5.9,LOW,30.19
5,15.0,1,2,2,3.3,LOW,18.52
11,31.6,2,7,1,1.6,LOW,37.82
4,15.0,2,3,2,1.2,LOW,29.93
14,44.9,1,15,1,2.8,LOW,36.24
4,15.0,3,22,1,9.3,LOW,27.38
24,77.0,2,9,2,29.4,HIGH,84.92
18,80.2,3,11,3,15.4,HIGH,80.72
12,48.2,2,13,2,2.0,LOW,47.78
5,15.0,2,13,3,0.7,LOW,32.8
4,21.6,5,1,3,9.3,LOW,46.74
8,37.2,5,22,1,0.2,LOW,49.46
14,40.1,1,4,1,15.7,LOW,37.18
8,20.1,4,4,2,14.0,LOW,47.33
9,31.3,2,5,3,12.6,LOW,40.7
6,26.8,1,12,2,6.4,LOW,22.5
17,59.8,2,8,3,29.1,MEDIUM,80.27
25,74.7,5,21,1,4.9,HIGH,84.63
12,36.0,5,14,1,34.5,LOW,73.72
3,15.0,1,13,2,17.1,LOW,34.33
7,28.8,3,23,1,1.1,LOW,31.15
8,18.7,3,6,1,18.0,LOW,42.09
16,46.8,2,19,1,2.9,MEDIUM,54.97
5,17.4,3,1,1,11.7,LOW,39.57
4,15.0,2,6,2,0.0,LOW,27.66
5,22.4,1,5,3,2.6,LOW,27.17
5,15.0,3,16,3,11.4,LOW,39.61
9,37.1,1,1,2,28.7,LOW,41.53
3,15.7,2,2,1,1.5,LOW,25.42
13,43.6,1,4,2,4.9,LOW,44.04
6,17.2,3,4,1,7.1,LOW,38.08
13,54.3,2,0,1,24.4,MEDIUM,54.11
5,19.8,2,7,1,4.8,LOW,28.42
19,62.9,2,11,2,21.7,MEDIUM,76.09
13,38.4,1,23,3,30.6,LOW,49.82
9,38.4,4,3,2,22.7,LOW,63.29
3,15.0,2,12,2,11.0,LOW,31.27
10,30.8,2,22,1,1.1,LOW,29.67
12,36.3,1,14,2,7.4,LOW,34.48
18,58.9,1,10,2,11.2,MEDIUM,62.03
23,80.6,4,9,1,24.8,HIGH,100.9
14,44.5,2,2,1,12.0,LOW,48.33
15,50.4,3,21,3,6.2,MEDIUM,69.07
10,29.8,1,13,2,1.8,LOW,31.71
13,47.1,2,15,3,4.9,LOW,50.53
23,77.6,4,9,2,8.1,HIGH,90.39
25,77.6,1,9,3,3.1,HIGH,79.06
21,70.6,2,11,1,4.9,HIGH,64.44
12,42.2,4,8,1,0.1,LOW,55.63
5,15.0,3,0,1,16.9,LOW,33.14
9,18.1,1,4,1,0.3,LOW,26.57
17,65.3,2,19,2,4.2,MEDIUM,63.67
14,41.6,1,7,2,5.7,LOW,38.97
13,47.9,4,10,2,28.7,LOW,74.72
20,65.7,2,11,1,21.9,MEDIUM,76.66
5,16.4,5,0,3,8.3,LOW,49.94
24,80.4,1,21,1,7.0,HIGH,65.82
12,46.8,2,19,1,3.7,LOW,49.84
15,52.4,1,10,2,0.3,MEDIUM,48.22
11,38.3,2,4,2,2.5,LOW,42.23
8,19.9,1,14,1,15.1,LOW,24.19
6,29.4,2,4,1,8.4,LOW,34.76
22,65.7,3,11,2,13.5,MEDIUM,83.34
11,45.2,1,4,1,14.5,LOW,35.06
9,19.6,2,16,1,0.5,LOW,31.92
9,41.5,4,16,2,3.3,LOW,46.74
10,36.5,5,23,1,9.0,LOW,58.53
24,78.5,1,11,1,15.3,HIGH,74.7
4,15.0,4,23,1,12.9,LOW,43.21
3,15.0,1,14,3,4.4,LOW,28.48
4,16.4,2,14,3,21.5,LOW,36.55
5,17.3,4,5,1,2.9,LOW,36.41
12,38.4,3,11,1,3.8,LOW,59.17
12,36.4,4,19,1,1.6,LOW,47.52
13,51.3,3,17,1,2.1,MEDIUM,50.5
13,42.3,1,13,2,0.1,LOW,42.94
5,19.2,2,1,2,3.0,LOW,25.02
13,47.5,2,8,1,2.9,LOW,56.3
13,36.8,2,4,1,0.6,LOW,36.98
20,67.4,1,19,1,3.3,MEDIUM,61.66
7,31.7,2,0,1,2.9,LOW,32.66
7,25.5,4,22,1,12.8,LOW,44.67
10,36.7,4,2,2,1.4,LOW,51.13
12,38.3,2,5,2,10.3,LOW,47.45
7,30.3,2,4,2,1.1,LOW,35.56
25,96.7,3,20,1,5.5,HIGH,90.46
9,25.9,2,4,2,10.7,LOW,42.37
14,52.3,5,0,1,7.5,MEDIUM,68.51
12,32.5,1,16,1,8.3,LOW,35.11
25,88.7,2,18,2,1.8,HIGH,72.83
10,36.6,4,13,1,14.1,LOW,48.8
15,44.1,4,11,2,24.3,LOW,81.43
20,73.6,2,9,2,1.3,HIGH,75.45
18,55.2,1,19,3,17.5,MEDIUM,61.26
14,59.2,3,20,3,4.1,MEDIUM,62.06
17,58.7,2,17,1,9.6,MEDIUM,59.84
3,15.0,3,23,3,5.7,LOW,34.22
19,60.6,2,10,2,12.6,MEDIUM,73.78
5,20.6,1,1,2,0.4,LOW,26.64
24,83.6,1,17,1,3.1,HIGH,63.99
14,48.5,2,6,3,0.4,MEDIUM,45.2
12,36.3,1,23,1,22.7,LOW,37.98
7,22.2,1,14,2,1.5,LOW,23.1
22,70.4,2,10,1,4.4,HIGH,63.12
21,61.1,2,17,2,8.2,MEDIUM,72.71
12,40.0,1,22,1,5.0,LOW,31.3
14,40.9,1,11,1,6.2,LOW,47.08
8,39.3,4,5,1,1.8,LOW,39.27
25,96.3,1,19,1,0.6,HIGH,83.46
11,39.5,2,22,1,2.4,LOW,40.87
13,33.2,2,12,1,3.1,LOW,44.32
14,50.3,4,19,2,4.3,MEDIUM,64.32
14,46.3,2,15,2,2.8,LOW,50.62
23,84.9,1,17,2,0.3,HIGH,67.4
15,57.1,1,9,1,0.8,MEDIUM,55.58
5,15.0,3,22,1,9.0,LOW,28.75
7,21.6,3,7,1,0.5,LOW,33.42
13,41.6,2,17,3,0.4,LOW,52.07
17,55.3,1,20,3,13.4,MEDIUM,57.12
5,15.0,2,0,1,0.3,LOW,27.83
7,26.1,2,22,1,0.6,LOW,25.6
10,34.5,3,7,3,6.4,LOW,42.45
4,15.0,1,5,3,4.7,LOW,27.51
6,22.0,2,4,3,26.7,LOW,38.32
10,36.0,1,14,2,22.1,LOW,45.71
20,75.0,2,21,1,8.6,HIGH,72.77
10,39.4,2,14,1,0.6,LOW,32.29
8,33.4,4,1,1,5.6,LOW,47.93
3,15.0,2,0,1,0.4,LOW,16.77
7,17.1,2,22,1,19.1,LOW,34.15
12,46.5,1,22,2,8.6,LOW,42.24
23,88.4,1,10,1,6.8,HIGH,64.86
22,79.9,1,9,1,4.5,HIGH,60.69
19,66.6,1,17,1,5.7,MEDIUM,63.4
12,40.8,1,17,1,4.1,LOW,33.64
4,30.8,5,16,1,0.8,LOW,40.34
3,15.2,2,7,2,8.7,LOW,28.6
7,22.6,1,14,2,45.0,LOW,48.19
13,56.1,1,7,1,1.0,MEDIUM,45.29
12,51.1,2,16,2,41.2,MEDIUM,66.25
14,39.0,2,11,1,18.4,LOW,57.44
10,26.6,1,7,2,18.0,LOW,38.67
14,46.4,2,13,1,14.2,LOW,48.58
12,48.5,4,3,1,20.6,LOW,59.68
4,15.0,2,0,3,2.3,LOW,27.95
8,21.1,2,0,1,4.6,LOW,33.17
21,76.3,3,18,1,5.2,HIGH,72.11
12,29.2,1,15,1,0.6,LOW,35.31
3,15.0,1,13,1,31.7,LOW,30.77
13,37.8,2,20,1,9.4,LOW,46.29
8,27.2,3,15,3,4.8,LOW,43.82
9,24.9,2,4,2,38.9,LOW,51.84
16,53.5,1,8,2,2.5,MEDIUM,51.73
11,39.9,4,1,1,3.3,LOW,51.37
17,58.6,2,17,1,1.7,MEDIUM,51.0
10,30.8,3,5,1,1.7,LOW,38.93
21,69.3,4,8,1,1.7,MEDIUM,75.54
5,30.5,2,0,2,7.6,LOW,31.37
19,69.9,3,8,1,2.8,MEDIUM,69.64
11,36.0,3,15,3,24.2,LOW,57.21
10,35.1,4,12,1,13.6,LOW,50.44
13,46.9,1,8,1,1.4,LOW,43.44
20,63.4,4,20,1,14.4,MEDIUM,75.48
13,44.2,1,12,1,3.4,LOW,33.24
19,58.2,3,8,1,2.1,MEDIUM,73.38
16,48.4,2,10,1,12.2,MEDIUM,56.55
9,35.9,1,3,1,15.6,LOW,35.42
5,23.0,1,1,2,25.8,LOW,39.34
8,34.1,2,5,2,4.4,LOW,38.3
10,33.6,2,13,1,6.6,LOW,35.13
4,15.0,1,3,1,7.6,LOW,13.19
10,34.1,1,5,2,7.9,LOW,30.33
23,67.5,2,18,3,4.1,HIGH,70.88
6,28.7,2,5,2,1.3,LOW,29.66
9,15.0,2,1,1,0.6,LOW,32.14
15,56.8,4,17,2,18.9,MEDIUM,71.5
8,21.3,2,12,2,3.7,LOW,30.22
24,81.6,1,8,1,1.6,HIGH,71.86
8,22.1,2,22,3,32.9,LOW,57.1
15,46.0,3,18,1,13.0,MEDIUM,63.99
11,22.8,1,12,3,31.8,LOW,48.23
25,77.4,2,10,2,2.6,HIGH,75.74
5,22.5,2,0,2,5.0,LOW,26.51
6,15.0,5,23,2,13.2,LOW,53.43
22,67.2,2,21,1,6.4,MEDIUM,68.97
7,23.2,3,6,2,3.5,LOW,34.12
15,37.0,2,20,3,1.4,LOW,52.89
5,15.0,3,14,2,6.6,LOW,38.55
8,28.8,2,0,3,7.3,LOW,36.75
12,43.0,2,11,3,10.2,LOW,53.57
5,15.0,2,6,3,12.5,LOW,45.42
6,27.6,4,14,2,1.0,LOW,38.28
24,87.7,1,20,2,7.9,HIGH,75.63
12,30.4,1,18,1,12.2,LOW,42.14
8,31.5,3,0,2,3.9,LOW,51.62
3,15.0,2,16,1,2.6,LOW,26.87
14,50.7,1,16,1,5.2,MEDIUM,42.94
10,30.3,1,2,1,3.0,LOW,26.96
22,67.0,2,11,3,5.7,MEDIUM,70.4
6,19.5,2,5,3,3.0,LOW,39.83
22,77.1,3,10,2,4.4,HIGH,72.41
7,26.2,1,2,1,19.7,LOW,34.87
8,29.3,4,7,2,19.9,LOW,55.46
3,15.0,2,13,2,38.8,LOW,49.82
10,42.2,1,13,1,5.3,LOW,28.06
13,51.4,2,9,1,1.5,MEDIUM,52.07
3,15.0,3,1,1,17.6,LOW,36.19
9,24.9,1,13,2,7.3,LOW,34.58
14,49.2,3,8,2,11.0,MEDIUM,64.42
14,45.0,3,2,1,1.4,LOW,55.19
23,76.1,1,20,3,3.1,HIGH,71.23
5,21.0,1,7,1,2.6,LOW,18.33
8,24.7,1,15,1,6.6,LOW,21.92
11,45.9,3,1,1,47.0,LOW,64.91
8,31.0,1,5,1,7.6,LOW,27.84
14,53.6,3,20,1,6.8,MEDIUM,63.26
22,69.4,2,11,1,11.4,HIGH,66.08
5,15.0,3,4,2,3.2,LOW,41.99
6,15.0,2,1,1,2.3,LOW,26.25
6,28.3,2,15,2,14.6,LOW,41.72
11,54.7,4,4,2,25.9,MEDIUM,69.9
10,37.1,3,14,1,4.4,LOW,39.19
15,52.6,2,11,2,0.3,MEDIUM,55.18
7,20.9,2,3,1,1.6,LOW,33.83
12,50.5,2,14,2,15.6,LOW,54.65
13,43.9,2,10,3,1.0,LOW,54.95
6,16.5,2,15,1,11.5,LOW,32.81
5,15.0,2,22,3,7.7,LOW,30.36
14,41.3,5,5,2,10.4,LOW,58.96
3,15.0,2,13,3,2.4,LOW,33.23
13,33.2,1,17,2,0.1,LOW,40.47
12,33.4,2,11,1,0.3,LOW,39.54
19,74.6,1,10,3,10.3,HIGH,75.07
4,18.6,1,12,1,7.6,LOW,22.32
15,49.0,2,20,1,14.7,MEDIUM,50.26
3,15.9,2,22,1,4.1,LOW,18.07
15,46.4,5,10,1,6.5,MEDIUM,70.29
7,28.5,5,22,2,12.2,LOW,51.18
5,15.0,1,15,2,5.5,LOW,25.44
4,25.4,2,14,3,40.1,LOW,47.07
16,47.6,3,20,1,10.9,MEDIUM,61.3
10,43.2,1,14,3,9.2,LOW,43.37
10,33.2,3,3,3,12.9,LOW,46.29
13,32.9,4,10,1,12.0,LOW,55.47
22,76.7,3,18,1,2.0,HIGH,77.07
13,48.4,2,14,2,1.9,LOW,46.84
3,19.2,4,3,2,7.5,LOW,43.49
19,69.2,4,20,2,4.6,MEDIUM,72.6
3,15.0,3,12,2,16.4,LOW,36.58
25,91.2,2,21,1,2.7,HIGH,72.74
25,85.3,3,18,1,3.2,HIGH,80.79
12,31.3,2,1,2,1.5,LOW,46.38
4,15.0,1,13,1,32.0,LOW,34.36
9,23.5,2,3,2,1.0,LOW,32.24
14,46.8,5,15,2,32.5,MEDIUM,77.12
15,55.4,3,20,2,9.8,MEDIUM,64.67
12,34.0,3,19,3,0.7,LOW,51.81
4,15.4,2,13,1,1.3,LOW,20.41
8,33.7,2,14,2,3.2,LOW,33.28
6,16.7,4,2,2,2.4,LOW,43.79
8,25.5,2,7,3,28.9,LOW,48.07
14,54.0,3,15,2,7.6,MEDIUM,55.78
16,61.1,2,9,1,0.6,MEDIUM,54.24
13,37.2,3,3,3,6.0,LOW,61.55
21,65.2,4,17,2,18.2,MEDIUM,79.64
5,21.7,2,1,1,4.3,LOW,24.74
7,22.4,1,16,2,8.8,LOW,29.6
7,22.9,1,12,3,11.9,LOW,33.58
12,30.3,4,3,2,1.6,LOW,54.19
12,38.0,3,10,1,15.5,LOW,67.31
9,29.6,3,6,2,4.8,LOW,35.82
23,82.5,2,11,2,0.5,HIGH,69.16
23,76.0,3,9,2,16.9,HIGH,84.88
5,21.4,2,6,1,6.6,LOW,29.82
4,15.0,1,12,1,1.8,LOW,13.3
5,24.5,5,6,2,3.1,LOW,46.76
8,27.1,2,23,2,6.7,LOW,33.71
13,41.1,2,16,1,3.7,LOW,44.6
21,67.0,2,9,1,2.1,MEDIUM,65.37
25,78.8,1,9,1,5.2,HIGH,71.34
6,22.3,2,23,2,1.6,LOW,32.46
13,56.0,1,3,1,2.3,MEDIUM,42.83
23,82.9,3,19,1,14.0,HIGH,76.33
12,43.3,2,3,1,2.1,LOW,41.87
25,77.6,2,21,2,9.5,HIGH,83.58
11,30.3,2,6,1,2.3,LOW,38.45
23,83.9,3,21,1,1.9,HIGH,74.03
3,15.0,1,0,3,2.3,LOW,22.24
21,67.6,5,11,1,5.1,MEDIUM,81.97
13,33.9,2,23,1,1.3,LOW,39.76
13,43.0,1,12,3,0.9,LOW,41.27
24,76.2,2,9,1,11.3,HIGH,75.08
14,44.4,2,14,2,0.2,LOW,48.44
11,29.7,3,12,1,3.9,LOW,36.19
6,25.2,2,22,2,4.0,LOW,30.09
16,50.7,2,21,1,17.9,MEDIUM,58.42
17,60.9,1,21,2,11.9,MEDIUM,63.31
15,53.3,1,20,1,5.7,MEDIUM,48.79
21,67.9,3,21,1,5.2,MEDIUM,70.31
21,70.3,2,8,2,6.7,HIGH,69.59
23,88.8,1,8,3,3.5,HIGH,71.93
9,24.4,1,14,1,9.7,LOW,35.91
18,56.2,2,9,2,9.3,MEDIUM,64.15
13,31.6,3,23,1,6.8,LOW,50.63
25,84.1,3,9,2,0.5,HIGH,80.93
6,15.0,1,7,1,1.1,LOW,26.1
11,34.5,2,23,2,0.3,LOW,44.24
10,23.1,2,15,1,10.1,LOW,37.1
14,52.0,4,16,1,5.2,MEDIUM,60.25
3,15.0,2,4,1,24.8,LOW,32.88
9,15.0,1,3,1,24.3,LOW,35.2
12,35.0,2,17,3,12.8,LOW,54.46
12,37.9,2,23,3,4.7,LOW,46.86
22,78.0,3,18,2,3.0,HIGH,77.62
9,35.8,1,3,1,1.8,LOW,26.83
13,46.6,2,6,1,2.1,LOW,44.78
20,69.8,2,9,2,37.1,MEDIUM,78.34
22,77.3,1,17,3,6.0,HIGH,71.96
25,88.9,2,18,1,0.1,HIGH,71.75
12,40.9,2,3,2,0.4,LOW,48.05
23,76.9,3,9,3,4.9,HIGH,85.43
7,24.9,1,0,3,4.7,LOW,32.55
7,30.8,4,22,1,4.2,LOW,44.86
15,36.9,1,17,1,13.9,LOW,52.53
8,15.0,1,4,1,9.7,LOW,29.91
9,34.0,3,14,2,0.9,LOW,35.76
7,18.4,4,16,1,3.6,LOW,37.17
11,37.8,1,2,1,7.3,LOW,33.04
16,54.2,4,11,2,3.9,MEDIUM,66.38
13,57.2,1,1,1,1.9,MEDIUM,46.76
11,41.5,2,0,1,7.9,LOW,41.7
9,36.6,1,22,2,7.4,LOW,39.24
17,55.9,2,20,2,29.4,MEDIUM,71.62
5,15.0,2,16,2,6.6,LOW,26.7
14,42.5,2,21,1,16.6,LOW,56.53
6,27.8,2,15,2,23.8,LOW,39.93
9,33.7,2,4,2,4.6,LOW,43.64
4,15.0,5,14,1,0.4,LOW,31.6
13,54.5,1,2,2,1.2,MEDIUM,45.51
7,23.0,1,6,1,5.6,LOW,26.04
23,73.6,3,10,1,17.9,HIGH,81.41
22,72.7,1,9,1,8.5,HIGH,65.23
25,91.4,2,8,1,1.8,HIGH,77.96
12,32.6,2,13,1,9.7,LOW,41.63
13,43.9,2,12,2,18.0,LOW,56.45
11,47.1,4,1,1,0.2,LOW,42.85
3,15.0,1,2,3,2.2,LOW,20.11
12,39.6,1,6,2,1.3,LOW,34.08
23,89.8,1,20,1,12.3,HIGH,66.79
16,56.5,1,17,1,17.8,MEDIUM,58.59
13,34.5,2,2,2,6.5,LOW,51.05
14,46.6,3,9,2,15.1,LOW,66.18
13,51.5,3,21,1,8.6,MEDIUM,57.06
8,28.2,3,6,1,8.6,LOW,43.28
19,73.9,1,8,2,6.9,MEDIUM,65.82
5,15.0,1,16,1,0.4,LOW,15.02
19,64.1,5,10,3,22.1,MEDIUM,89.56
14,49.7,1,6,2,3.5,MEDIUM,50.94
3,15.0,5,23,1,13.0,LOW,47.53
11,37.4,3,13,1,13.3,LOW,50.2
19,67.1,4,18,1,27.0,MEDIUM,87.57
4,15.0,2,3,2,3.2,LOW,31.28
6,15.0,1,5,1,47.6,LOW,46.41
18,68.3,2,9,1,2.9,MEDIUM,65.23
8,27.9,3,6,2,4.8,LOW,38.07
13,30.1,1,12,1,9.8,LOW,38.66
10,29.9,3,13,1,1.3,LOW,43.79
10,34.5,1,3,2,2.5,LOW,34.81
6,15.0,2,7,1,10.4,LOW,29.48
8,21.7,4,4,3,29.3,LOW,56.93
11,35.5,1,0,2,10.6,LOW,33.54
9,28.7,1,3,1,15.9,LOW,32.0
10,27.7,1,2,1,0.3,LOW,23.84
21,70.6,1,8,1,6.9,HIGH,64.19
4,15.0,1,7,2,19.6,LOW,26.53
9,29.4,1,0,1,9.2,LOW,31.6
5,18.9,1,5,3,9.0,LOW,30.03
24,70.4,3,8,2,1.8,HIGH,79.53
4,17.9,4,6,1,15.8,LOW,38.48
3,15.0,2,3,2,16.0,LOW,29.36
13,47.1,1,12,1,7.6,LOW,40.9
11,36.3,1,16,2,4.4,LOW,36.98
12,39.6,3,1,2,13.9,LOW,56.82
12,40.1,3,4,1,5.0,LOW,47.25
24,82.0,5,11,1,13.8,HIGH,89.6
22,79.6,1,20,3,5.3,HIGH,69.41
3,15.0,3,7,2,6.9,LOW,29.08
13,42.5,2,5,3,11.0,LOW,50.45
14,51.1,4,7,1,2.5,MEDIUM,58.45
12,43.7,2,17,1,2.3,LOW,49.95
5,21.2,2,2,1,8.8,LOW,29.87
24,79.3,3,21,2,24.6,HIGH,85.11
17,65.5,3,11,1,4.7,MEDIUM,62.89
9,35.4,1,2,1,18.3,LOW,35.47
13,37.7,1,21,2,5.8,LOW,48.82
10,29.2,2,5,2,29.2,LOW,44.28
4,22.7,1,1,1,12.6,LOW,20.12
9,19.5,2,22,1,15.7,LOW,39.7
18,61.0,5,11,2,9.1,MEDIUM,82.8
13,56.8,2,1,1,16.2,MEDIUM,57.64
12,47.2,3,5,1,7.2,LOW,57.06
7,30.0,3,16,1,6.7,LOW,34.47
12,33.6,3,2,2,16.6,LOW,48.62
5,21.8,4,1,2,0.1,LOW,35.08
11,46.6,3,22,1,5.2,LOW,56.61
13,42.3,2,19,1,16.3,LOW,52.39
14,47.6,2,7,3,1.7,MEDIUM,55.43
17,63.9,2,21,3,25.4,MEDIUM,80.07
18,59.9,2,11,2,10.8,MEDIUM,58.34
4,15.0,2,3,3,11.5,LOW,34.25
5,15.0,3,4,2,8.8,LOW,36.32
12,42.7,2,12,2,4.7,LOW,48.76
9,27.6,1,14,1,4.9,LOW,34.63
8,15.0,5,22,1,14.6,LOW,54.04
14,42.8,2,15,1,1.2,LOW,44.39
19,62.3,2,9,2,5.9,MEDIUM,68.83
12,37.9,3,22,3,3.0,LOW,41.1
13,51.0,2,15,2,33.2,MEDIUM,55.53
19,68.5,2,11,1,0.0,MEDIUM,59.16
5,16.1,3,16,1,0.5,LOW,30.55
7,16.2,1,15,1,27.4,LOW,28.96
18,65.4,2,11,1,6.3,MEDIUM,63.96
5,25.8,1,7,2,1.2,LOW,28.62
15,61.4,2,19,3,4.8,MEDIUM,53.84
10,32.4,1,2,1,3.1,LOW,39.16
11,41.0,3,15,1,19.4,LOW,48.03
13,40.3,1,12,2,9.3,LOW,45.27
13,39.3,4,22,1,1.1,LOW,47.78
21,75.7,4,18,3,6.2,HIGH,85.76
8,19.7,2,7,1,1.2,LOW,21.85
17,54.9,2,21,1,8.8,MEDIUM,64.37
8,34.1,3,4,1,10.4,LOW,36.7
20,65.0,1,19,1,6.6,MEDIUM,61.85
7,17.6,1,7,2,27.0,LOW,40.9
9,42.6,1,23,1,23.1,LOW,38.6
22,78.2,2,11,1,1.8,HIGH,66.26
9,20.8,1,0,1,0.0,LOW,18.61
14,49.6,1,20,1,8.7,MEDIUM,49.82
16,53.7,2,19,1,5.2,MEDIUM,57.16
8,32.1,1,5,2,3.3,LOW,27.24
22,77.8,1,21,2,19.9,HIGH,74.74
19,64.3,4,17,3,30.7,MEDIUM,85.09
6,22.0,3,7,1,21.3,LOW,36.35
11,39.3,2,6,1,5.5,LOW,43.21
4,16.0,1,0,1,9.7,LOW,21.06
12,38.5,2,20,1,1.5,LOW,40.83
4,15.0,1,15,2,24.1,LOW,35.21
18,59.9,5,11,2,2.7,MEDIUM,77.37
8,24.5,3,5,2,1.7,LOW,40.27
17,57.4,5,19,1,0.5,MEDIUM,74.24
11,44.0,3,1,1,6.4,LOW,46.95
8,35.9,2,13,3,23.7,LOW,48.33
10,38.3,3,3,1,1.2,LOW,46.41
6,25.3,3,0,1,1.0,LOW,27.57
5,16.4,2,22,3,2.5,LOW,22.59
21,69.1,1,17,2,8.8,MEDIUM,63.55
3,15.0,2,12,2,6.3,LOW,24.19
3,16.0,1,1,1,0.8,LOW,9.46
16,60.2,3,8,1,4.7,MEDIUM,64.7
14,46.7,3,20,1,0.6,LOW,54.42
7,24.3,5,1,2,15.3,LOW,56.58
13,55.8,2,8,1,0.9,MEDIUM,50.36
11,22.8,3,0,2,5.1,LOW,38.96
18,67.1,1,10,2,5.7,MEDIUM,57.28
12,38.8,2,2,2,6.0,LOW,45.0
24,79.6,4,19,1,7.5,HIGH,90.81
7,22.1,3,22,1,9.7,LOW,37.91
14,36.5,3,3,2,0.0,LOW,49.87
12,39.5,1,17,2,0.3,LOW,47.52
12,48.5,3,22,2,7.6,LOW,54.39
3,15.0,4,5,1,1.6,LOW,31.58
13,43.3,1,2,2,14.3,LOW,42.68
15,45.7,3,21,2,7.9,MEDIUM,70.39
25,85.1,2,10,1,31.5,HIGH,83.84
12,25.4,1,14,2,10.4,LOW,35.98
13,39.4,3,21,2,0.8,LOW,46.9
11,39.7,1,4,1,1.5,LOW,40.87
17,49.8,1,19,1,0.4,MEDIUM,49.2
17,50.4,3,9,2,10.8,MEDIUM,72.14
21,68.6,3,11,1,1.1,MEDIUM,71.0
14,50.6,1,14,2,8.7,MEDIUM,48.65
4,19.7,4,16,2,6.5,LOW,37.82
14,47.6,1,9,3,8.0,MEDIUM,42.31
11,35.5,5,5,2,5.7,LOW,61.94
17,60.2,3,17,1,0.1,MEDIUM,61.94
11,36.1,2,12,1,2.3,LOW,39.05
10,38.4,1,2,2,17.3,LOW,42.5
8,36.1,2,23,1,21.2,LOW,39.92
23,77.3,1,9,2,0.8,HIGH,70.68
12,34.0,2,13,2,24.4,LOW,46.57
7,23.5,2,5,1,8.9,LOW,32.89
10,46.1,1,2,1,20.5,LOW,39.25
14,49.5,3,15,2,4.1,MEDIUM,54.02
6,15.0,1,6,3,0.9,LOW,25.87
14,47.8,2,19,1,2.9,MEDIUM,53.52
8,26.8,1,13,3,9.4,LOW,29.01
21,66.4,3,8,2,12.7,MEDIUM,68.95
3,17.8,2,14,3,0.4,LOW,26.23
20,71.7,3,20,1,5.3,MEDIUM,80.58
3,17.2,1,2,1,0.5,LOW,22.8
6,15.0,1,1,2,15.9,LOW,28.46
5,18.7,1,1,3,5.2,LOW,31.72
9,31.1,1,2,1,19.7,LOW,42.18
14,41.7,1,17,2,0.7,LOW,42.14
11,40.0,2,13,3,3.2,LOW,45.79
14,41.8,2,19,1,9.0,LOW,43.46
25,75.4,3,17,2,2.8,HIGH,79.12
14,52.0,2,9,3,14.7,MEDIUM,59.86
3,15.0,2,1,1,34.6,LOW,38.31
23,68.4,5,21,1,2.6,HIGH,82.71
3,18.8,2,0,2,3.6,LOW,24.27
8,27.6,2,3,1,27.4,LOW,48.28
10,29.2,5,13,1,3.5,LOW,43.05
9,20.8,5,0,3,6.5,LOW,49.44
3,15.0,2,13,2,11.7,LOW,31.21
10,24.2,2,15,2,4.6,LOW,35.4
17,68.1,2,21,2,3.7,MEDIUM,64.83
11,49.4,3,13,1,5.5,LOW,52.28
23,85.6,4,19,1,12.1,HIGH,90.41
12,30.8,2,2,1,3.0,LOW,43.78
4,16.8,3,2,1,3.5,LOW,29.95
18,75.2,3,8,2,1.7,MEDIUM,66.88
8,22.4,1,5,2,9.7,LOW,26.99
14,47.1,3,12,1,18.4,MEDIUM,54.77
13,55.0,2,20,1,1.6,MEDIUM,53.9
9,32.7,1,1,1,0.3,LOW,29.66
5,21.0,5,7,2,3.8,LOW,49.84
23,74.1,2,20,1,4.2,HIGH,76.05
10,25.2,2,1,1,8.3,LOW,32.74
9,33.5,3,3,2,0.7,LOW,45.19
7,20.8,5,14,1,13.8,LOW,48.5
5,15.0,4,3,1,6.8,LOW,32.65
3,15.0,2,12,2,6.3,LOW,32.8
21,76.4,2,11,1,3.0,HIGH,66.99
5,19.9,1,12,2,3.6,LOW,27.65
11,48.9,2,13,1,0.5,LOW,48.59
18,68.1,4,19,1,11.2,MEDIUM,69.57
12,41.7,3,17,1,7.4,LOW,54.27
6,21.0,1,5,3,30.0,LOW,37.05
19,71.0,1,10,2,3.5,MEDIUM,60.45
8,28.1,4,1,3,8.8,LOW,51.68
4,21.1,3,22,2,20.2,LOW,37.55
22,75.9,2,18,2,9.9,HIGH,77.67
24,85.6,2,18,1,0.3,HIGH,77.45
13,53.2,1,4,1,8.0,MEDIUM,44.26
12,31.5,3,18,1,6.3,LOW,53.78
10,42.5,2,1,1,5.5,LOW,38.58
19,73.4,3,9,1,6.4,MEDIUM,68.2
14,46.2,2,1,1,4.9,LOW,45.25
22,75.5,2,10,1,9.4,HIGH,72.09
21,69.6,1,17,1,0.1,MEDIUM,58.81
14,44.3,4,23,1,1.7,LOW,54.36
9,38.3,4,14,2,3.6,LOW,45.99
24,73.2,3,8,3,4.8,HIGH,86.68
4,15.0,4,22,1,1.1,LOW,32.68
21,63.7,3,18,1,13.7,MEDIUM,81.56
12,37.8,1,8,1,21.2,LOW,53.55
12,34.2,3,2,3,11.1,LOW,57.71
22,75.5,2,20,1,21.1,HIGH,75.36
18,64.5,2,8,2,10.9,MEDIUM,65.87
7,31.0,1,13,1,4.7,LOW,26.56
17,57.8,2,18,1,4.0,MEDIUM,59.91
5,28.9,3,6,1,1.5,LOW,34.52
8,24.7,1,15,1,0.7,LOW,24.06
3,15.0,1,15,3,2.0,LOW,30.49
12,49.2,3,0,1,6.1,LOW,47.38
13,42.3,3,3,2,1.2,LOW,39.65
11,41.0,2,3,2,24.2,LOW,48.34
8,15.0,1,6,2,2.0,LOW,27.25
11,44.3,2,7,1,14.3,LOW,43.97
5,15.0,3,16,1,13.7,LOW,37.16
12,50.2,3,4,1,1.2,LOW,47.56
5,16.9,1,6,1,9.9,LOW,22.29
17,63.7,5,19,2,13.9,MEDIUM,78.65
17,54.3,1,19,1,17.3,MEDIUM,61.63
9,49.7,1,3,2,24.6,LOW,41.09
6,21.6,2,5,1,21.3,LOW,32.96
13,58.4,2,6,3,3.0,MEDIUM,57.76
19,64.7,5,17,1,2.5,MEDIUM,76.36
13,42.3,1,4,1,4.1,LOW,28.9
14,51.7,2,19,3,5.0,MEDIUM,61.78
3,17.6,2,2,1,2.1,LOW,28.98
3,15.8,2,6,3,0.7,LOW,21.32
20,71.4,1,21,1,8.6,MEDIUM,62.28
13,44.6,1,13,1,1.5,LOW,45.99
13,49.4,1,6,2,19.7,MEDIUM,54.98
8,29.8,2,4,3,2.7,LOW,45.09
14,46.8,3,21,1,1.8,MEDIUM,53.57
5,16.1,3,4,3,1.7,LOW,34.02
14,56.3,2,22,2,2.7,MEDIUM,55.13
8,19.4,2,1,2,7.6,LOW,36.25
25,90.3,4,20,1,30.6,HIGH,104.61
15,55.7,2,21,1,5.3,MEDIUM,54.46
10,47.5,1,5,3,7.3,LOW,45.46
9,15.0,2,14,3,14.8,LOW,39.71
13,35.0,3,20,1,3.3,LOW,48.36
14,42.3,2,9,1,1.6,LOW,50.26
9,26.8,1,22,1,4.5,LOW,26.03
3,15.9,1,23,2,3.1,LOW,14.04
9,22.6,3,6,1,16.1,LOW,37.17
8,25.5,1,4,1,30.5,LOW,41.29
5,15.0,2,0,1,9.3,LOW,27.69
5,15.3,1,12,2,8.5,LOW,21.65
20,76.4,1,20,1,10.0,HIGH,64.94
18,64.7,1,17,1,5.0,MEDIUM,59.12
13,40.5,1,12,2,7.9,LOW,43.84
17,49.5,1,20,2,0.6,MEDIUM,54.61
23,81.4,3,20,1,5.4,HIGH,80.02
24,77.7,2,17,1,3.2,HIGH,70.27
8,25.6,3,4,2,0.4,LOW,41.16
13,42.7,1,12,2,6.3,LOW,37.28
12,47.5,4,3,2,3.6,LOW,57.15
8,25.1,5,16,3,7.1,LOW,51.31
13,41.7,1,2,2,5.8,LOW,34.36
9,25.1,5,16,2,2.6,LOW,44.33
24,77.1,1,10,1,6.2,HIGH,60.87
20,73.5,3,20,1,3.8,HIGH,73.45
19,64.6,1,19,1,20.3,MEDIUM,70.03
9,29.4,2,22,1,3.8,LOW,39.42
20,60.1,2,20,2,0.3,MEDIUM,66.99
13,38.0,2,3,1,11.5,LOW,44.89
7,27.0,3,1,2,26.5,LOW,43.45
13,42.9,2,19,1,1.5,LOW,49.94
9,29.3,2,15,1,28.8,LOW,48.73
20,70.1,5,17,3,7.7,MEDIUM,87.78
7,27.7,4,7,1,15.0,LOW,50.69
8,31.4,5,2,1,5.1,LOW,46.5
13,42.5,4,8,1,7.8,LOW,64.84
12,40.1,1,19,3,14.7,LOW,50.82
13,47.4,2,5,1,32.5,LOW,60.02
24,68.2,1,9,2,1.6,HIGH,72.39
22,75.8,5,20,1,18.3,HIGH,87.9
25,89.3,1,9,2,8.8,HIGH,74.85
9,26.4,2,12,1,23.5,LOW,40.11
12,33.1,1,16,2,3.1,LOW,41.4
23,86.8,1,8,2,2.2,HIGH,74.65
6,15.7,1,16,2,3.6,LOW,23.35
6,20.1,2,23,2,17.3,LOW,39.36
14,49.5,1,8,2,4.9,MEDIUM,48.26
19,59.1,2,8,2,24.2,MEDIUM,70.31
5,15.0,3,0,1,2.2,LOW,32.03
12,42.5,3,1,2,2.0,LOW,51.28
8,18.9,1,15,1,9.1,LOW,24.01
13,48.2,4,0,1,2.8,LOW,54.07
25,84.1,3,9,1,1.1,HIGH,78.73
16,67.3,1,17,1,3.8,MEDIUM,46.18
12,41.7,3,7,1,2.5,LOW,43.99
17,53.5,3,20,2,4.3,MEDIUM,66.15
19,69.3,2,10,1,1.7,MEDIUM,59.87
10,40.5,1,22,1,25.2,LOW,39.4
11,29.3,2,1,2,12.9,LOW,44.16
6,23.0,3,7,1,14.7,LOW,38.79
14,49.7,1,21,2,2.8,MEDIUM,50.03
12,46.6,3,7,2,15.5,LOW,55.84
9,24.4,2,16,3,7.1,LOW,43.37
9,34.9,2,14,2,0.5,LOW,39.91
7,26.3,2,16,1,1.3,LOW,33.07
7,22.4,2,22,1,4.7,LOW,34.88
3,26.2,4,23,1,4.0,LOW,39.45
5,15.0,3,12,3,12.7,LOW,37.46
25,83.5,2,18,1,16.6,HIGH,76.38
9,25.2,2,4,1,16.0,LOW,41.63
25,87.0,3,11,1,3.8,HIGH,86.91
14,57.8,3,0,2,8.1,MEDIUM,55.17
6,29.0,3,22,1,5.5,LOW,39.17
9,15.0,2,4,3,17.6,LOW,50.02
11,46.9,5,7,1,17.6,LOW,62.45
8,24.2,3,12,1,0.4,LOW,30.2
11,33.2,1,7,1,6.8,LOW,39.93
8,28.1,2,22,2,5.6,LOW,38.83
20,66.3,2,10,3,11.8,MEDIUM,74.52
11,35.4,3,0,1,1.7,LOW,45.92
8,22.8,1,12,1,9.5,LOW,27.9
12,42.7,2,18,2,10.7,LOW,59.85
5,24.3,2,23,1,0.2,LOW,25.64
7,24.7,1,2,1,4.5,LOW,18.13
13,43.6,2,23,1,30.9,LOW,53.98
7,27.5,3,16,1,2.9,LOW,28.27
12,48.4,2,4,1,17.3,LOW,49.29
20,68.8,2,19,1,7.1,MEDIUM,75.22
19,63.6,2,20,1,2.8,MEDIUM,57.33
13,48.0,2,7,2,14.5,LOW,49.91
9,26.5,2,13,1,37.4,LOW,43.06
4,15.0,1,3,2,10.8,LOW,24.33
17,61.5,1,10,1,0.5,MEDIUM,53.28
19,62.1,3,19,2,0.4,MEDIUM,60.75
9,27.4,2,14,1,5.4,LOW,37.51
19,53.2,3,18,2,0.0,MEDIUM,65.53
14,43.1,2,6,1,9.0,LOW,46.27
13,42.1,1,18,3,0.1,LOW,43.52
17,66.4,3,18,1,28.9,MEDIUM,77.0
19,75.1,1,10,1,17.0,HIGH,72.17
11,36.3,4,4,3,13.5,LOW,62.45
12,44.1,1,4,2,13.4,LOW,47.37
15,44.1,2,21,1,14.4,LOW,51.92
6,21.1,1,7,3,4.6,LOW,38.62
13,41.7,4,9,1,12.6,LOW,61.33
11,27.9,5,5,1,3.7,LOW,55.01
3,17.0,1,14,3,15.1,LOW,29.06
12,42.0,1,15,1,7.7,LOW,38.72
13,48.4,1,16,3,3.5,LOW,48.22
4,15.0,3,7,1,10.9,LOW,36.7
11,23.5,2,7,2,2.2,LOW,31.79
24,73.0,2,8,2,26.7,HIGH,79.19
6,25.9,1,1,3,8.7,LOW,31.4
9,29.1,3,14,2,4.1,LOW,44.51
24,85.3,2,17,1,6.4,HIGH,75.86
3,15.0,3,2,2,10.7,LOW,29.94
11,38.0,3,16,1,12.8,LOW,51.74
10,34.0,1,3,2,29.5,LOW,52.23
5,15.0,2,3,3,1.9,LOW,29.68
12,42.4,2,13,1,5.6,LOW,44.48
14,56.9,2,8,2,0.8,MEDIUM,48.88
25,82.0,1,8,1,0.7,HIGH,67.17
9,20.6,3,22,1,0.9,LOW,39.04
15,55.3,5,17,1,2.4,MEDIUM,70.27
15,42.8,5,9,2,9.5,LOW,69.83
22,68.9,3,20,1,15.8,HIGH,77.28
9,29.0,2,3,2,4.6,LOW,40.95
16,58.2,2,11,1,6.5,MEDIUM,56.92
7,26.7,1,7,2,1.8,LOW,25.45
10,32.1,2,1,1,12.5,LOW,42.0
16,46.5,1,21,2,17.5,MEDIUM,57.84
12,56.9,1,12,1,5.3,MEDIUM,44.38
24,82.7,4,20,2,1.4,HIGH,83.9
5,21.9,5,15,1,0.0,LOW,42.5
8,30.1,4,1,2,6.2,LOW,42.42
19,73.6,1,10,1,5.5,MEDIUM,60.78
19,58.2,4,9,2,20.8,MEDIUM,87.77
14,49.8,1,14,1,0.3,MEDIUM,30.67
14,45.7,2,16,2,1.3,LOW,48.7
14,41.1,2,7,1,1.8,LOW,41.92
23,86.0,2,17,1,6.3,HIGH,74.12
14,41.9,5,22,1,2.7,LOW,58.12
24,84.5,2,8,1,1.8,HIGH,73.54
6,30.5,2,7,1,5.8,LOW,33.23
10,44.0,1,13,3,0.3,LOW,32.5
19,59.1,4,17,3,29.6,MEDIUM,91.29
13,50.0,2,21,2,15.8,MEDIUM,65.37
19,68.1,3,19,1,2.5,MEDIUM,67.09
23,71.1,3,19,1,3.3,HIGH,72.57
19,53.5,3,20,2,2.3,MEDIUM,66.76
25,85.0,2,11,1,21.1,HIGH,84.67
14,54.9,1,18,3,8.5,MEDIUM,52.78
9,48.1,2,13,1,5.9,LOW,41.81
8,23.6,5,16,3,5.7,LOW,61.6
14,48.7,3,23,1,1.5,MEDIUM,56.78
20,61.8,1,20,2,26.3,MEDIUM,75.09
4,23.1,1,2,1,19.7,LOW,31.52
6,22.3,2,22,3,24.4,LOW,48.08
3,15.0,3,6,1,2.8,LOW,27.4
4,15.0,2,16,2,5.2,LOW,21.75
17,52.8,3,11,2,5.9,MEDIUM,70.08
12,46.3,4,8,1,5.4,LOW,53.67
12,47.0,2,14,1,0.2,LOW,38.8
24,89.3,1,17,1,14.3,HIGH,77.01
20,74.4,4,20,1,11.0,HIGH,76.51
5,15.0,2,12,1,5.2,LOW,33.84
24,80.4,2,20,1,2.5,HIGH,71.13
12,43.4,2,7,1,8.1,LOW,38.8
12,37.0,2,13,2,1.2,LOW,43.26
7,16.9,3,7,2,47.3,LOW,53.38
10,32.3,2,13,1,1.1,LOW,33.64
11,38.3,2,6,3,0.5,LOW,45.53
4,33.7,3,22,3,7.6,LOW,43.78
18,69.0,1,11,2,5.0,MEDIUM,62.56
15,46.7,1,10,1,10.2,MEDIUM,50.23
18,56.8,3,21,1,1.1,MEDIUM,58.0
21,65.0,4,21,2,3.6,MEDIUM,80.86
16,58.9,1,10,2,5.6,MEDIUM,55.87
22,72.5,1,21,1,4.7,HIGH,64.44
12,40.0,3,12,2,7.0,LOW,47.98
16,51.5,2,17,1,0.9,MEDIUM,55.07
3,24.0,2,1,1,5.6,LOW,23.0
13,52.0,1,20,2,6.5,MEDIUM,51.02
11,31.4,1,14,2,17.0,LOW,34.2
13,37.3,3,19,1,6.8,LOW,60.82
21,78.6,2,17,2,6.3,HIGH,73.41
6,15.0,4,14,3,13.4,LOW,45.63
23,86.1,2,18,2,0.5,HIGH,73.11
4,18.0,2,22,2,8.4,LOW,34.71
8,21.7,4,23,1,13.4,LOW,41.99
14,51.5,1,11,1,0.8,MEDIUM,43.69
11,39.8,2,12,1,13.4,LOW,39.26
18,51.7,1,21,2,12.4,MEDIUM,60.39
23,78.2,2,10,2,0.0,HIGH,74.82
13,42.1,1,4,1,2.3,LOW,38.05
9,32.8,1,0,1,1.3,LOW,30.78
9,29.6,4,23,1,5.7,LOW,49.99
7,26.1,2,2,1,19.6,LOW,37.37
23,74.5,4,21,3,7.4,HIGH,84.75
18,60.5,2,18,2,7.4,MEDIUM,61.06
7,15.9,2,22,1,1.0,LOW,24.14
5,15.0,1,6,2,8.8,LOW,29.96
14,45.1,2,11,2,17.5,LOW,63.06
4,15.0,2,14,2,4.5,LOW,17.18
7,24.2,1,4,1,9.2,LOW,28.63
14,57.3,3,14,1,2.8,MEDIUM,54.55
4,15.0,1,7,1,2.5,LOW,15.36
16,61.4,2,9,2,1.6,MEDIUM,57.79
6,22.1,2,15,2,2.2,LOW,26.63
12,29.0,5,7,2,3.4,LOW,51.96
14,62.4,1,0,1,6.7,MEDIUM,42.97
23,72.7,2,11,1,12.1,HIGH,80.43
4,15.0,2,4,1,2.7,LOW,20.79
13,46.5,1,2,3,1.5,LOW,42.4
3,15.0,2,0,1,4.8,LOW,19.4
4,18.5,1,3,1,12.5,LOW,15.7
6,27.8,1,7,3,3.9,LOW,29.46
3,15.0,1,2,2,19.6,LOW,31.02
16,53.1,3,9,2,2.3,MEDIUM,64.74
3,15.0,1,1,1,11.4,LOW,18.68
12,36.7,2,10,2,5.0,LOW,51.82
14,48.3,1,9,1,0.9,MEDIUM,43.72
24,87.6,1,20,2,2.6,HIGH,66.71
6,15.0,1,13,1,15.6,LOW,18.4
11,36.5,2,6,1,0.0,LOW,36.28
5,15.0,1,1,2,11.3,LOW,35.68
24,85.4,1,8,2,13.3,HIGH,71.62
8,30.4,3,15,2,1.0,LOW,36.92
14,53.5,2,12,1,26.2,MEDIUM,60.69
15,43.5,1,8,1,16.5,LOW,48.57
15,53.1,2,19,2,1.6,MEDIUM,56.75
5,16.5,1,3,2,2.2,LOW,18.86
16,44.4,2,21,3,13.7,MEDIUM,57.85
24,72.5,2,9,2,6.3,HIGH,70.59
18,58.5,1,21,1,20.5,MEDIUM,62.3
25,85.0,1,11,3,31.0,HIGH,95.84
10,41.3,2,16,1,3.4,LOW,37.64
8,25.4,3,13,1,0.8,LOW,39.56
14,49.8,1,13,1,9.7,MEDIUM,40.25
10,34.5,1,1,1,20.5,LOW,39.25
18,55.6,2,20,2,1.4,MEDIUM,55.62
16,51.5,2,19,2,33.8,MEDIUM,70.76
23,78.4,1,10,2,1.7,HIGH,66.1
5,15.0,1,15,1,0.7,LOW,23.59
20,71.5,1,18,1,5.5,MEDIUM,60.12
8,35.9,1,22,1,13.1,LOW,33.12
13,53.8,2,5,2,3.5,MEDIUM,53.02
6,24.5,1,23,1,3.2,LOW,26.21
19,66.6,3,18,2,1.8,MEDIUM,73.04
4,15.0,5,4,1,34.2,LOW,47.55
5,15.0,2,3,1,3.3,LOW,30.36
5,15.0,2,14,2,8.8,LOW,36.32
8,24.3,3,3,2,1.1,LOW,42.61
21,76.0,2,19,1,4.8,HIGH,71.29
24,83.2,3,9,2,12.7,HIGH,87.76
13,46.4,2,23,3,28.1,LOW,66.57
18,64.0,2,21,3,1.6,MEDIUM,65.78
6,15.9,1,2,2,0.8,LOW,27.33
11,36.0,2,4,2,35.1,LOW,58.69
9,31.9,2,5,1,6.5,LOW,37.86
22,81.5,1,20,2,3.4,HIGH,72.4
19,63.8,2,21,1,25.8,MEDIUM,72.85
6,19.0,2,7,3,4.0,LOW,37.21
13,35.9,2,6,1,2.1,LOW,44.2
17,52.9,4,20,1,13.0,MEDIUM,70.88
21,72.8,1,9,2,3.0,HIGH,66.77
11,36.4,1,5,1,3.1,LOW,27.14
11,28.6,4,13,1,4.7,LOW,50.55
4,15.0,4,3,2,9.4,LOW,29.52
6,15.0,2,12,2,14.7,LOW,39.9
15,49.3,1,19,2,2.1,MEDIUM,44.58
14,53.4,2,16,1,3.6,MEDIUM,46.03
3,15.0,1,22,2,5.5,LOW,25.83
14,41.8,4,6,1,0.2,LOW,55.27
4,15.0,3,3,1,9.6,LOW,29.42
10,36.9,1,13,2,6.7,LOW,34.95
8,29.2,4,2,2,1.1,LOW,48.32
3,15.0,2,23,1,1.1,LOW,18.09
9,16.8,5,4,2,18.0,LOW,57.11
13,46.0,5,15,1,9.2,LOW,59.46
9,28.6,1,22,1,3.9,LOW,31.07
23,88.6,1,19,1,3.3,HIGH,70.41
13,42.1,2,3,3,3.0,LOW,46.77
10,33.9,5,23,2,8.5,LOW,53.82
13,42.9,5,23,2,1.6,LOW,58.39
14,50.2,2,1,2,35.0,MEDIUM,58.01
15,53.4,1,17,2,9.3,MEDIUM,48.92
23,71.5,1,18,1,1.1,HIGH,67.2
17,49.8,3,18,1,1.2,MEDIUM,62.12
13,50.8,2,16,1,8.4,MEDIUM,44.29
10,31.2,2,13,2,3.9,LOW,44.51
23,81.5,2,18,3,8.6,HIGH,82.37
24,79.5,3,21,1,10.3,HIGH,83.22
7,15.0,4,23,1,6.2,LOW,44.13
8,35.6,2,12,1,2.4,LOW,37.58
25,89.7,1,11,2,6.4,HIGH,78.35
12,44.1,3,5,1,4.4,LOW,47.2
21,65.7,4,20,1,17.7,MEDIUM,82.44
12,45.1,2,3,2,10.8,LOW,41.21
16,56.0,1,18,2,7.7,MEDIUM,57.07
13,39.9,1,15,1,0.3,LOW,38.11
4,15.0,1,12,1,37.0,LOW,33.52
7,23.4,1,3,2,6.7,LOW,20.83
11,33.9,2,22,1,2.4,LOW,29.18
5,18.9,1,16,3,7.2,LOW,19.37
8,32.4,2,22,2,13.6,LOW,34.89
6,17.6,1,0,1,6.2,LOW,24.02
18,60.6,1,17,1,12.0,MEDIUM,58.88
13,43.5,2,19,1,4.3,LOW,49.56
12,45.8,2,16,1,7.1,LOW,42.5
3,15.0,1,14,3,4.4,LOW,19.96
23,84.4,3,10,2,6.0,HIGH,79.66
14,43.7,1,21,1,1.5,LOW,43.84
10,33.9,2,12,1,7.3,LOW,41.19
7,27.3,2,0,1,30.9,LOW,46.28
4,17.8,4,16,1,11.6,LOW,38.86
3,15.0,2,5,2,3.1,LOW,17.69
3,15.0,2,3,1,16.0,LOW,27.33
15,46.1,2,19,3,18.1,MEDIUM,65.66
6,15.0,2,15,1,1.6,LOW,22.57
8,25.3,3,14,2,0.4,LOW,46.37
13,42.3,1,14,3,6.8,LOW,42.25
9,28.1,3,5,1,5.2,LOW,38.49
3,15.0,1,14,1,10.0,LOW,18.96
12,44.2,5,13,1,2.8,LOW,52.01
25,89.1,2,10,1,3.8,HIGH,69.72
5,16.6,4,6,3,2.5,LOW,38.97
18,56.3,2,8,3,2.8,MEDIUM,52.51
6,16.9,1,15,3,0.1,LOW,26.74
8,27.0,1,4,2,5.7,LOW,29.07
20,73.1,4,19,1,5.1,HIGH,74.4
24,73.6,2,9,3,3.5,HIGH,79.03
13,40.9,2,17,3,6.2,LOW,52.45
4,15.0,1,2,1,4.0,LOW,15.18
13,48.7,5,12,1,4.5,LOW,53.3
14,39.7,1,10,2,0.0,LOW,39.8
11,33.0,1,16,1,0.5,LOW,35.27
18,47.3,4,21,1,1.3,MEDIUM,63.81
11,45.3,4,12,3,1.6,LOW,55.18
8,20.6,1,5,3,4.8,LOW,29.72
11,40.4,4,16,1,16.6,LOW,58.37
7,32.4,1,12,1,4.2,LOW,23.62
23,86.6,1,18,2,7.9,HIGH,68.74
23,67.4,3,20,2,0.2,HIGH,68.88
21,77.5,3,18,1,15.4,HIGH,79.62
20,72.9,1,9,2,1.0,HIGH,65.25
6,26.2,1,2,3,2.7,LOW,31.43
11,24.2,1,13,3,13.6,LOW,44.76
24,78.0,3,18,1,2.5,HIGH,77.81
3,15.0,5,4,1,2.4,LOW,39.64
8,24.3,1,4,3,7.4,LOW,37.19
16,59.2,3,19,1,18.7,MEDIUM,64.77
5,28.7,1,16,2,1.9,LOW,29.83
17,62.9,3,20,1,7.8,MEDIUM,68.09
14,50.0,1,9,1,7.3,MEDIUM,52.43
11,34.3,2,4,1,8.6,LOW,43.51
11,34.1,1,3,1,23.5,LOW,35.65
9,33.1,4,5,3,1.5,LOW,53.19
11,36.7,1,3,1,8.5,LOW,36.83
13,47.6,2,6,3,1.6,LOW,47.01
8,26.4,3,6,3,3.0,LOW,44.78
23,87.0,2,17,1,4.0,HIGH,75.95
12,46.8,1,2,2,14.4,LOW,50.62
4,15.0,2,0,1,0.4,LOW,29.44
7,28.4,3,23,2,10.6,LOW,44.45
13,45.7,2,3,2,19.5,LOW,55.56
8,22.9,1,5,1,0.7,LOW,27.79
20,80.4,2,8,1,12.5,HIGH,69.35
20,69.8,5,21,2,0.9,MEDIUM,86.23
13,46.3,1,13,3,26.3,LOW,52.15
18,65.9,2,11,1,13.5,MEDIUM,65.07
15,54.4,2,19,2,9.5,MEDIUM,57.78
7,29.7,1,23,1,6.4,LOW,24.54
8,19.9,2,3,2,20.3,LOW,44.98
19,73.0,4,20,1,1.0,MEDIUM,74.06
10,36.4,1,23,2,1.0,LOW,35.62
22,76.3,3,11,1,13.8,HIGH,81.24
25,80.5,3,9,2,5.3,HIGH,79.29
25,79.6,1,21,2,14.9,HIGH,72.07
10,28.4,1,6,2,4.0,LOW,40.3
4,15.0,4,2,2,4.8,LOW,34.64
13,44.6,3,22,2,3.2,LOW,52.6
9,22.5,1,13,3,24.1,LOW,41.75
6,31.0,1,23,2,5.0,LOW,28.3
25,88.0,2,9,3,11.3,HIGH,88.11
8,20.9,2,15,2,9.5,LOW,32.74
7,29.7,2,15,2,2.1,LOW,32.14
23,75.1,5,21,1,19.6,HIGH,98.5
25,80.4,2,9,2,6.3,HIGH,78.64
7,31.6,4,12,1,15.5,LOW,53.08
6,16.5,3,5,3,14.3,LOW,45.33
14,47.9,1,11,2,0.5,MEDIUM,50.83
23,83.7,3,8,3,7.7,HIGH,86.59
5,24.1,2,12,1,12.4,LOW,42.79
9,32.1,1,3,1,19.0,LOW,33.86
10,23.6,1,23,3,5.6,LOW,29.25
17,51.4,2,10,1,11.1,MEDIUM,56.74
22,83.5,2,19,1,28.0,HIGH,81.14
20,73.2,5,17,3,14.1,HIGH,102.09
16,58.3,4,10,2,15.4,MEDIUM,78.43
12,36.5,1,20,1,4.2,LOW,45.79
13,38.2,3,3,3,0.8,LOW,42.95
22,66.3,1,17,1,27.1,MEDIUM,70.9
8,24.0,1,0,3,9.5,LOW,37.36
6,22.7,1,6,1,1.5,LOW,23.12
14,56.3,2,5,2,29.1,MEDIUM,55.5
12,40.2,1,14,1,10.1,LOW,40.35
18,61.0,2,17,2,0.8,MEDIUM,58.93
8,32.8,1,23,1,1.5,LOW,28.86
23,75.3,2,10,2,16.0,HIGH,73.85
14,46.7,4,19,1,24.6,LOW,71.09
10,34.5,5,23,1,3.6,LOW,57.7
5,15.0,3,14,2,4.3,LOW,32.15
11,40.3,2,15,1,4.0,LOW,45.43
11,38.2,3,6,1,14.4,LOW,44.51
17,59.0,3,20,1,4.8,MEDIUM,62.52
25,79.1,3,9,1,3.8,HIGH,81.6
16,59.3,1,11,1,7.8,MEDIUM,51.14
3,20.3,2,23,1,5.4,LOW,23.13
9,35.0,2,13,1,6.1,LOW,31.97
12,36.3,2,4,2,4.2,LOW,36.54
23,68.8,2,20,2,4.9,HIGH,73.98
15,50.3,3,17,1,0.3,MEDIUM,56.01
11,40.9,3,4,3,20.8,LOW,62.98
14,43.5,1,2,3,0.2,LOW,39.0
12,38.9,1,22,1,11.9,LOW,37.57
13,50.9,2,4,1,2.8,MEDIUM,41.65
10,24.5,1,23,3,1.0,LOW,30.1
4,15.5,1,16,1,7.5,LOW,25.9
21,65.0,3,18,1,9.8,MEDIUM,69.59
23,83.3,2,18,1,8.0,HIGH,74.49
18,65.8,4,20,2,6.9,MEDIUM,76.77
13,44.0,3,11,1,6.1,LOW,51.63
22,76.6,4,8,2,6.2,HIGH,87.19
9,25.1,1,0,2,16.0,LOW,32.02
23,83.3,1,17,2,0.8,HIGH,73.35
24,84.0,1,20,3,1.4,HIGH,70.82
6,20.1,1,3,1,13.4,LOW,28.82
20,63.3,2,9,2,2.9,MEDIUM,74.83
11,38.0,3,6,1,11.8,LOW,52.03
25,82.8,5,21,1,3.5,HIGH,85.7
3,15.0,4,22,1,20.8,LOW,30.32
7,33.7,2,0,1,2.6,LOW,37.49
7,27.8,2,16,1,4.5,LOW,32.34
9,28.5,1,23,1,1.4,LOW,34.11
10,42.7,2,1,1,8.8,LOW,44.4
18,58.8,4,10,2,4.1,MEDIUM,73.18
13,45.9,1,8,1,22.7,LOW,58.11
4,15.0,2,6,2,0.1,LOW,23.7
13,44.3,4,21,1,3.9,LOW,66.87
13,33.8,1,16,1,0.2,LOW,32.52
8,20.0,5,16,1,3.2,LOW,44.6
13,43.8,1,1,1,3.8,LOW,40.54
7,25.6,4,5,2,2.4,LOW,42.02
13,43.4,2,13,1,2.4,LOW,45.76
7,29.0,1,5,3,2.4,LOW,30.27
11,24.7,1,1,3,2.5,LOW,37.93
13,47.1,3,0,1,2.7,LOW,53.92
19,72.6,4,9,2,15.2,MEDIUM,83.27
21,76.1,2,20,1,0.3,HIGH,65.66
13,48.2,4,4,2,36.0,LOW,71.14
9,36.6,3,1,2,2.6,LOW,46.64
15,43.7,1,21,1,0.2,LOW,50.03
9,23.3,3,15,1,1.5,LOW,30.04
5,15.1,2,1,1,22.8,LOW,36.64
13,43.6,2,9,1,48.0,LOW,65.07
12,41.9,1,1,2,2.3,LOW,36.57
12,33.6,1,15,1,2.0,LOW,33.82
11,35.8,2,15,1,14.5,LOW,43.48
19,70.4,1,18,1,19.6,MEDIUM,65.33
9,28.5,2,6,2,8.4,LOW,40.33
19,55.0,4,21,1,22.0,MEDIUM,76.89
25,75.5,1,11,2,24.0,HIGH,82.64
8,33.2,3,23,2,11.4,LOW,44.48
9,39.5,2,14,2,3.4,LOW,40.66
6,15.7,1,7,2,1.3,LOW,21.7
8,32.3,3,5,1,5.8,LOW,36.26
20,71.8,1,9,1,2.7,MEDIUM,55.87
14,39.0,1,2,2,1.0,LOW,38.65
12,43.8,1,18,3,4.0,LOW,44.36
13,48.4,2,16,2,5.2,LOW,51.61
3,15.0,2,6,1,8.7,LOW,26.62
14,45.2,2,20,1,2.0,LOW,45.71
16,55.8,1,19,3,16.2,MEDIUM,55.42
13,39.5,3,3,1,1.6,LOW,49.97
3,17.2,4,13,1,47.1,LOW,55.37
12,40.7,2,19,1,6.5,LOW,43.25
21,68.8,1,21,3,1.3,MEDIUM,63.45
9,29.7,1,14,1,14.4,LOW,36.73
13,50.2,4,23,1,2.3,MEDIUM,44.68
9,29.7,1,7,2,1.7,LOW,27.02
16,51.7,1,20,1,1.2,MEDIUM,46.71
7,15.0,2,14,3,6.4,LOW,38.24
23,79.2,3,21,2,16.9,HIGH,84.39
24,79.9,2,19,1,18.2,HIGH,82.9
10,26.8,1,13,3,12.3,LOW,36.59
24,84.2,3,8,3,7.0,HIGH,88.11
5,15.0,2,7,1,6.0,LOW,27.11
6,16.5,3,16,1,3.7,LOW,29.06
10,36.8,1,1,2,0.4,LOW,31.73
4,16.4,3,23,1,14.5,LOW,35.74
3,15.0,2,2,3,60.4,LOW,53.62
5,15.4,2,7,3,20.3,LOW,40.29
24,78.7,2,11,1,21.6,HIGH,84.33
12,35.5,1,0,3,3.2,LOW,39.32
24,79.9,1,9,1,0.8,HIGH,55.77
23,84.6,1,19,2,16.4,HIGH,71.46
8,20.6,2,2,1,11.5,LOW,28.39
12,25.3,2,5,3,4.0,LOW,37.66
12,36.3,3,6,2,14.3,LOW,52.38
21,80.6,1,19,2,1.2,HIGH,67.21
6,18.0,4,22,3,8.4,LOW,40.56
18,61.3,1,17,2,24.5,MEDIUM,70.34
24,82.1,2,10,1,19.3,HIGH,83.94
20,63.9,1,18,3,11.4,MEDIUM,75.65
4,21.7,3,4,2,2.5,LOW,36.61
24,80.2,3,18,3,0.9,HIGH,86.97
13,50.6,4,10,3,3.1,MEDIUM,67.28
6,20.7,2,23,1,7.7,LOW,26.16
17,58.3,1,11,1,3.0,MEDIUM,51.7
16,48.2,3,9,1,4.3,MEDIUM,64.34
11,43.5,3,7,2,4.1,LOW,47.83
6,19.3,4,23,1,3.3,LOW,38.8
18,62.0,1,8,2,20.6,MEDIUM,69.27
5,27.2,3,3,1,3.1,LOW,33.52
9,32.2,1,4,1,40.3,LOW,45.31
20,69.1,2,20,1,1.9,MEDIUM,61.69
11,43.3,1,7,1,16.5,LOW,49.03
8,31.2,3,22,2,10.5,LOW,45.81
19,61.8,2,8,1,8.8,MEDIUM,59.81
4,15.0,1,14,1,4.7,LOW,16.36
11,40.1,2,14,1,13.6,LOW,43.98
14,44.3,2,15,2,5.4,LOW,50.99
10,34.3,1,13,2,1.2,LOW,32.8
9,23.1,1,7,1,2.6,LOW,21.22
15,61.1,2,17,2,1.6,MEDIUM,50.29
19,60.8,3,9,1,6.7,MEDIUM,61.19
21,75.0,2,19,1,8.5,HIGH,72.0
11,41.2,2,5,2,3.3,LOW,43.17
24,92.1,4,11,1,0.3,HIGH,81.97
10,35.9,1,1,2,8.6,LOW,45.08
3,15.0,3,6,1,0.5,LOW,26.06
7,23.6,2,15,3,27.0,LOW,39.73
9,25.4,4,2,1,17.5,LOW,49.5
12,48.7,2,12,2,14.2,LOW,52.2
8,25.3,3,2,3,3.7,LOW,40.79
24,92.1,1,17,1,10.9,HIGH,73.21
25,81.1,4,10,1,0.4,HIGH,86.29
3,25.6,2,7,1,0.8,LOW,24.34
12,36.7,2,5,2,5.5,LOW,46.47
8,22.8,1,0,1,7.1,LOW,30.64
6,16.6,4,0,1,11.7,LOW,35.0
5,15.0,3,22,2,2.8,LOW,35.28
6,22.6,1,7,1,6.3,LOW,26.95
10,29.1,1,4,2,0.5,LOW,32.88
13,37.3,2,15,1,5.1,LOW,43.83
19,59.2,1,10,1,8.9,MEDIUM,54.95
11,49.6,2,4,2,36.6,LOW,65.43
7,17.0,5,3,2,11.7,LOW,53.05
13,45.3,3,5,1,43.2,LOW,69.35
11,31.9,4,13,1,5.5,LOW,54.58
23,81.0,2,21,1,4.5,HIGH,75.79
12,41.8,3,18,1,14.4,LOW,60.99
14,57.6,2,8,1,5.0,MEDIUM,44.66
21,68.8,2,11,1,11.3,MEDIUM,58.47
23,80.8,2,10,2,41.6,HIGH,91.24
13,50.5,2,13,2,10.3,MEDIUM,51.6
9,28.4,5,22,1,0.1,LOW,49.48
4,15.0,2,15,1,1.6,LOW,24.15
6,15.0,3,0,1,2.6,LOW,32.71
10,36.7,3,12,2,13.8,LOW,50.51
11,38.5,2,22,3,21.5,LOW,49.88
24,77.0,2,20,2,8.4,HIGH,71.88
17,50.4,2,20,2,0.7,MEDIUM,57.5
12,39.2,1,12,2,5.5,LOW,36.73
14,40.5,3,1,1,15.7,LOW,52.97
9,31.2,4,3,1,3.6,LOW,38.42
9,34.3,1,5,2,0.5,LOW,30.89
5,15.0,4,22,1,12.1,LOW,40.58
4,15.0,1,4,2,8.6,LOW,17.98
12,50.4,2,2,2,5.0,LOW,48.43
10,37.7,2,0,2,15.2,LOW,40.19
11,28.9,1,3,1,15.2,LOW,39.07
15,48.1,1,19,2,9.7,MEDIUM,50.27
10,23.1,2,1,2,22.8,LOW,49.99
10,40.9,1,4,2,4.8,LOW,33.36
4,15.0,1,2,2,10.4,LOW,20.35
12,41.6,1,8,3,14.2,LOW,52.34
25,92.2,1,19,1,8.1,HIGH,75.52
8,25.8,1,5,1,6.4,LOW,31.89
24,83.2,2,17,1,10.5,HIGH,79.33
4,20.1,3,5,1,3.5,LOW,26.23
22,69.9,1,18,3,3.7,HIGH,69.5
12,33.3,1,11,3,30.0,LOW,52.93
22,85.6,3,10,1,1.0,HIGH,79.48
13,39.8,1,1,1,14.8,LOW,47.55
8,15.0,3,14,1,12.4,LOW,39.3
22,70.5,1,11,2,0.4,HIGH,63.13
23,74.1,1,11,1,9.7,HIGH,74.28
17,69.9,1,8,1,0.8,MEDIUM,59.71
18,64.5,1,20,1,1.9,MEDIUM,47.12
9,29.3,3,23,1,25.4,LOW,51.14
9,26.5,1,1,3,3.6,LOW,33.08
19,68.7,5,21,1,0.5,MEDIUM,71.48
12,47.1,2,2,1,5.9,LOW,49.79
24,84.6,4,11,1,1.8,HIGH,80.04
14,53.1,1,15,1,4.4,MEDIUM,45.4
18,70.5,1,20,2,0.9,MEDIUM,56.11
4,15.0,2,23,1,0.8,LOW,17.49
3,15.0,1,0,1,5.6,LOW,18.36
20,65.4,3,20,2,3.3,MEDIUM,65.32
4,21.1,2,2,1,1.3,LOW,32.26
13,48.6,3,19,2,6.9,LOW,62.26
11,38.3,1,1,1,0.5,LOW,30.02
13,41.0,2,8,1,11.2,LOW,51.38
25,80.1,2,18,2,0.4,HIGH,72.1
7,23.8,3,14,2,28.2,LOW,50.27
14,41.6,1,17,2,10.6,LOW,45.26
13,42.8,4,10,1,18.2,LOW,59.63
4,20.8,5,22,1,4.6,LOW,42.0
3,15.0,4,15,1,0.5,LOW,37.61
19,63.2,2,21,2,2.1,MEDIUM,60.61
3,15.0,2,16,2,28.3,LOW,33.28
5,22.8,1,4,1,7.7,LOW,21.83
20,78.8,4,11,2,2.1,HIGH,77.18
13,37.3,5,10,2,5.3,LOW,65.58
12,48.0,1,14,1,3.1,LOW,38.79
7,28.6,2,2,2,5.4,LOW,33.53
11,30.0,4,0,1,14.5,LOW,45.64
14,41.7,1,19,1,2.0,LOW,42.66
3,15.9,1,15,3,4.1,LOW,24.54
13,47.5,5,1,1,4.7,LOW,56.75
14,37.2,3,1,1,7.1,LOW,51.85
9,25.6,4,2,2,0.6,LOW,48.99
9,33.8,1,7,3,1.9,LOW,35.91
6,26.0,1,23,3,4.1,LOW,26.32
5,19.4,2,14,2,13.3,LOW,39.1
3,15.0,2,6,1,1.7,LOW,25.72
9,26.3,1,5,3,17.1,LOW,40.91
17,51.9,4,8,2,3.3,MEDIUM,68.27
14,51.8,4,19,1,2.3,MEDIUM,66.31
3,15.0,1,0,2,4.2,LOW,21.47
3,15.0,1,7,1,6.5,LOW,22.41
5,18.0,1,22,1,10.6,LOW,22.73
5,15.0,2,22,2,5.2,LOW,27.09
4,18.9,1,2,2,13.6,LOW,20.05
10,41.0,2,3,1,13.7,LOW,49.14
14,53.2,2,14,1,0.0,MEDIUM,50.33
10,35.3,4,5,2,12.5,LOW,51.73
8,26.6,1,14,1,4.7,LOW,28.11
18,57.5,2,20,1,27.3,MEDIUM,72.9
8,34.8,3,2,2,13.7,LOW,49.13
12,50.5,2,20,3,3.9,LOW,56.22
18,57.2,5,20,2,8.1,MEDIUM,78.02
9,24.1,2,13,2,1.7,LOW,33.84
15,44.7,4,19,2,2.7,MEDIUM,65.21
10,28.2,1,13,2,1.8,LOW,30.79
5,19.0,2,3,1,11.1,LOW,37.17
16,46.5,2,11,3,0.1,MEDIUM,57.72
9,27.2,5,16,1,4.2,LOW,49.08
12,37.6,1,6,1,14.5,LOW,38.86
25,86.0,1,8,1,9.9,HIGH,69.04
4,15.0,2,2,2,4.4,LOW,30.4
7,26.5,1,12,1,8.0,LOW,20.68
10,33.3,2,14,1,4.5,LOW,38.42
17,59.0,5,17,2,14.9,MEDIUM,76.67
17,69.4,4,18,3,6.8,MEDIUM,79.98
4,15.0,1,0,2,8.0,LOW,27.72
6,22.0,1,5,1,35.8,LOW,40.11
13,58.7,2,22,1,11.8,MEDIUM,47.25
7,22.9,2,1,2,2.7,LOW,28.42
8,36.0,3,23,1,11.9,LOW,42.87
14,55.0,3,13,2,21.1,MEDIUM,58.51
8,21.6,2,5,1,2.8,LOW,27.75
14,48.5,1,13,3,13.6,MEDIUM,48.89
3,15.0,3,3,1,2.2,LOW,29.3
22,80.4,1,20,1,4.6,HIGH,74.34
13,39.5,1,7,3,9.4,LOW,46.05
12,36.0,3,2,1,2.2,LOW,42.22
15,56.3,2,18,1,1.7,MEDIUM,58.68
7,17.7,3,13,2,5.0,LOW,41.58
19,62.7,2,19,1,12.2,MEDIUM,69.22
9,22.0,1,16,1,7.2,LOW,33.32
10,29.0,2,7,1,9.7,LOW,45.77
13,42.7,2,23,1,9.4,LOW,35.76
13,43.4,1,13,1,6.3,LOW,38.77
7,24.7,3,5,2,3.0,LOW,33.58
4,15.0,3,22,2,4.4,LOW,34.4
20,73.4,2,21,1,3.8,HIGH,67.53
14,55.1,4,15,1,0.7,MEDIUM,57.87
17,53.6,4,18,3,18.3,MEDIUM,77.95
12,30.8,4,13,3,8.2,LOW,58.33
23,80.7,3,18,1,15.6,HIGH,84.46
3,16.3,2,2,2,12.0,LOW,27.65
20,63.3,2,9,2,0.6,MEDIUM,60.86
18,59.4,3,18,1,1.9,MEDIUM,70.39
22,80.6,1,8,1,24.1,HIGH,77.76
13,50.9,3,19,1,5.0,MEDIUM,41.74
3,15.0,2,12,2,13.4,LOW,25.08
11,37.6,1,6,2,6.9,LOW,36.39
12,37.9,2,13,2,13.9,LOW,50.77
18,62.5,1,8,1,10.6,MEDIUM,50.67
14,48.1,1,22,2,2.6,MEDIUM,37.72
18,65.2,4,18,2,37.9,MEDIUM,88.95
8,29.6,2,14,3,5.4,LOW,39.99
17,49.5,2,19,1,7.0,MEDIUM,55.16
8,26.3,1,13,2,6.2,LOW,32.19
11,45.2,2,23,1,17.3,LOW,44.69
11,23.0,1,5,2,2.6,LOW,26.87
25,76.9,3,20,2,0.5,HIGH,81.81
12,34.8,3,3,1,4.5,LOW,48.1
9,34.6,4,7,2,20.0,LOW,59.93
5,15.0,1,16,1,4.6,LOW,15.61
25,85.7,2,8,2,2.6,HIGH,80.49
7,26.8,3,0,1,7.7,LOW,39.35
11,40.3,1,23,2,10.7,LOW,47.73
19,60.6,1,19,3,5.0,MEDIUM,58.6
12,38.9,3,13,1,3.8,LOW,46.44
21,70.2,3,10,2,3.6,HIGH,74.54
16,64.3,2,20,1,4.4,MEDIUM,51.96
7,22.5,1,2,1,14.8,LOW,35.23
22,78.5,2,8,2,5.3,HIGH,69.93
4,17.9,2,13,2,3.0,LOW,23.77
22,81.4,2,8,3,1.6,HIGH,74.57
14,52.9,2,3,3,2.7,MEDIUM,48.66
5,17.3,2,3,2,5.0,LOW,31.65
13,47.2,3,7,2,6.3,LOW,53.3
13,59.1,3,1,2,7.8,MEDIUM,48.58
22,70.4,2,8,1,0.6,HIGH,59.69
6,17.4,1,13,1,7.6,LOW,25.84
19,57.7,2,21,1,3.5,MEDIUM,58.05
14,48.7,1,8,2,2.4,MEDIUM,48.62
8,24.4,2,23,2,3.2,LOW,35.72
10,27.6,5,22,2,12.3,LOW,53.19
4,15.0,2,15,1,13.0,LOW,22.94
4,15.0,1,16,3,0.9,LOW,25.6
3,17.7,1,15,1,5.5,LOW,17.1
24,87.8,1,11,2,6.0,HIGH,78.4
9,41.2,1,2,1,0.2,LOW,32.69
22,90.7,2,10,1,10.1,HIGH,76.98
7,15.0,2,13,2,3.7,LOW,38.82
17,56.8,1,17,3,4.3,MEDIUM,56.4
22,82.6,1,20,1,7.5,HIGH,65.56
18,68.8,3,20,1,5.1,MEDIUM,70.49
5,22.2,2,4,1,11.0,LOW,30.1
10,27.7,3,15,1,7.2,LOW,39.39
21,73.1,1,19,1,2.0,HIGH,58.82
9,37.0,3,4,2,16.4,LOW,44.49
12,38.7,2,2,3,1.9,LOW,45.96
18,56.6,1,11,1,10.0,MEDIUM,59.82
4,15.0,1,0,2,12.6,LOW,25.29
18,57.8,2,20,1,9.3,MEDIUM,65.32
20,69.6,2,8,1,4.4,MEDIUM,65.26
20,59.4,1,8,1,16.8,MEDIUM,62.46
4,23.4,3,3,2,3.2,LOW,34.86
12,37.4,1,2,1,9.3,LOW,36.86
7,17.7,2,16,1,16.8,LOW,34.56
7,21.4,2,1,1,1.4,LOW,28.32
7,25.4,2,23,1,8.5,LOW,27.51
8,17.9,4,0,1,18.5,LOW,48.58
5,15.0,5,7,3,0.9,LOW,40.81
12,40.4,1,12,2,1.3,LOW,36.15
7,19.8,2,22,3,3.8,LOW,43.37
10,28.2,3,14,1,41.4,LOW,62.08
6,26.1,2,7,1,2.0,LOW,25.67
14,53.2,2,11,1,3.1,MEDIUM,48.75
18,66.7,5,21,1,14.4,MEDIUM,80.55
21,74.8,2,11,2,1.1,HIGH,70.27
10,26.9,1,13,1,44.6,LOW,41.32
4,15.0,3,14,1,10.7,LOW,30.71
12,48.9,5,14,2,25.6,LOW,75.96
13,36.9,3,8,1,1.2,LOW,50.68
21,65.5,2,18,3,2.1,MEDIUM,66.72
14,49.2,4,19,1,3.7,MEDIUM,57.52
17,62.4,5,21,2,0.4,MEDIUM,71.23
11,41.5,4,7,1,0.5,LOW,54.01
17,59.7,2,20,3,18.7,MEDIUM,71.89
18,55.2,3,18,1,0.3,MEDIUM,62.51
3,15.0,3,5,2,11.1,LOW,37.23
20,64.3,1,19,1,10.1,MEDIUM,64.92
25,87.0,2,18,2,0.6,HIGH,77.34
6,19.7,3,3,1,1.7,LOW,34.31
10,32.1,4,22,1,4.9,LOW,42.35
12,54.8,4,6,3,8.2,MEDIUM,61.96
10,26.9,1,3,3,18.1,LOW,41.67
12,36.4,2,21,1,6.0,LOW,41.71
14,54.0,2,11,2,22.0,MEDIUM,62.5
13,54.7,4,12,1,1.7,MEDIUM,63.21
11,41.4,1,2,2,7.8,LOW,41.12
17,56.4,3,21,2,14.9,MEDIUM,70.56
12,36.1,2,11,1,2.1,LOW,41.12
14,52.8,4,1,3,12.4,MEDIUM,73.65
6,20.4,2,23,2,4.1,LOW,35.07
5,15.0,3,1,1,63.1,LOW,59.97
14,54.0,5,22,2,0.8,MEDIUM,62.45
21,70.5,3,8,1,6.4,HIGH,64.24
6,15.0,1,0,2,12.2,LOW,33.66
5,17.7,1,7,2,9.0,LOW,31.53
11,35.3,3,22,1,5.6,LOW,44.59
10,28.0,2,5,2,5.8,LOW,34.01
14,49.4,3,5,2,4.2,MEDIUM,55.7
24,84.3,3,21,2,3.4,HIGH,81.23
23,63.1,5,17,1,7.2,MEDIUM,91.62
14,54.1,2,16,1,11.0,MEDIUM,50.27
25,91.0,3,11,2,2.6,HIGH,84.15
5,16.3,1,5,1,23.4,LOW,27.47
12,36.1,2,7,1,3.6,LOW,38.78
22,78.0,1,18,2,4.6,HIGH,63.51
12,40.8,3,9,1,4.2,LOW,56.79
3,15.0,3,0,2,0.9,LOW,24.15
3,15.0,1,12,2,1.0,LOW,18.4
14,48.7,2,16,2,12.7,MEDIUM,54.05
10,42.0,3,2,1,3.8,LOW,37.41
8,19.3,3,7,1,1.9,LOW,32.83
6,22.3,3,13,1,9.8,LOW,37.1
5,15.0,5,2,2,25.7,LOW,53.46
11,39.3,4,15,1,22.1,LOW,58.05
11,40.9,2,12,3,10.3,LOW,42.82
19,57.2,2,19,2,1.7,MEDIUM,57.93
6,23.8,2,23,3,1.3,LOW,35.81
13,45.8,3,16,1,16.4,LOW,58.61
10,41.8,2,12,1,26.3,LOW,53.35
6,20.5,3,5,3,7.8,LOW,40.51
10,35.7,1,16,1,18.5,LOW,41.08
9,33.2,4,13,1,13.5,LOW,43.82
14,56.1,3,16,1,1.3,MEDIUM,46.47
8,16.3,2,7,3,2.0,LOW,33.41
22,65.5,2,10,2,0.6,MEDIUM,68.15
17,57.2,1,19,2,5.1,MEDIUM,54.5
13,46.4,3,0,2,3.1,LOW,50.38
14,37.7,3,6,1,4.4,LOW,44.01
16,54.0,2,20,2,0.1,MEDIUM,54.74
17,53.3,1,20,1,10.2,MEDIUM,49.51
6,15.0,1,16,2,1.8,LOW,28.18
24,80.6,2,9,1,3.7,HIGH,69.13
17,62.1,1,10,1,4.1,MEDIUM,56.86
21,82.5,2,21,2,0.5,HIGH,70.58
14,60.3,1,8,1,3.6,MEDIUM,51.27
24,89.1,2,8,2,18.4,HIGH,84.88
7,25.7,3,23,1,17.9,LOW,40.31
12,40.2,4,4,1,0.2,LOW,48.23
3,15.0,2,16,1,0.2,LOW,24.78
24,82.5,3,8,2,7.2,HIGH,80.35
9,37.3,1,16,1,1.8,LOW,28.91
7,33.4,2,23,2,18.3,LOW,48.46
22,67.8,4,20,1,5.3,MEDIUM,77.6
16,52.6,1,18,1,3.2,MEDIUM,50.27
3,15.9,1,6,1,24.5,LOW,19.97
9,29.8,1,22,3,3.1,LOW,33.59
25,82.5,2,8,2,3.1,HIGH,77.34
10,41.0,3,6,1,1.1,LOW,41.27
6,17.3,1,12,2,2.0,LOW,26.0
25,88.9,1,10,2,11.4,HIGH,77.2
13,42.3,4,13,1,11.4,LOW,53.93
13,57.5,2,18,2,3.9,MEDIUM,53.34
15,58.5,2,10,1,3.4,MEDIUM,57.1
9,28.6,4,12,2,4.3,LOW,42.45
5,18.7,2,13,2,2.9,LOW,27.62
6,23.9,4,12,1,7.5,LOW,41.32
11,34.9,5,0,1,14.5,LOW,64.3
3,15.0,1,7,3,0.1,LOW,27.47
12,45.8,2,11,2,22.0,LOW,61.33
20,68.0,2,18,2,1.0,MEDIUM,66.05
16,46.0,4,11,1,18.4,MEDIUM,76.03
8,30.6,2,7,1,2.1,LOW,36.38
9,36.4,3,7,1,19.9,LOW,49.97
15,49.0,5,20,1,12.4,MEDIUM,76.17
6,15.8,3,12,2,2.5,LOW,32.97
24,89.6,4,11,3,0.2,HIGH,84.19
7,24.7,3,15,2,10.1,LOW,44.66
6,19.9,4,0,1,13.8,LOW,41.86
6,19.9,1,12,2,9.1,LOW,28.17
11,46.1,3,6,3,3.8,LOW,52.36
8,28.8,3,4,2,1.1,LOW,43.4
5,19.7,2,7,2,3.4,LOW,26.46
5,16.1,1,13,3,2.5,LOW,19.69
12,40.9,2,22,2,10.3,LOW,48.02
10,32.1,1,12,1,1.4,LOW,34.96
5,19.9,2,14,1,13.7,LOW,25.44
6,15.0,2,22,3,7.6,LOW,34.92
8,28.6,5,16,1,5.3,LOW,50.21
11,35.2,1,14,1,3.6,LOW,40.52
24,78.5,3,19,1,5.7,HIGH,81.15
20,70.7,1,17,2,6.2,MEDIUM,59.76
13,44.2,2,17,3,2.2,LOW,56.05
8,21.2,2,1,1,35.9,LOW,46.14
6,15.1,2,3,2,19.2,LOW,38.04
7,25.0,3,0,3,4.0,LOW,34.75
7,19.1,3,3,1,2.3,LOW,29.08
18,51.3,3,17,1,2.9,MEDIUM,58.92
7,28.7,2,4,3,31.4,LOW,56.74
15,43.6,3,18,1,4.2,LOW,57.82
14,45.5,2,14,2,19.4,LOW,51.33
7,18.3,1,7,2,0.5,LOW,26.22
23,72.5,4,19,1,12.0,HIGH,85.16
11,39.4,4,16,3,11.5,LOW,60.74
7,19.9,2,0,1,8.4,LOW,27.12
21,70.1,4,11,1,1.0,MEDIUM,76.9
15,40.1,3,18,1,31.9,LOW,67.68
6,30.9,2,14,1,1.9,LOW,26.64
19,66.7,2,8,2,9.9,MEDIUM,73.75
10,42.4,5,6,2,11.1,LOW,65.83
6,28.1,3,1,3,11.4,LOW,45.09
12,47.9,2,8,1,14.0,LOW,51.32
24,80.1,2,9,2,36.2,HIGH,91.16
3,15.0,2,1,2,0.8,LOW,10.06
25,79.0,2,18,2,5.1,HIGH,83.93
22,75.3,2,10,2,29.5,HIGH,90.08
3,15.0,2,12,1,17.1,LOW,34.72
19,73.1,3,9,1,37.4,MEDIUM,81.47
9,36.0,4,13,1,7.0,LOW,47.64
21,75.1,5,17,2,8.9,HIGH,93.68
12,37.4,3,18,3,2.5,LOW,51.01
19,71.6,4,21,1,4.9,MEDIUM,75.99
23,68.7,4,8,1,0.2,HIGH,76.29
8,26.6,1,6,1,10.2,LOW,21.47
3,15.0,4,2,2,20.8,LOW,45.55
25,94.8,1,19,1,1.0,HIGH,72.36
8,19.4,2,5,1,4.8,LOW,31.59
17,65.9,2,20,1,7.8,MEDIUM,57.37
12,47.7,2,1,2,8.0,LOW,52.13
7,31.1,2,5,2,2.9,LOW,35.88
13,40.8,3,2,2,0.2,LOW,50.9
12,43.5,1,15,1,17.5,LOW,46.65
4,19.0,5,7,1,0.8,LOW,41.49
3,15.0,2,1,1,1.6,LOW,19.01
14,49.7,4,16,1,26.3,MEDIUM,68.7
16,57.3,2,8,1,5.6,MEDIUM,57.87
25,81.2,2,11,1,16.6,HIGH,81.06
4,15.0,2,2,2,18.2,LOW,35.7
14,52.3,3,10,1,36.4,MEDIUM,68.54
14,44.0,1,0,1,0.3,LOW,27.97
13,46.2,2,22,3,0.4,LOW,46.64
13,36.5,1,12,2,1.7,LOW,31.88
5,15.7,2,14,2,8.5,LOW,28.99
14,56.6,5,4,2,2.4,MEDIUM,58.69
17,59.1,1,20,1,5.5,MEDIUM,54.42
6,27.6,3,16,2,12.3,LOW,41.07
12,50.9,3,22,2,1.6,LOW,50.2
14,53.0,1,23,1,2.7,MEDIUM,43.45
9,33.2,1,5,1,10.4,LOW,37.53
21,70.8,1,20,1,0.1,HIGH,57.71
16,53.1,1,21,1,11.3,MEDIUM,54.84
14,45.7,1,10,1,9.0,LOW,49.32
21,78.0,2,17,1,1.1,HIGH,61.43
13,45.5,2,3,1,2.2,LOW,46.63
8,32.3,3,2,1,0.1,LOW,33.49
11,47.3,3,12,1,7.0,LOW,44.89
7,35.4,3,22,1,4.0,LOW,36.86
14,51.8,2,8,1,4.4,MEDIUM,48.67
14,51.8,2,20,2,0.9,MEDIUM,50.71
7,22.6,2,5,1,3.5,LOW,31.81
20,73.7,2,11,3,20.1,HIGH,74.3
5,15.0,2,1,2,0.5,LOW,30.45
3,15.0,4,2,2,29.5,LOW,43.52
10,27.9,1,2,2,15.1,LOW,41.37
14,39.9,2,11,1,1.8,LOW,50.78
14,49.5,3,14,1,9.8,MEDIUM,49.78
23,72.3,3,8,3,0.8,HIGH,75.76
14,44.4,1,22,1,1.4,LOW,40.97
6,23.0,1,7,3,5.4,LOW,33.96
25,90.7,4,10,2,4.1,HIGH,90.58
14,59.4,1,15,1,13.5,MEDIUM,51.97
12,29.5,2,21,1,22.4,LOW,57.92
5,15.0,4,3,2,22.9,LOW,43.75
10,22.7,4,0,1,1.3,LOW,48.91
13,36.6,1,23,1,9.3,LOW,41.75
12,43.9,2,6,2,6.8,LOW,42.77
7,23.6,1,1,2,3.7,LOW,25.45
11,27.8,2,23,1,42.1,LOW,58.73
11,39.4,2,4,1,4.9,LOW,46.04
13,53.5,5,6,3,8.8,MEDIUM,68.27
4,15.0,2,3,2,5.6,LOW,37.05
7,26.3,2,4,2,0.9,LOW,38.54
9,40.2,2,23,3,1.2,LOW,44.04
9,25.3,1,0,1,11.1,LOW,33.98
12,40.3,2,0,1,12.9,LOW,47.71
5,15.0,1,14,2,3.6,LOW,16.85
23,86.3,3,19,2,0.6,HIGH,77.48
20,70.5,2,18,1,25.2,MEDIUM,74.94
14,43.9,1,9,1,5.5,LOW,45.02
13,43.1,2,17,2,1.2,LOW,53.52
9,36.2,1,2,1,1.8,LOW,30.58
18,51.6,1,10,3,0.4,MEDIUM,59.63
5,15.0,4,14,1,9.9,LOW,37.9
22,76.1,4,10,1,9.7,HIGH,87.98
11,42.8,1,16,1,7.4,LOW,37.65
14,50.3,3,16,2,6.3,MEDIUM,54.6
14,38.9,2,5,3,3.8,LOW,52.17
9,36.6,2,4,2,24.1,LOW,51.06
3,17.3,3,7,3,12.9,LOW,38.41
12,46.8,1,1,1,19.1,LOW,38.37
12,40.9,1,15,1,3.0,LOW,39.74
22,71.4,1,19,2,30.6,HIGH,71.89
7,32.5,1,23,3,1.4,LOW,26.29
20,65.2,1,11,2,0.5,MEDIUM,60.9
9,31.4,2,5,2,3.1,LOW,35.72
11,43.0,2,0,1,1.8,LOW,39.86
5,24.6,3,3,1,5.8,LOW,39.66
6,16.1,2,16,3,3.4,LOW,34.39
11,45.2,1,12,1,1.5,LOW,31.73
12,37.5,1,17,1,14.9,LOW,49.95
6,25.2,4,4,2,5.7,LOW,37.8
7,27.8,1,23,1,0.9,LOW,22.32
6,20.8,4,23,2,0.6,LOW,39.92
9,22.4,2,2,1,3.9,LOW,30.74
12,34.8,4,10,2,19.1,LOW,68.96
11,43.4,2,12,2,5.7,LOW,44.36
13,47.0,1,3,2,1.2,LOW,41.86
6,23.8,2,13,1,2.3,LOW,28.82
22,73.1,2,21,1,0.4,HIGH,71.25
23,75.9,2,10,1,14.3,HIGH,71.87
21,74.2,2,9,1,23.4,HIGH,70.08
24,79.6,1,18,2,0.6,HIGH,72.49
15,53.7,2,17,1,1.5,MEDIUM,50.71
9,23.6,4,5,1,1.5,LOW,38.75
11,37.9,5,14,1,13.0,LOW,59.65
12,36.5,2,20,2,14.6,LOW,55.05
13,45.6,1,9,1,4.3,LOW,49.35
14,41.1,1,4,3,27.9,LOW,56.05
14,55.4,3,4,2,2.4,MEDIUM,55.02
15,41.2,3,9,2,6.0,LOW,58.14
4,19.9,4,4,2,44.8,LOW,62.89
8,25.3,2,2,1,14.0,LOW,41.31
5,20.7,4,22,2,5.3,LOW,33.68
13,47.0,3,5,2,0.9,LOW,56.52
8,24.1,2,3,3,18.8,LOW,41.91
22,72.3,3,17,3,6.2,HIGH,84.97
14,53.9,1,8,1,2.9,MEDIUM,49.12
8,28.2,2,16,1,4.8,LOW,37.13
9,29.0,5,12,2,3.0,LOW,56.06
8,24.8,1,14,2,6.4,LOW,32.62
17,56.4,3,19,1,2.5,MEDIUM,65.46
7,33.7,2,16,1,4.7,LOW,29.59
12,49.8,3,12,1,4.4,LOW,61.36
8,37.4,3,15,2,7.7,LOW,41.72
20,77.9,4,21,3,0.1,HIGH,83.04
11,33.2,3,3,2,7.3,LOW,48.14
7,24.2,2,4,1,7.2,LOW,33.54
14,44.0,1,4,1,4.0,LOW,35.61
14,53.0,3,8,1,2.3,MEDIUM,57.5
6,19.5,2,16,1,14.6,LOW,29.52
12,38.3,3,12,2,3.4,LOW,41.91
14,45.2,1,1,1,3.0,LOW,37.88
7,19.4,4,12,2,5.0,LOW,50.26
23,82.4,2,21,3,2.6,HIGH,75.29
17,61.0,4,20,3,14.2,MEDIUM,81.42
4,15.0,3,22,1,6.7,LOW,32.62
21,76.9,1,18,1,11.2,HIGH,69.98
11,39.4,2,2,1,10.9,LOW,43.49
18,55.5,4,9,2,12.4,MEDIUM,79.75
5,15.0,3,1,3,16.3,LOW,43.87
14,42.1,2,12,1,20.2,LOW,58.25
21,76.9,5,18,1,3.9,HIGH,80.64
14,56.5,1,16,3,4.7,MEDIUM,52.4
14,31.0,2,20,2,0.4,LOW,50.73
4,15.0,3,13,3,20.8,LOW,40.45
25,92.8,1,11,1,7.1,HIGH,73.8
21,69.7,2,20,1,10.0,MEDIUM,76.61
12,47.1,3,11,1,4.6,LOW,53.98
17,58.3,2,10,1,5.1,MEDIUM,62.76
11,39.3,1,6,2,6.3,LOW,39.39
9,37.2,2,3,1,12.7,LOW,45.65
22,74.6,2,18,1,7.6,HIGH,70.41
13,39.1,2,0,3,13.3,LOW,56.47
3,15.0,3,23,1,2.0,LOW,25.74
12,38.4,1,2,2,1.8,LOW,38.47
12,54.5,3,12,1,1.9,MEDIUM,43.98
4,15.0,3,14,2,0.0,LOW,26.48
14,50.8,3,1,1,1.6,MEDIUM,50.79
20,73.5,2,10,2,1.0,HIGH,67.24
7,31.1,2,3,1,4.8,LOW,25.94
25,92.1,2,18,1,1.1,HIGH,77.26
14,54.7,3,16,2,4.3,MEDIUM,56.18
6,19.8,2,2,1,60.9,LOW,50.06
22,79.6,2,17,1,5.6,HIGH,75.24
13,32.9,2,7,3,20.7,LOW,54.45
21,75.3,3,21,3,9.7,HIGH,77.57
8,31.4,1,23,1,18.0,LOW,37.76
15,56.1,5,18,1,7.9,MEDIUM,64.71
4,18.9,1,4,1,13.3,LOW,17.39
10,39.4,2,6,1,2.9,LOW,32.13
12,38.8,2,20,3,3.7,LOW,53.43
7,22.3,1,7,2,25.8,LOW,40.0
12,45.0,4,4,1,2.5,LOW,48.67
8,16.6,2,16,3,4.4,LOW,37.59
5,15.0,1,4,2,8.4,LOW,30.66
10,30.5,3,3,2,4.0,LOW,41.89
21,69.0,3,21,1,0.2,MEDIUM,64.56
18,63.0,5,18,1,12.6,MEDIUM,89.82
19,77.2,2,20,2,3.3,HIGH,68.91
14,44.9,1,1,1,2.1,LOW,34.33
19,67.4,1,10,1,5.6,MEDIUM,56.85
14,37.9,3,21,1,0.1,LOW,43.04
4,15.0,2,12,1,16.0,LOW,25.26
7,28.1,5,14,2,2.4,LOW,49.56
21,69.2,3,11,2,20.5,MEDIUM,83.21
19,61.0,4,21,1,9.1,MEDIUM,67.76
18,48.8,5,20,1,6.4,MEDIUM,76.29
25,80.5,2,21,2,13.1,HIGH,80.26
20,74.8,1,10,1,40.0,HIGH,78.83
6,17.8,1,6,2,2.3,LOW,30.16
12,41.4,2,4,2,3.5,LOW,47.2
7,19.3,2,16,1,5.3,LOW,29.94
12,39.0,1,23,2,6.2,LOW,38.15
15,58.2,2,19,2,6.4,MEDIUM,55.76
23,75.5,2,8,1,6.4,HIGH,66.68
14,43.2,1,13,1,14.1,LOW,40.73
23,85.5,2,11,3,4.1,HIGH,81.89
7,23.6,1,5,1,0.1,LOW,22.34
12,39.0,2,16,2,16.7,LOW,42.69
18,62.3,1,18,2,8.7,MEDIUM,58.09
16,60.8,3,18,1,1.7,MEDIUM,66.55
10,34.8,1,15,1,0.2,LOW,28.87
20,63.8,4,11,1,3.0,MEDIUM,68.2
23,78.9,2,11,1,1.1,HIGH,71.65
17,48.4,2,19,2,18.2,MEDIUM,66.16
10,28.5,2,5,3,2.6,LOW,38.05
10,36.0,2,22,2,9.8,LOW,44.12
12,41.0,1,3,1,8.6,LOW,39.44
9,33.0,3,5,3,10.0,LOW,49.03
13,46.8,4,10,2,6.0,LOW,69.53
12,45.7,5,0,3,10.5,LOW,67.63
13,44.9,3,23,1,5.7,LOW,49.42
9,36.7,2,22,2,3.8,LOW,39.36
12,43.6,2,14,2,15.6,LOW,50.89
21,74.5,3,10,1,4.9,HIGH,75.1
22,69.8,3,18,3,6.7,HIGH,80.03
24,77.3,2,17,1,5.0,HIGH,79.18
10,30.8,4,16,1,12.0,LOW,46.22
21,82.8,2,18,3,6.2,HIGH,79.59
22,83.0,2,20,1,5.1,HIGH,69.61
3,15.0,5,13,3,2.4,LOW,43.25
13,44.1,4,17,2,19.4,LOW,74.26
22,70.0,3,18,1,15.9,HIGH,81.35
11,32.8,2,14,1,4.5,LOW,38.74
9,36.7,1,14,2,8.6,LOW,35.43
11,28.6,1,3,2,5.7,LOW,31.02
6,23.2,3,6,3,1.6,LOW,43.89
9,30.2,2,12,3,3.8,LOW,40.69
14,53.6,2,2,1,15.4,MEDIUM,54.22
12,42.0,2,15,1,12.8,LOW,51.04
12,49.8,2,8,3,0.9,LOW,52.34
9,30.8,2,7,2,0.6,LOW,31.61
19,70.3,4,19,1,15.4,MEDIUM,76.77
12,42.1,1,12,2,18.4,LOW,41.18
4,15.0,3,16,3,2.8,LOW,41.19
4,20.9,2,16,2,3.4,LOW,26.08
10,34.5,3,16,1,3.3,LOW,34.43
4,15.0,4,0,2,1.1,LOW,30.37
3,15.0,2,7,2,10.9,LOW,36.88
13,44.4,1,18,3,3.7,LOW,51.01
3,15.0,1,5,3,14.5,LOW,31.35
8,24.6,1,2,2,16.9,LOW,30.28
7,25.8,3,4,2,19.5,LOW,50.1
9,29.7,1,12,3,13.6,LOW,34.2
5,15.7,1,14,1,12.4,LOW,23.31
7,27.2,3,13,1,4.8,LOW,37.87
4,23.0,2,22,3,0.2,LOW,29.83
13,41.8,2,15,1,1.0,LOW,42.47
21,76.6,2,17,1,6.1,HIGH,66.11
23,78.1,3,21,1,3.6,HIGH,75.68
23,81.3,1,21,1,14.1,HIGH,67.25
19,76.7,2,10,1,6.6,HIGH,72.18
12,46.4,3,2,1,0.8,LOW,45.89
14,55.1,2,21,3,5.2,MEDIUM,55.36
22,72.4,3,9,2,13.8,HIGH,88.32
12,40.3,3,9,2,15.9,LOW,58.73
13,37.7,3,20,1,1.5,LOW,55.25
4,15.0,3,15,2,0.8,LOW,28.61
20,69.2,3,11,2,3.9,MEDIUM,73.5
3,15.0,3,1,2,0.5,LOW,31.8
12,42.2,3,8,1,10.4,LOW,54.91
10,31.3,2,23,1,4.7,LOW,38.8
13,45.1,1,2,2,1.8,LOW,44.97
3,15.0,2,23,2,0.9,LOW,20.3
7,27.4,1,14,2,21.0,LOW,29.6
11,39.9,2,2,2,0.4,LOW,39.21
20,76.0,2,18,1,0.8,HIGH,68.86
25,73.9,5,17,2,2.1,HIGH,89.0
9,30.4,5,7,1,0.8,LOW,53.56
9,35.3,3,16,2,8.3,LOW,48.1
7,15.0,5,7,3,2.0,LOW,51.37
6,30.8,5,6,2,5.2,LOW,48.9
11,35.6,4,6,1,15.7,LOW,51.89
7,19.7,1,2,1,13.9,LOW,27.93
3,15.0,2,0,2,1.3,LOW,24.3
11,32.8,2,3,3,0.7,LOW,42.24
13,52.3,1,4,2,8.7,MEDIUM,45.47
14,47.7,3,0,2,1.9,MEDIUM,51.59
7,32.3,1,14,1,12.2,LOW,29.19
11,44.8,2,4,2,4.6,LOW,48.34
13,44.9,1,12,2,1.3,LOW,36.4
13,40.1,2,7,3,29.3,LOW,58.87
10,44.4,2,7,1,0.5,LOW,43.81
14,38.5,3,4,2,1.1,LOW,49.92
16,52.4,2,8,1,13.4,MEDIUM,63.46
9,35.8,2,0,2,4.8,LOW,36.95
13,35.4,3,3,2,22.3,LOW,53.81
14,40.3,3,2,1,1.0,LOW,55.2
8,26.1,2,1,1,1.4,LOW,27.15
11,39.1,1,7,2,0.0,LOW,35.4
14,36.3,1,22,2,2.0,LOW,46.18
19,71.4,3,8,1,8.6,MEDIUM,66.95
7,22.9,2,1,1,10.3,LOW,35.62
14,51.8,1,13,2,4.5,MEDIUM,46.63
3,15.0,1,13,3,2.4,LOW,22.37
9,28.3,3,3,1,10.1,LOW,49.38
8,29.0,2,5,2,1.5,LOW,35.74
20,68.9,2,10,1,11.7,MEDIUM,69.1
9,34.6,2,2,1,12.4,LOW,36.09
3,15.0,1,7,1,4.7,LOW,17.54
9,23.6,2,2,3,1.7,LOW,40.25
9,31.7,2,13,1,8.0,LOW,40.23
10,33.0,2,12,2,15.4,LOW,47.57
4,16.0,4,12,1,6.0,LOW,29.0
3,15.0,2,1,3,4.9,LOW,28.5
14,47.9,3,12,2,31.0,MEDIUM,62.83
13,55.9,1,18,2,6.2,MEDIUM,44.9
10,26.9,1,5,3,0.3,LOW,31.79
9,27.9,1,15,2,5.6,LOW,30.78
11,23.4,3,1,2,4.7,LOW,40.59
4,15.0,2,7,1,2.8,LOW,23.65
6,15.0,2,16,1,3.1,LOW,29.55
10,45.7,3,22,2,21.4,LOW,57.34
8,25.2,5,1,1,1.1,LOW,44.7
21,69.0,1,9,1,11.6,MEDIUM,68.18
12,44.7,1,15,2,18.6,LOW,43.87
4,15.0,1,5,1,2.4,LOW,24.49
9,35.2,3,1,2,0.6,LOW,43.09
11,41.8,1,1,1,2.9,LOW,37.91
10,43.4,2,12,3,4.5,LOW,43.01
4,16.9,2,23,3,24.2,LOW,38.26
5,15.0,1,14,3,4.5,LOW,26.58
10,40.8,1,1,1,0.8,LOW,31.37
6,39.5,2,6,2,1.3,LOW,32.43
8,27.0,1,2,3,3.5,LOW,27.44
14,47.6,1,7,3,1.6,MEDIUM,42.69
4,15.0,2,22,2,0.5,LOW,20.9
3,15.0,3,13,1,1.5,LOW,19.89
8,29.4,1,23,2,0.9,LOW,30.06
10,30.7,2,22,2,1.8,LOW,35.0
23,80.2,1,21,1,45.1,HIGH,90.2
3,15.0,3,6,2,4.7,LOW,28.1
20,79.4,3,20,2,8.6,HIGH,74.05
4,15.0,3,6,2,1.4,LOW,35.05
5,15.0,2,0,1,15.1,LOW,32.86
14,49.3,2,16,2,2.5,MEDIUM,52.21
14,47.0,3,8,3,32.4,MEDIUM,74.2
16,65.6,1,20,2,14.5,MEDIUM,54.45
12,45.8,2,12,2,24.1,LOW,56.79
12,40.0,3,20,2,8.8,LOW,60.97
15,57.1,2,18,2,8.6,MEDIUM,59.01
22,81.5,2,20,2,14.7,HIGH,84.85
25,79.4,3,18,1,10.1,HIGH,84.82
25,87.7,1,21,1,7.5,HIGH,72.97
10,47.3,2,16,1,3.5,LOW,42.08
10,25.1,1,22,1,2.0,LOW,25.41
13,39.7,1,22,1,12.2,LOW,41.56
12,39.6,1,9,1,3.9,LOW,36.53
25,88.1,2,9,3,0.5,HIGH,81.35
14,49.6,1,3,1,5.2,MEDIUM,42.27
12,42.0,2,7,1,8.6,LOW,44.55
14,46.4,2,21,1,0.2,LOW,49.19
25,86.9,1,19,2,9.8,HIGH,72.73
25,93.5,1,19,1,2.0,HIGH,79.87
14,57.9,1,17,1,2.0,MEDIUM,44.12
7,30.3,2,13,1,6.6,LOW,28.42
17,65.1,1,17,2,3.3,MEDIUM,56.87
3,15.0,3,13,3,4.8,LOW,33.3
15,66.7,2,19,3,5.8,MEDIUM,64.63
12,32.2,2,20,1,20.3,LOW,55.74
9,32.1,3,23,2,1.8,LOW,38.24
13,48.7,2,14,2,5.0,LOW,53.07
24,82.0,2,21,1,12.3,HIGH,76.26
13,50.9,3,3,1,1.8,MEDIUM,43.01
5,16.1,1,12,1,0.7,LOW,20.91
11,45.1,5,22,2,0.1,LOW,56.87
12,41.6,4,7,1,0.9,LOW,51.16
16,52.1,1,17,1,2.6,MEDIUM,53.29
24,78.6,4,11,1,4.2,HIGH,88.66
5,18.7,3,22,2,7.2,LOW,32.23
6,16.9,4,13,2,1.8,LOW,30.36
7,15.0,3,1,2,2.5,LOW,34.34
16,43.1,3,17,2,9.6,MEDIUM,61.84
10,31.1,1,23,2,19.2,LOW,39.84
12,38.7,2,1,1,1.2,LOW,33.4
16,61.9,1,10,1,5.1,MEDIUM,51.49
15,53.1,2,8,3,2.8,MEDIUM,56.42
20,68.8,5,11,3,6.0,MEDIUM,83.11
7,19.4,1,16,2,1.0,LOW,18.84
9,47.8,3,14,1,2.5,LOW,41.32
13,44.3,1,16,1,9.9,LOW,45.66
25,90.7,1,17,1,13.7,HIGH,74.91
21,71.6,2,21,3,7.8,HIGH,66.96
9,34.1,1,5,2,23.1,LOW,48.23
3,15.0,5,16,3,8.5,LOW,38.75
8,29.6,1,22,2,11.0,LOW,33.41
3,15.0,1,23,1,3.5,LOW,14.69
20,68.7,1,17,1,1.5,MEDIUM,56.23
8,33.8,2,7,1,8.6,LOW,33.85
25,75.5,1,8,2,20.1,HIGH,80.91
13,41.4,2,5,1,32.1,LOW,55.18
3,15.0,2,4,2,4.8,LOW,29.25
16,52.8,1,11,2,6.2,MEDIUM,63.67
20,74.6,1,10,1,3.0,HIGH,63.55
13,50.1,3,0,1,8.9,MEDIUM,54.84
14,46.3,2,10,1,11.6,LOW,53.65
23,79.4,2,18,2,0.3,HIGH,76.31
13,42.0,3,8,1,15.0,LOW,60.15
13,44.5,3,1,1,5.8,LOW,47.37
18,67.9,3,11,3,6.9,MEDIUM,74.18
10,44.3,3,3,2,1.8,LOW,44.37
10,38.3,1,3,2,0.1,LOW,36.57
18,60.8,1,17,2,24.3,MEDIUM,61.48
4,24.1,2,14,2,21.1,LOW,36.3
12,44.3,4,18,2,11.9,LOW,68.09
12,39.2,1,12,1,5.1,LOW,41.02
17,57.0,2,18,1,3.1,MEDIUM,56.71
8,24.6,3,16,2,1.4,LOW,41.81
7,28.2,2,5,2,0.7,LOW,37.13
13,46.1,1,15,2,4.9,LOW,41.36
3,15.0,2,23,3,12.6,LOW,37.7
14,44.1,1,11,3,10.4,LOW,52.82
23,90.1,1,18,1,11.3,HIGH,67.0
9,29.8,1,4,1,1.0,LOW,25.05
12,47.7,3,16,1,15.9,LOW,52.9
11,31.4,4,22,2,13.0,LOW,58.24
4,16.8,2,0,1,0.8,LOW,17.52
14,43.9,3,23,1,3.5,LOW,50.02
12,44.1,2,22,1,3.8,LOW,48.06
24,76.8,1,9,1,10.6,HIGH,69.09
3,15.0,1,14,1,15.8,LOW,24.61
6,15.0,2,22,1,3.8,LOW,27.0
23,68.8,3,20,2,1.1,HIGH,76.26
18,56.9,5,20,1,0.7,MEDIUM,69.65
22,79.6,2,10,1,8.1,HIGH,67.55
12,36.3,2,12,2,5.5,LOW,44.29
10,30.1,2,4,2,18.6,LOW,47.67
11,39.4,2,0,1,24.6,LOW,50.92
7,15.0,2,23,1,18.3,LOW,37.56
22,78.9,3,11,2,0.6,HIGH,78.66
24,81.2,3,10,1,2.7,HIGH,77.55
12,43.4,2,16,1,2.2,LOW,38.44
10,33.4,2,3,1,0.6,LOW,38.95
4,15.0,5,14,1,20.0,LOW,44.24
20,73.5,3,8,2,18.0,HIGH,80.51
22,74.6,2,20,3,4.0,HIGH,67.07
25,88.7,2,19,2,25.5,HIGH,95.27
20,74.0,3,18,2,6.6,HIGH,73.67
12,33.6,2,18,1,4.6,LOW,38.56
23,74.0,2,11,2,6.4,HIGH,79.97
7,18.8,1,4,1,4.4,LOW,24.1
22,72.7,3,9,1,2.8,HIGH,73.37
4,15.0,2,16,2,1.6,LOW,32.48
5,15.0,2,4,3,4.9,LOW,29.77
21,66.6,4,21,1,6.1,MEDIUM,83.11
4,15.0,4,15,2,13.8,LOW,36.63
4,19.0,3,6,1,5.1,LOW,32.42
14,44.5,1,8,1,14.1,LOW,51.67
13,44.8,2,2,1,24.7,LOW,55.94
4,15.0,2,14,2,10.2,LOW,25.75
10,33.3,1,15,2,1.0,LOW,26.7
15,47.0,4,17,2,4.9,MEDIUM,75.85
11,22.8,4,13,1,15.5,LOW,55.6
13,40.3,2,2,1,5.4,LOW,42.46
13,45.6,1,11,2,13.3,LOW,53.79
24,82.0,1,8,1,12.0,HIGH,69.8
3,15.0,2,6,1,1.4,LOW,21.84
23,69.4,1,8,3,3.2,HIGH,66.48
5,19.2,2,12,2,11.5,LOW,32.07
17,54.5,2,17,1,1.4,MEDIUM,51.58
13,39.6,4,4,1,4.4,LOW,60.12
12,43.9,1,12,1,1.2,LOW,35.07
4,18.4,2,3,2,2.2,LOW,24.15
8,34.1,4,1,2,2.7,LOW,42.9
6,23.7,2,15,2,6.0,LOW,39.15
24,81.0,1,8,1,19.4,HIGH,75.37
21,62.6,1,8,1,3.9,MEDIUM,65.68
12,48.2,3,5,3,15.2,LOW,59.71
22,76.2,3,10,3,9.5,HIGH,85.46
18,55.7,4,21,2,12.1,MEDIUM,77.13
5,18.3,1,23,1,11.5,LOW,19.68
25,76.2,3,21,2,2.9,HIGH,86.76
3,18.3,3,0,3,2.2,LOW,34.57
14,45.2,1,3,2,30.4,LOW,52.38
9,24.0,5,12,2,10.7,LOW,54.71
9,38.3,2,22,1,3.6,LOW,37.8
14,39.7,4,12,1,6.5,LOW,53.95
4,15.0,4,12,1,12.0,LOW,34.84
9,31.4,2,1,3,0.5,LOW,34.79
21,63.6,2,8,2,0.8,MEDIUM,65.76
11,35.0,2,23,2,0.2,LOW,44.03
8,15.9,3,7,1,1.4,LOW,31.72
12,38.2,2,6,3,1.0,LOW,42.8
13,33.0,3,3,2,5.0,LOW,48.39
21,76.7,1,17,1,2.7,HIGH,61.13
11,33.6,3,2,3,0.4,LOW,48.59
5,15.0,2,5,1,4.8,LOW,25.42
12,42.0,1,11,1,6.9,LOW,41.62
15,40.5,3,11,1,3.7,LOW,57.35
21,67.0,1,20,3,2.4,MEDIUM,69.43
3,15.0,1,7,3,4.0,LOW,25.73
14,39.2,1,21,1,5.9,LOW,44.16
22,73.1,2,21,2,4.6,HIGH,74.42
6,15.4,2,0,2,0.8,LOW,28.47
5,15.0,3,3,2,4.9,LOW,32.03
20,61.0,3,20,1,10.2,MEDIUM,64.18
22,70.6,2,10,2,13.7,HIGH,76.82
3,15.0,2,2,2,4.6,LOW,25.18
12,49.0,1,12,1,40.7,LOW,57.7
9,30.5,3,16,1,14.8,LOW,52.1
21,72.0,2,21,2,1.9,HIGH,65.92
13,48.7,1,21,1,4.9,LOW,40.47
14,50.1,1,9,3,2.8,MEDIUM,47.71
15,47.0,2,20,1,6.4,MEDIUM,55.74
17,54.3,3,11,3,2.0,MEDIUM,66.17
12,44.2,1,14,1,0.3,LOW,35.84
12,43.8,1,20,1,18.8,LOW,48.8
17,59.0,1,9,1,5.9,MEDIUM,57.93
11,33.6,5,13,2,19.7,LOW,63.92
14,57.3,3,12,2,1.0,MEDIUM,50.17
7,19.0,1,4,1,1.3,LOW,19.69
8,26.5,1,5,1,2.1,LOW,29.99
4,22.0,4,23,2,4.9,LOW,37.03
7,24.5,1,1,1,17.0,LOW,33.65
24,81.2,5,21,2,8.4,HIGH,94.4
7,25.6,1,16,1,0.5,LOW,27.45
6,16.5,1,3,2,4.2,LOW,30.61
10,33.4,3,13,2,10.3,LOW,44.75
13,48.6,2,9,3,3.1,LOW,60.26
3,15.8,5,2,2,5.4,LOW,37.92
4,23.2,3,2,1,9.9,LOW,37.18
13,39.8,2,14,1,26.8,LOW,51.02
6,28.3,3,5,2,3.2,LOW,28.95
3,15.0,3,16,2,10.9,LOW,41.93
21,77.9,2,11,3,11.0,HIGH,76.9
18,53.2,1,21,2,6.3,MEDIUM,60.43
16,49.9,1,19,2,13.4,MEDIUM,56.01
10,35.4,1,23,1,6.1,LOW,36.49
18,65.4,3,10,1,7.8,MEDIUM,65.45
11,34.8,2,3,1,14.5,LOW,41.46
10,31.8,1,5,1,5.2,LOW,34.26
8,20.8,3,0,2,5.2,LOW,39.29
12,37.8,1,19,1,7.2,LOW,39.15
14,45.3,2,22,1,13.0,LOW,51.06
11,35.1,4,15,1,1.1,LOW,49.18
4,15.0,2,14,1,11.8,LOW,26.99
5,28.5,1,16,1,2.8,LOW,20.2
8,33.3,2,7,2,0.6,LOW,34.78
16,58.4,3,11,1,12.6,MEDIUM,69.42
24,88.5,2,21,2,1.3,HIGH,75.45
13,47.7,1,20,2,1.9,LOW,40.49
21,84.8,1,9,3,9.8,HIGH,72.37
11,32.6,3,14,1,6.7,LOW,44.36
20,54.3,2,8,1,20.3,MEDIUM,70.03
14,42.3,3,1,1,24.7,LOW,59.78
12,29.6,2,4,1,3.0,LOW,41.04
4,15.0,2,5,3,3.1,LOW,28.81
8,23.5,4,6,2,1.9,LOW,43.39
13,43.3,1,20,2,5.8,LOW,48.81
6,26.8,1,0,1,3.8,LOW,17.48
7,33.8,2,22,2,0.1,LOW,31.94
7,25.6,1,6,1,4.0,LOW,23.94
21,64.1,2,19,2,0.5,MEDIUM,65.93
15,48.0,5,11,2,12.8,MEDIUM,71.05
7,22.0,4,15,1,21.1,LOW,48.52
12,38.2,2,15,1,2.8,LOW,39.16
23,70.1,4,10,2,8.4,HIGH,79.14
23,85.9,1,20,1,0.7,HIGH,64.34
10,24.7,2,3,1,3.6,LOW,35.0
10,30.8,2,12,1,6.9,LOW,41.97
5,17.8,2,6,1,0.9,LOW,30.86
11,38.4,1,3,2,3.8,LOW,36.4
11,35.0,4,14,2,24.9,LOW,65.82
19,66.4,3,18,2,1.5,MEDIUM,74.02
25,78.6,3,8,1,7.7,HIGH,83.6
25,84.4,1,10,2,14.3,HIGH,74.65
11,29.6,2,7,3,11.8,LOW,49.08
13,38.9,4,0,1,11.8,LOW,53.66
8,33.1,2,22,1,0.5,LOW,35.69
5,15.6,2,23,3,29.1,LOW,41.8
8,26.1,4,7,1,10.4,LOW,45.05
13,41.2,2,12,1,24.7,LOW,54.65
20,64.0,2,21,1,31.0,MEDIUM,82.66
4,15.0,2,3,1,3.5,LOW,25.73
14,61.0,2,7,1,6.3,MEDIUM,57.23
9,22.1,3,2,1,10.5,LOW,37.64
16,48.5,2,8,2,15.1,MEDIUM,60.69
9,24.9,2,1,1,28.3,LOW,43.56
7,15.0,1,1,2,29.3,LOW,35.38
6,19.7,1,12,1,3.2,LOW,25.85
10,32.7,2,14,3,9.1,LOW,42.36
14,43.8,1,22,3,1.3,LOW,41.87
18,65.1,4,11,2,13.3,MEDIUM,73.2
9,27.9,2,3,3,1.4,LOW,38.58
3,15.0,2,7,2,17.7,LOW,36.12
12,41.8,1,8,3,30.9,LOW,62.39
6,18.2,1,22,1,0.7,LOW,29.19
12,51.0,2,4,1,5.7,LOW,48.77
5,15.0,4,23,2,2.5,LOW,42.63
13,48.1,2,19,1,5.1,LOW,58.62
13,43.8,3,17,2,2.8,LOW,59.51
14,47.4,1,10,3,0.5,MEDIUM,45.87
4,18.8,1,14,1,4.0,LOW,22.21
20,66.1,3,21,2,1.8,MEDIUM,73.64
23,77.9,2,8,1,6.4,HIGH,71.85
9,32.1,2,16,1,9.1,LOW,34.46
14,44.1,1,11,2,4.2,LOW,51.35
9,33.6,1,6,1,1.8,LOW,28.43
19,73.7,2,9,2,1.7,MEDIUM,65.1
17,52.7,4,9,2,0.0,MEDIUM,77.02
3,15.0,1,12,1,9.7,LOW,25.39
21,65.1,4,18,2,2.3,MEDIUM,72.44
23,89.0,1,10,2,28.3,HIGH,92.84
8,30.8,2,12,1,11.0,LOW,37.68
19,56.9,1,20,1,2.8,MEDIUM,58.45
6,15.0,2,7,3,1.4,LOW,35.6
6,24.2,1,7,2,7.8,LOW,33.46
8,41.2,1,3,1,16.0,LOW,39.6
11,37.0,5,14,1,7.0,LOW,53.39
25,76.1,3,10,2,0.1,HIGH,82.81
23,68.4,3,10,2,12.3,HIGH,85.52
10,31.9,1,0,1,26.6,LOW,46.5
10,25.6,4,16,2,0.4,LOW,42.65
13,42.7,2,14,1,13.2,LOW,50.64
20,71.1,4,19,2,10.2,MEDIUM,85.38
8,28.8,1,5,1,4.1,LOW,24.76
8,29.8,1,23,1,8.0,LOW,32.5
18,62.7,5,21,1,1.4,MEDIUM,74.53
10,38.4,2,14,3,10.2,LOW,43.99
20,66.5,4,8,2,7.0,MEDIUM,75.73
4,15.0,2,13,2,0.7,LOW,24.43
25,92.8,2,17,2,16.2,HIGH,89.17
8,32.0,4,16,1,1.1,LOW,33.25
18,53.6,2,17,3,4.6,MEDIUM,60.02
8,22.4,3,4,1,1.1,LOW,33.5
17,50.1,1,19,2,8.3,MEDIUM,60.97
21,70.2,1,19,1,10.7,HIGH,64.43
13,24.5,1,8,1,23.5,LOW,53.91
24,85.1,2,10,2,2.3,HIGH,74.9
3,15.0,3,23,2,3.6,LOW,24.33
20,57.3,2,21,2,3.9,MEDIUM,59.67
11,50.3,2,0,2,0.8,LOW,41.1
19,60.3,3,17,1,13.2,MEDIUM,64.65
10,23.6,1,5,3,0.7,LOW,34.0
12,37.3,4,1,1,3.3,LOW,58.33
9,40.0,5,14,2,1.7,LOW,48.89
14,27.5,1,20,2,8.7,LOW,50.26
4,19.6,1,13,1,18.9,LOW,32.45
6,15.0,1,4,1,11.0,LOW,23.36
4,16.4,3,5,1,11.9,LOW,32.08
7,17.1,1,5,1,0.7,LOW,17.15
21,71.6,3,21,1,10.7,HIGH,70.01
12,37.8,2,17,1,0.5,LOW,45.92
14,49.5,3,13,1,5.3,MEDIUM,61.16
13,47.6,3,9,2,9.4,LOW,58.49
4,16.6,5,13,2,2.4,LOW,44.65
11,33.0,1,12,1,9.2,LOW,31.66
3,15.0,1,2,1,17.0,LOW,20.74
4,19.2,1,5,1,16.8,LOW,21.41
9,29.2,2,7,2,1.7,LOW,33.3
12,41.8,2,11,2,2.6,LOW,50.23
7,17.0,5,12,2,8.8,LOW,42.67
18,62.9,3,10,2,14.7,MEDIUM,73.22
25,81.1,1,11,2,4.9,HIGH,64.64
10,32.7,3,0,2,20.4,LOW,50.15
7,23.7,1,16,1,6.8,LOW,21.46
14,48.8,1,15,2,2.4,MEDIUM,48.55
24,79.1,3,10,3,0.2,HIGH,83.03
11,47.3,5,12,2,13.2,LOW,63.09
23,72.4,1,17,2,0.8,HIGH,60.9
17,48.2,3,10,1,0.7,MEDIUM,59.81
16,46.8,4,11,3,12.0,MEDIUM,72.95
7,17.7,1,5,1,0.3,LOW,23.12
25,85.0,1,8,1,14.8,HIGH,74.7
8,38.0,3,15,1,7.3,LOW,38.52
7,26.1,3,3,3,8.1,LOW,43.44
8,25.6,2,2,3,22.3,LOW,40.16
8,23.0,1,15,3,16.1,LOW,26.39
11,44.4,2,23,2,0.6,LOW,38.21
24,75.0,3,11,1,15.3,HIGH,76.87
19,55.0,2,10,3,8.8,MEDIUM,73.04
6,15.0,1,4,3,3.0,LOW,32.03
16,51.1,3,17,2,15.4,MEDIUM,71.41
23,81.6,2,18,1,0.2,HIGH,70.08
9,35.4,4,22,2,14.5,LOW,49.7
9,33.7,4,22,3,7.7,LOW,52.98
3,15.0,3,5,3,2.4,LOW,28.84
21,71.4,5,21,3,0.0,HIGH,83.38
13,44.4,5,17,3,5.9,LOW,68.44
5,19.4,2,5,3,4.4,LOW,35.6
3,15.0,3,3,2,15.9,LOW,34.75
15,48.4,3,11,2,12.4,MEDIUM,54.74
23,75.4,2,18,1,7.1,HIGH,68.86
14,52.9,1,1,2,1.3,MEDIUM,42.75
7,23.9,2,16,2,10.4,LOW,36.55
15,46.8,1,10,3,7.2,MEDIUM,48.72
18,50.1,2,10,1,0.2,MEDIUM,58.91
15,42.8,1,20,1,11.5,LOW,54.32
6,23.7,4,15,1,14.3,LOW,45.57
10,20.6,2,1,2,11.9,LOW,40.54
14,35.7,1,1,2,1.6,LOW,41.79
9,35.1,2,22,1,5.6,LOW,38.0
9,34.3,1,7,1,6.0,LOW,27.4
9,22.3,3,12,1,21.8,LOW,50.03
21,69.6,2,9,1,20.8,MEDIUM,78.68
7,32.4,2,7,1,0.5,LOW,23.68
13,44.3,4,3,1,57.0,LOW,71.87
14,49.6,2,14,1,12.4,MEDIUM,50.9
14,56.4,4,0,1,3.8,MEDIUM,59.23
22,85.6,2,10,1,10.9,HIGH,78.42
5,17.0,2,6,3,3.8,LOW,35.2
12,49.3,2,16,1,22.0,LOW,53.43
17,63.0,1,19,1,3.8,MEDIUM,53.97
10,31.0,1,23,1,11.6,LOW,30.74
14,49.8,1,17,1,1.3,MEDIUM,49.42
23,67.3,3,21,1,15.3,HIGH,82.17
13,47.6,3,21,1,7.8,LOW,60.88
18,57.9,1,11,2,13.2,MEDIUM,56.42
17,52.8,1,8,2,4.3,MEDIUM,59.56
7,29.8,4,4,2,3.4,LOW,48.95
13,37.9,1,9,2,6.1,LOW,42.93
8,29.3,2,3,1,3.9,LOW,33.78
12,46.2,2,4,3,5.8,LOW,50.74
14,44.7,3,9,1,4.5,LOW,60.33
16,55.3,1,10,2,1.8,MEDIUM,52.28
15,46.3,4,20,1,30.1,MEDIUM,73.98
7,18.1,2,23,3,0.1,LOW,32.86
13,42.7,1,9,2,20.8,LOW,50.65
3,29.1,2,7,1,14.1,LOW,30.38
8,37.9,2,1,2,4.4,LOW,40.07
8,23.9,1,22,1,3.1,LOW,28.83
3,15.0,4,7,2,1.4,LOW,33.57
9,28.0,1,15,2,1.1,LOW,33.15
13,36.3,4,21,1,6.4,LOW,60.01
12,36.2,2,4,1,0.9,LOW,39.04
7,20.8,1,2,1,5.2,LOW,32.89
15,36.0,1,11,2,13.5,LOW,53.64
7,21.9,2,12,1,11.3,LOW,32.73
12,45.0,3,12,2,1.1,LOW,49.57
24,93.1,4,9,3,26.0,HIGH,102.23
4,16.7,3,3,1,2.7,LOW,28.26
15,45.5,2,8,3,9.8,MEDIUM,63.83
19,58.6,1,21,2,2.9,MEDIUM,58.94
12,40.3,4,23,1,7.7,LOW,57.56
12,41.0,4,22,1,6.8,LOW,52.55
10,33.2,2,1,2,1.6,LOW,45.29
13,51.1,1,18,1,8.5,MEDIUM,47.88
3,15.0,3,0,1,3.2,LOW,27.67
9,33.5,3,6,1,7.6,LOW,40.17
11,39.4,2,16,2,6.2,LOW,44.83
8,23.1,2,2,2,14.8,LOW,47.45
13,34.3,4,19,2,1.9,LOW,59.87
14,46.8,1,19,1,1.3,MEDIUM,48.48
20,64.1,2,20,2,15.4,MEDIUM,71.3
8,31.0,1,2,3,4.7,LOW,24.26
10,30.5,1,2,1,12.2,LOW,41.25
3,17.2,4,16,1,25.7,LOW,45.38
14,51.5,2,6,3,6.3,MEDIUM,63.65
3,20.2,3,13,2,2.9,LOW,31.81
3,19.6,2,16,2,12.6,LOW,29.62
24,86.0,3,17,3,21.4,HIGH,93.29
7,16.9,2,12,2,2.2,LOW,33.69
25,82.3,1,19,1,9.3,HIGH,71.83
16,50.2,4,19,2,12.1,MEDIUM,70.34
21,72.1,1,20,2,0.2,HIGH,60.23
15,53.7,2,17,3,7.2,MEDIUM,61.75
12,38.9,2,3,1,8.0,LOW,46.45
5,20.6,1,0,2,8.1,LOW,27.57
22,70.8,1,17,2,0.7,HIGH,65.3
7,15.0,3,0,1,0.2,LOW,31.52
11,38.7,2,12,1,2.8,LOW,34.85
15,49.3,2,19,3,3.5,MEDIUM,60.73
14,48.4,2,19,1,1.2,MEDIUM,48.25
10,38.7,2,22,2,5.7,LOW,42.4
13,42.8,3,9,3,2.1,LOW,64.16
15,43.7,4,10,1,3.3,LOW,61.58
15,47.5,1,8,3,2.8,MEDIUM,49.23
23,86.7,2,8,2,11.8,HIGH,82.25
10,36.6,2,4,1,16.8,LOW,45.61
10,41.0,2,0,1,2.8,LOW,34.41
7,20.9,2,16,3,3.8,LOW,31.73
19,69.0,2,21,1,13.5,MEDIUM,69.65
5,22.8,1,1,1,11.4,LOW,29.8
6,15.0,2,23,1,9.9,LOW,32.36
11,39.2,1,12,1,9.8,LOW,34.96
19,65.8,1,8,1,2.8,MEDIUM,62.98
14,40.6,5,3,3,22.1,LOW,71.89
11,30.4,2,4,3,13.3,LOW,52.24
15,63.2,2,10,1,1.9,MEDIUM,60.73
13,45.2,1,23,1,8.7,LOW,43.52
18,68.8,4,18,2,1.3,MEDIUM,71.26
16,58.8,1,20,1,6.9,MEDIUM,58.18
14,47.9,2,2,2,2.7,MEDIUM,55.85
21,65.3,2,11,3,0.9,MEDIUM,74.86
12,44.7,4,18,3,7.4,LOW,61.61
19,64.7,3,18,1,17.3,MEDIUM,69.16
10,35.0,1,12,1,1.2,LOW,32.53
6,22.0,3,6,1,18.3,LOW,35.48
8,29.3,3,14,1,1.1,LOW,37.8
3,15.0,5,22,1,10.8,LOW,41.26
4,15.0,4,6,3,36.5,LOW,51.55
9,34.8,2,7,3,0.8,LOW,43.48
8,31.6,3,4,3,1.9,LOW,39.71
16,55.6,2,20,3,5.0,MEDIUM,65.49
14,51.2,2,13,1,10.7,MEDIUM,49.08
7,32.5,1,3,2,18.3,LOW,36.53
9,35.7,1,22,1,10.4,LOW,33.19
19,57.7,1,9,1,11.8,MEDIUM,59.26
22,71.6,5,19,2,4.8,HIGH,93.73
6,19.3,1,14,2,3.5,LOW,16.92
22,71.3,1,17,2,5.7,HIGH,72.57
16,46.1,2,19,1,8.4,MEDIUM,48.19
8,32.8,2,12,1,5.6,LOW,39.0
8,22.5,4,7,1,12.5,LOW,45.33
16,61.8,3,8,1,1.4,MEDIUM,64.0
12,31.1,1,15,1,4.0,LOW,33.41
15,55.7,4,18,2,0.6,MEDIUM,66.38
3,15.3,1,15,2,8.9,LOW,22.88
14,49.0,5,6,1,11.3,MEDIUM,65.83
6,18.9,1,13,2,8.8,LOW,24.69
11,37.3,3,13,1,24.8,LOW,48.65
4,15.0,1,3,3,21.5,LOW,21.8
13,47.0,4,14,1,2.5,LOW,53.78
8,26.1,1,2,2,2.2,LOW,38.78
4,15.0,1,4,3,0.2,LOW,16.09
11,39.4,4,0,3,5.6,LOW,63.09
7,24.0,1,2,1,15.8,LOW,31.52
11,32.1,3,14,2,1.4,LOW,44.73
14,42.9,3,23,1,7.2,LOW,54.19
12,40.3,2,7,1,10.2,LOW,42.97
7,15.0,2,3,1,3.7,LOW,25.65
14,46.7,4,1,3,9.7,LOW,58.0
11,38.4,4,23,3,14.5,LOW,60.11
4,15.0,2,23,1,0.1,LOW,21.58
13,46.9,1,9,2,10.6,LOW,49.35
9,31.8,1,3,3,7.3,LOW,40.68
10,39.1,1,2,1,14.9,LOW,36.48
5,18.0,2,1,1,1.2,LOW,28.25
3,21.8,4,16,1,13.2,LOW,33.55
4,15.0,3,22,2,1.2,LOW,34.78
16,59.0,3,20,1,7.0,MEDIUM,68.91
7,22.7,2,23,2,2.5,LOW,32.5
17,58.0,2,19,1,2.2,MEDIUM,57.76
7,18.1,3,22,1,5.5,LOW,38.11
3,15.0,3,12,1,11.3,LOW,33.43
14,42.6,3,4,1,8.3,LOW,49.87
15,57.9,1,20,1,35.8,MEDIUM,65.14
22,75.9,2,8,1,1.0,HIGH,77.37
13,47.6,2,21,2,10.2,LOW,53.77
10,23.5,1,5,1,0.5,LOW,30.15
4,15.0,3,4,2,3.5,LOW,33.87
15,49.1,1,9,3,3.4,MEDIUM,54.03
13,35.7,4,7,2,2.4,LOW,59.06
10,17.1,1,6,3,6.1,LOW,41.37
13,49.0,2,6,2,2.2,MEDIUM,52.76
7,25.7,3,5,1,3.7,LOW,39.27
16,49.6,2,20,3,15.7,MEDIUM,71.55
21,72.1,3,19,3,3.1,HIGH,73.59
14,58.6,3,2,3,34.1,MEDIUM,65.8
21,65.8,4,18,2,2.6,MEDIUM,67.91
21,76.9,2,21,2,18.7,HIGH,75.67
7,21.1,1,14,1,4.5,LOW,31.4
14,43.9,2,3,2,19.0,LOW,55.6
24,74.1,3,11,1,4.5,HIGH,74.24
14,48.5,2,5,1,11.8,MEDIUM,59.18
17,62.6,1,18,2,4.1,MEDIUM,53.68
7,25.7,1,3,1,7.8,LOW,23.81
12,39.5,2,14,1,0.4,LOW,36.96
23,74.3,3,8,2,7.3,HIGH,83.55
11,47.8,1,4,3,3.0,LOW,36.4
5,15.0,2,12,2,44.8,LOW,48.75
6,17.0,1,22,2,13.3,LOW,24.58
13,34.8,3,17,3,0.7,LOW,58.87
4,24.1,4,4,1,1.8,LOW,38.09
5,15.0,2,15,2,7.7,LOW,27.83
18,66.9,1,18,1,2.9,MEDIUM,55.09
9,34.2,1,13,1,1.9,LOW,21.14
9,27.7,2,15,2,3.5,LOW,37.99
3,15.0,2,14,2,0.9,LOW,23.57
17,60.6,2,21,1,6.5,MEDIUM,55.83
5,30.6,4,3,1,2.7,LOW,44.95
5,27.6,4,6,2,16.1,LOW,47.54
4,18.0,1,15,2,0.3,LOW,20.13
5,18.5,1,23,2,3.5,LOW,29.2
22,78.8,2,21,1,6.4,HIGH,63.62
15,52.4,2,20,2,2.1,MEDIUM,52.75
20,70.1,2,21,1,0.5,MEDIUM,62.29
14,43.7,3,20,1,0.6,LOW,46.78
10,33.6,1,7,2,1.4,LOW,31.83
3,15.0,3,16,2,2.5,LOW,21.86
12,41.1,2,15,1,9.8,LOW,39.26
10,36.9,5,22,1,5.1,LOW,54.82
21,68.3,3,9,2,0.3,MEDIUM,71.85
23,77.9,3,9,1,1.3,HIGH,76.21
6,15.0,1,1,1,3.7,LOW,17.04
13,48.9,3,8,1,4.4,LOW,54.67
9,20.1,1,16,1,0.5,LOW,24.11
25,87.9,3,10,1,1.0,HIGH,72.96
23,70.0,1,9,3,2.4,HIGH,72.21
15,45.3,1,21,2,14.5,MEDIUM,60.48
12,34.9,1,16,2,1.9,LOW,41.32
5,22.2,1,3,2,2.1,LOW,16.85
6,15.0,2,15,2,5.5,LOW,33.8
19,63.5,5,19,3,17.8,MEDIUM,87.93
5,15.0,2,14,2,6.0,LOW,36.53
17,56.3,3,20,1,0.7,MEDIUM,61.19
10,38.5,1,4,2,1.7,LOW,38.99
11,36.6,2,5,1,15.5,LOW,39.45
7,22.9,1,16,2,16.7,LOW,33.61
14,42.1,1,0,2,12.7,LOW,56.53
16,48.7,1,18,3,6.2,MEDIUM,50.79
9,22.2,2,3,2,4.6,LOW,36.74
5,15.0,1,16,1,2.5,LOW,22.63
16,63.3,4,8,1,6.3,MEDIUM,67.76
13,45.3,2,23,1,9.2,LOW,42.98
6,20.7,3,1,1,7.3,LOW,40.07
9,21.3,5,7,1,2.0,LOW,48.8
8,33.9,3,14,1,18.7,LOW,53.36
14,57.2,4,6,1,4.0,MEDIUM,57.09
9,25.6,1,5,3,17.3,LOW,41.48
14,41.7,3,0,1,4.1,LOW,45.69
14,56.2,1,14,1,0.3,MEDIUM,44.68
6,22.7,2,22,1,10.7,LOW,28.33
14,57.9,2,6,2,20.2,MEDIUM,60.47
14,54.7,4,16,1,2.4,MEDIUM,55.91
13,32.7,4,1,2,6.3,LOW,55.14
13,53.7,1,8,1,13.2,MEDIUM,51.02
15,51.8,2,8,2,3.1,MEDIUM,56.84
9,30.7,3,12,2,2.7,LOW,42.61
12,41.0,3,5,1,4.2,LOW,41.5
10,33.5,1,5,1,6.4,LOW,34.41
15,41.9,2,19,1,6.4,LOW,50.97
23,86.5,3,19,2,5.3,HIGH,84.04
12,37.5,3,20,1,13.7,LOW,58.55
7,21.9,2,2,2,1.3,LOW,28.39
14,51.1,3,16,2,0.7,MEDIUM,48.22
12,51.3,2,16,2,1.5,MEDIUM,47.12
14,47.1,4,11,1,9.7,MEDIUM,64.48
7,25.0,2,15,1,1.3,LOW,30.06
4,22.0,2,14,2,3.1,LOW,26.39
5,20.4,4,12,3,16.9,LOW,47.35
9,33.4,1,22,3,1.2,LOW,31.46
10,16.6,4,0,3,6.0,LOW,50.52
7,22.0,3,16,2,5.6,LOW,36.56
5,18.0,4,2,2,0.3,LOW,30.11
6,21.3,1,14,2,1.0,LOW,24.79
5,22.5,3,3,1,24.0,LOW,41.77
5,15.0,3,3,2,26.0,LOW,50.9
23,72.1,3,17,1,16.6,HIGH,77.39
6,26.2,1,16,1,4.5,LOW,24.37
15,57.5,1,18,2,7.2,MEDIUM,58.69
20,61.8,2,10,1,13.9,MEDIUM,68.89
18,62.8,2,19,1,9.0,MEDIUM,66.0
14,46.1,3,2,1,18.0,LOW,57.81
13,40.3,2,7,3,3.0,LOW,48.03
6,15.0,4,13,2,7.8,LOW,41.9
10,28.6,2,0,2,6.7,LOW,41.23
4,15.0,1,13,1,33.4,LOW,36.07
11,46.7,1,1,1,16.8,LOW,48.06
4,16.6,2,22,1,1.4,LOW,17.43
5,18.7,2,3,1,0.5,LOW,21.32
5,15.0,2,23,2,4.7,LOW,33.72
23,86.1,3,18,1,6.3,HIGH,83.44
5,25.7,2,5,1,12.5,LOW,32.14
14,49.1,5,0,1,1.4,MEDIUM,61.06
10,34.8,4,16,1,20.2,LOW,56.85
12,41.6,1,7,1,6.8,LOW,39.34
15,55.4,4,18,2,14.8,MEDIUM,70.73
22,66.0,3,20,2,14.5,MEDIUM,74.58
3,15.0,2,0,2,24.3,LOW,31.48
8,22.4,2,4,2,8.6,LOW,35.88
4,15.0,3,15,1,12.3,LOW,33.05
10,35.8,5,5,2,13.7,LOW,57.7
12,46.9,2,7,2,5.1,LOW,53.52
10,39.6,1,12,1,4.5,LOW,29.71
9,21.2,2,15,2,23.4,LOW,40.53
10,45.3,1,2,3,0.6,LOW,37.67
22,88.1,2,18,1,24.5,HIGH,77.51
15,60.9,3,11,2,6.9,MEDIUM,70.73
3,15.0,2,15,2,2.8,LOW,24.82
20,65.0,1,10,2,6.5,MEDIUM,70.91
15,41.5,3,9,2,8.1,LOW,67.66
18,62.9,2,19,1,0.9,MEDIUM,58.46
14,49.2,1,3,1,8.9,MEDIUM,40.21
24,79.4,3,11,2,18.6,HIGH,89.36
13,38.7,5,22,2,28.4,LOW,77.1
13,45.5,3,1,3,7.3,LOW,51.81
5,16.0,2,23,1,3.2,LOW,17.57
22,77.1,2,21,1,6.6,HIGH,69.26
21,80.8,1,18,1,0.0,HIGH,59.13
4,17.6,3,4,1,20.1,LOW,41.06
7,25.3,2,7,1,12.3,LOW,30.24
5,18.2,5,6,1,1.5,LOW,42.66
11,31.2,5,13,1,7.5,LOW,52.47
9,30.3,2,23,1,0.2,LOW,29.88
12,42.7,5,22,1,1.9,LOW,58.32
14,53.1,5,2,3,1.5,MEDIUM,61.98
17,61.8,2,17,2,1.4,MEDIUM,65.61
5,15.4,2,15,1,6.4,LOW,27.76
4,21.8,3,22,3,26.7,LOW,43.26
13,32.5,1,18,2,1.1,LOW,51.84
21,74.8,2,18,3,16.5,HIGH,85.59
24,75.9,1,17,1,0.7,HIGH,58.19
12,50.0,2,19,1,0.7,LOW,46.45
4,19.5,5,15,3,7.9,LOW,46.29
4,15.0,1,7,1,6.8,LOW,17.03
10,28.0,3,0,3,3.4,LOW,51.04
14,37.2,1,16,2,6.1,LOW,38.62
14,52.1,3,11,3,11.2,MEDIUM,65.93
13,46.9,3,20,1,11.9,LOW,57.88
23,83.6,1,10,1,0.1,HIGH,56.5
8,15.0,2,4,1,0.7,LOW,31.69
14,42.7,4,11,3,0.0,LOW,71.3
7,28.2,2,16,1,0.1,LOW,26.43
6,28.1,3,5,2,14.6,LOW,44.54
14,45.5,3,0,1,0.7,LOW,49.69
11,39.1,1,4,1,9.9,LOW,40.0
13,48.9,4,13,1,31.3,LOW,73.39
6,29.7,2,4,2,13.8,LOW,37.07
13,34.9,2,21,2,0.5,LOW,43.52
10,32.7,1,23,1,17.9,LOW,46.8
13,35.1,2,0,3,25.4,LOW,56.62
16,57.2,3,17,2,9.8,MEDIUM,63.46
13,35.5,2,15,2,7.7,LOW,44.64
24,81.6,3,8,2,7.4,HIGH,82.75
15,51.7,3,18,1,13.7,MEDIUM,59.29
21,66.5,2,21,1,6.4,MEDIUM,63.58
9,36.6,2,4,2,3.2,LOW,42.53
7,25.2,5,1,1,28.2,LOW,58.33
14,47.9,5,14,1,0.4,MEDIUM,62.89
14,43.4,2,6,1,8.8,LOW,49.44
5,15.8,3,3,2,7.0,LOW,30.84
12,35.3,1,0,1,8.2,LOW,36.75
14,45.7,1,12,2,8.2,LOW,50.35
20,68.1,3,19,1,1.1,MEDIUM,69.12
12,56.4,2,21,3,1.1,MEDIUM,58.65
5,16.5,1,6,1,0.6,LOW,21.5
3,15.0,3,14,2,22.3,LOW,35.36
6,15.0,4,22,2,7.5,LOW,46.21
11,41.2,4,13,2,0.6,LOW,57.27
14,41.3,2,22,1,4.5,LOW,44.92
25,87.3,2,18,2,3.6,HIGH,83.24
19,72.9,1,21,1,1.3,MEDIUM,58.58
8,31.8,3,23,1,13.8,LOW,43.39
13,38.6,4,19,2,12.0,LOW,63.89
4,15.0,4,23,2,5.0,LOW,33.74
13,51.9,3,17,2,5.9,MEDIUM,57.4
24,83.6,1,9,3,4.6,HIGH,70.52
17,56.6,2,8,1,6.4,MEDIUM,64.04
5,22.4,2,7,3,10.6,LOW,35.9
22,77.8,4,9,1,16.7,HIGH,90.96
13,45.0,1,16,2,7.2,LOW,34.41
4,17.7,2,1,2,1.1,LOW,21.95
14,49.3,1,5,1,11.8,MEDIUM,42.48
6,17.6,3,4,1,3.7,LOW,36.25
20,69.2,3,8,2,8.0,MEDIUM,75.77
11,35.8,2,4,1,1.8,LOW,37.82
25,91.9,3,17,1,1.4,HIGH,74.87
18,59.6,2,19,1,0.4,MEDIUM,61.76
23,76.6,1,8,2,3.0,HIGH,68.25
5,21.9,2,16,1,7.3,LOW,36.14
4,15.0,5,16,1,3.1,LOW,30.24
22,75.4,1,11,1,2.2,HIGH,62.96
8,25.2,1,6,1,42.2,LOW,39.66
12,36.1,2,2,2,54.1,LOW,61.04
20,66.2,2,9,3,7.4,MEDIUM,69.05
6,16.7,2,1,1,3.1,LOW,33.23
12,57.3,2,2,2,15.8,MEDIUM,53.32
12,39.1,5,15,2,10.7,LOW,61.3
8,24.3,3,1,2,7.7,LOW,40.61
9,35.8,1,23,2,19.1,LOW,41.67
19,69.5,3,9,1,4.7,MEDIUM,67.43
13,38.8,3,5,1,2.4,LOW,48.03
16,55.8,4,21,1,27.3,MEDIUM,78.22
18,59.6,2,10,1,15.7,MEDIUM,65.06
10,35.7,2,22,2,19.4,LOW,48.64
12,39.2,3,6,1,20.0,LOW,50.38
14,35.2,3,14,1,3.9,LOW,47.35
3,15.0,2,5,1,15.8,LOW,22.61
15,53.7,1,19,2,17.6,MEDIUM,51.22
19,57.2,3,8,2,6.3,MEDIUM,75.45
14,53.6,1,21,2,7.9,MEDIUM,55.45
17,63.8,1,19,1,6.9,MEDIUM,61.14
12,48.0,2,11,2,0.1,LOW,53.82
18,51.9,2,18,1,6.1,MEDIUM,56.6
22,79.9,2,19,1,0.3,HIGH,60.2
12,35.7,2,2,1,4.8,LOW,37.62
12,33.5,1,14,2,0.4,LOW,37.57
4,15.0,1,1,2,4.9,LOW,22.45
16,53.0,1,20,3,2.9,MEDIUM,55.93
14,44.5,2,1,2,11.9,LOW,49.91
21,78.5,1,21,1,5.2,HIGH,59.36
4,15.0,1,2,1,5.7,LOW,26.22
10,39.8,2,5,1,18.7,LOW,47.32
12,38.2,1,14,2,5.3,LOW,41.06
24,82.2,1,9,2,1.4,HIGH,64.23
13,42.5,3,8,3,1.0,LOW,57.91
14,42.8,2,0,2,2.9,LOW,49.28
3,15.0,4,15,2,2.5,LOW,43.02
3,15.0,2,5,2,13.7,LOW,34.18
21,63.0,4,8,3,11.4,MEDIUM,83.29
3,15.0,1,3,2,0.5,LOW,21.45
10,42.2,2,1,2,1.8,LOW,42.08
12,34.1,2,3,2,4.8,LOW,46.27
4,15.0,4,0,2,0.7,LOW,34.56
15,50.1,2,18,1,1.5,MEDIUM,53.27
17,65.6,4,9,1,19.1,MEDIUM,73.9
21,74.3,2,20,1,6.2,HIGH,67.52
7,19.9,3,14,1,12.7,LOW,43.47
18,54.1,4,21,2,3.2,MEDIUM,72.72
25,73.4,5,18,1,3.8,HIGH,83.28
14,43.0,3,15,1,15.6,LOW,53.33
19,77.6,2,20,1,8.6,HIGH,70.32
5,15.0,1,23,2,9.1,LOW,18.44
16,43.1,2,21,1,8.1,MEDIUM,58.53
6,15.0,1,3,1,6.2,LOW,27.03
11,46.9,1,1,1,37.8,LOW,52.54
10,31.3,2,12,1,18.0,LOW,40.25
13,46.6,3,0,2,9.9,LOW,48.25
10,35.9,1,16,1,9.1,LOW,30.27
3,15.0,2,12,2,0.7,LOW,30.27
7,21.0,2,3,2,5.3,LOW,32.58
8,21.6,4,6,3,5.5,LOW,52.99
11,26.4,1,16,1,0.4,LOW,28.65
16,60.5,2,8,1,11.3,MEDIUM,57.95
12,45.6,5,3,1,0.0,LOW,56.05
12,40.7,2,18,1,4.4,LOW,52.56
3,15.0,3,0,2,18.7,LOW,39.6
17,63.7,4,9,1,3.3,MEDIUM,65.5
14,33.9,1,3,1,7.0,LOW,36.09
21,74.5,5,8,3,2.9,HIGH,83.05
5,23.2,3,12,2,1.6,LOW,39.5
9,41.9,1,13,1,10.5,LOW,35.74
21,77.0,2,9,1,1.8,HIGH,68.54
3,19.8,2,5,1,0.6,LOW,23.9
13,42.9,4,15,3,4.6,LOW,59.42
10,34.1,1,5,2,9.9,LOW,34.43
11,32.6,3,16,2,6.9,LOW,39.49
18,57.5,1,9,3,2.2,MEDIUM,60.05
17,63.5,3,17,2,13.6,MEDIUM,80.7
17,60.4,3,21,1,0.8,MEDIUM,58.88
12,44.0,2,17,1,8.9,LOW,43.06
8,18.0,2,2,2,7.5,LOW,33.72
18,64.2,4,19,3,18.3,MEDIUM,85.12
16,62.6,2,20,1,6.0,MEDIUM,54.82
8,29.9,3,14,2,13.7,LOW,43.09
6,15.0,1,14,3,1.9,LOW,21.48
13,44.0,3,3,1,6.3,LOW,49.94
14,56.1,3,8,3,6.1,MEDIUM,66.83
19,66.5,2,18,1,2.8,MEDIUM,61.22
13,51.8,3,23,1,0.0,MEDIUM,45.0
10,45.5,2,16,1,10.9,LOW,44.99
12,39.7,4,10,2,4.0,LOW,63.29
14,41.2,1,8,2,2.9,LOW,46.67
21,68.4,1,9,1,1.7,MEDIUM,61.71
15,62.6,3,17,3,15.3,MEDIUM,75.87
25,90.1,3,19,2,3.3,HIGH,81.39
11,38.9,2,12,2,1.8,LOW,35.58
5,23.5,5,7,1,5.9,LOW,46.97
7,21.1,3,6,3,12.2,LOW,52.12
14,45.7,5,16,1,7.4,LOW,54.47
25,80.8,2,20,1,25.8,HIGH,91.18
8,40.3,1,22,1,25.1,LOW,39.51
5,18.2,2,14,1,18.6,LOW,36.71
16,53.8,5,19,3,6.7,MEDIUM,73.18
7,25.2,2,14,1,11.7,LOW,31.95
8,26.7,5,0,1,2.7,LOW,51.23
13,39.1,3,13,2,6.9,LOW,55.55
5,23.5,2,4,2,0.6,LOW,27.5
20,57.9,2,10,2,2.4,MEDIUM,64.44
6,21.7,2,15,1,3.1,LOW,26.24
11,41.2,3,1,2,3.6,LOW,42.55
7,15.0,1,7,1,1.4,LOW,22.55
18,64.0,4,10,3,0.7,MEDIUM,75.15
15,48.3,2,17,2,6.9,MEDIUM,55.9
10,24.2,4,2,2,5.4,LOW,43.35
7,24.9,2,0,1,7.0,LOW,30.99
23,83.8,2,10,1,1.1,HIGH,72.26
11,56.1,2,15,1,23.6,MEDIUM,54.44
14,45.3,3,17,1,4.3,LOW,57.23
9,33.6,2,15,1,4.8,LOW,29.5
14,53.2,5,22,2,6.3,MEDIUM,65.33
24,82.4,2,9,1,9.4,HIGH,80.15
12,45.2,5,17,2,3.9,LOW,64.45
5,15.0,4,5,1,1.2,LOW,26.7
16,53.3,3,18,1,12.2,MEDIUM,62.82
14,40.1,2,3,2,2.4,LOW,43.8
6,18.2,2,12,2,4.7,LOW,35.19
5,15.0,3,23,1,8.0,LOW,35.25
6,15.0,2,13,1,26.9,LOW,44.92
4,18.9,3,2,2,0.3,LOW,32.46
13,36.4,3,9,1,5.9,LOW,64.07
10,39.6,2,5,1,22.0,LOW,54.6
7,22.8,2,0,2,2.4,LOW,34.68
4,15.0,1,22,1,1.0,LOW,21.35
9,26.2,1,23,1,7.3,LOW,33.95
10,33.8,4,13,3,1.3,LOW,54.66
13,53.4,3,7,2,16.9,MEDIUM,55.87
21,67.1,1,18,1,10.3,MEDIUM,63.11
6,18.3,4,13,2,1.0,LOW,38.69
14,52.3,1,9,1,6.9,MEDIUM,53.2
10,27.1,2,16,2,0.2,LOW,38.78
14,40.1,1,8,2,14.9,LOW,53.36
4,15.0,5,5,1,1.8,LOW,33.82
21,78.6,5,10,1,10.5,HIGH,85.2
12,40.3,2,6,1,0.9,LOW,37.61
10,32.3,2,16,2,5.1,LOW,48.06
7,23.6,2,0,2,21.2,LOW,40.04
18,60.7,3,21,1,0.6,MEDIUM,60.71
14,43.7,1,4,1,2.8,LOW,39.8
20,73.6,2,8,1,12.2,HIGH,71.01
16,55.7,3,17,1,5.0,MEDIUM,61.55
7,20.7,2,23,1,8.4,LOW,37.59
16,54.8,1,20,2,13.4,MEDIUM,62.85
5,15.0,2,1,2,12.3,LOW,29.44
19,56.1,3,10,3,4.0,MEDIUM,68.57
6,33.4,5,5,3,4.5,LOW,46.67
13,45.0,1,7,2,6.8,LOW,57.15
6,15.0,2,3,2,1.0,LOW,25.9
19,57.7,2,17,3,16.3,MEDIUM,72.42
24,72.7,1,10,1,0.8,HIGH,63.32
7,19.4,2,4,1,1.6,LOW,23.29
3,15.0,1,14,1,23.2,LOW,31.44
22,73.5,1,17,2,2.6,HIGH,67.99
8,37.0,3,1,2,2.2,LOW,40.93
25,80.8,2,21,1,4.4,HIGH,67.87
13,63.8,5,10,2,10.3,MEDIUM,74.63
8,31.1,2,12,2,3.6,LOW,38.09
9,43.8,2,3,1,16.6,LOW,39.28
12,33.0,2,21,1,1.3,LOW,48.18
9,26.4,1,6,1,1.0,LOW,32.11
24,77.7,4,10,1,0.6,HIGH,83.71
24,81.1,3,21,2,2.8,HIGH,77.26
5,21.1,2,23,2,1.8,LOW,26.16
9,21.5,3,3,2,4.9,LOW,43.08
8,32.4,5,14,2,43.6,LOW,74.54
3,15.0,1,0,2,16.2,LOW,23.84
12,51.7,1,22,2,18.0,MEDIUM,47.32
9,32.7,1,2,2,14.2,LOW,34.73
4,21.1,4,13,2,2.5,LOW,36.63
6,17.7,1,5,2,2.1,LOW,29.54
17,61.1,2,17,1,10.5,MEDIUM,61.89
6,17.6,2,0,2,7.3,LOW,27.66
8,30.9,2,5,1,1.8,LOW,26.88
13,45.6,3,5,2,27.4,LOW,61.5
12,50.0,2,20,1,4.4,LOW,55.48
7,29.4,2,15,1,13.5,LOW,31.75
5,19.9,5,4,3,0.6,LOW,48.53
8,28.3,1,16,1,0.3,LOW,28.83
15,51.5,1,9,1,4.9,MEDIUM,43.98
20,59.1,3,20,1,1.0,MEDIUM,63.0
16,47.6,3,17,2,31.0,MEDIUM,72.63
12,35.4,2,6,2,13.4,LOW,49.52
7,33.8,1,2,2,4.8,LOW,22.66
11,34.2,3,12,2,31.1,LOW,63.73
12,38.1,3,14,1,2.2,LOW,41.14
12,44.5,4,19,1,9.1,LOW,58.76
21,65.9,3,18,1,0.1,MEDIUM,60.67
10,42.5,1,2,2,3.7,LOW,33.83
4,15.0,3,3,2,0.7,LOW,37.12
6,27.8,1,4,1,3.7,LOW,20.49
8,38.3,4,0,1,3.8,LOW,51.16
9,32.7,3,3,1,3.8,LOW,33.77
12,36.6,2,11,2,4.3,LOW,45.68
10,39.7,2,23,1,7.7,LOW,39.91
14,43.1,1,9,1,1.7,LOW,45.71
11,50.1,1,22,1,2.1,LOW,37.32
23,81.6,2,20,2,8.3,HIGH,71.22
24,76.1,3,19,2,5.0,HIGH,87.04
11,42.4,2,23,1,1.4,LOW,38.44
9,24.4,1,12,2,12.4,LOW,38.39
7,19.1,3,22,2,21.4,LOW,42.23
5,21.6,1,13,3,5.0,LOW,29.23
11,33.2,3,22,1,7.6,LOW,43.57
9,31.3,2,4,2,13.5,LOW,46.15
5,20.5,2,3,1,26.5,LOW,39.23
7,19.8,1,13,1,27.8,LOW,36.24
23,74.9,4,9,2,20.5,HIGH,91.61
5,27.3,1,16,1,13.5,LOW,20.58
22,78.9,1,9,1,4.4,HIGH,71.24
9,30.5,2,6,1,8.9,LOW,46.12
11,36.9,4,15,1,11.5,LOW,53.86
7,16.6,1,0,1,0.8,LOW,19.4
14,50.5,3,16,1,1.0,MEDIUM,49.21
20,68.7,3,20,2,9.8,MEDIUM,80.8
14,53.1,2,8,2,8.8,MEDIUM,56.47
6,15.0,2,5,1,13.0,LOW,37.15
24,80.4,2,18,2,1.6,HIGH,76.89
10,33.5,2,12,3,22.1,LOW,46.68
12,42.8,3,2,1,2.2,LOW,50.22
14,49.0,1,6,1,1.2,MEDIUM,42.8
15,54.2,2,21,2,3.1,MEDIUM,54.38
15,49.8,1,8,2,13.2,MEDIUM,56.42
18,53.7,2,21,1,0.2,MEDIUM,52.26
14,38.8,2,4,1,2.1,LOW,43.11
13,43.8,4,9,2,24.9,LOW,74.48
13,62.2,2,22,3,0.1,MEDIUM,48.92
14,51.1,1,16,1,2.6,MEDIUM,43.8
17,73.0,1,11,3,3.2,MEDIUM,61.07
8,31.4,2,22,1,20.6,LOW,39.01
3,15.0,2,15,1,15.2,LOW,35.24
5,16.2,3,2,1,4.9,LOW,35.46
19,79.8,2,21,2,3.1,HIGH,58.84
23,82.9,3,8,1,23.1,HIGH,91.59
12,45.3,4,14,1,1.7,LOW,52.05
13,40.0,1,4,3,5.2,LOW,45.01
9,30.6,3,22,3,4.3,LOW,44.01
5,15.0,1,12,1,21.9,LOW,24.53
6,17.8,2,13,1,11.3,LOW,36.78
13,45.2,2,19,2,5.0,LOW,52.01
9,26.9,3,14,2,7.5,LOW,41.86
6,26.1,2,15,1,19.0,LOW,30.43
11,33.9,3,22,3,14.2,LOW,56.38
14,49.5,2,12,1,7.6,MEDIUM,43.85
8,33.1,2,16,2,19.8,LOW,39.6
4,26.1,1,22,1,3.8,LOW,25.19
13,46.4,3,7,2,10.6,LOW,44.2
14,41.4,1,20,1,0.1,LOW,38.36
10,33.9,2,1,2,7.0,LOW,43.87
13,56.0,1,4,3,1.2,MEDIUM,49.7
5,22.7,1,5,1,5.9,LOW,17.39
23,79.4,1,11,2,2.3,HIGH,74.21
17,61.2,1,17,1,3.8,MEDIUM,56.71
19,66.3,2,21,3,12.6,MEDIUM,69.3
23,70.5,2,21,3,0.5,HIGH,76.79
8,28.4,1,0,2,6.2,LOW,32.42
8,23.0,3,16,2,1.3,LOW,37.29
14,44.3,2,10,3,6.8,LOW,60.32
20,66.3,2,9,1,8.0,MEDIUM,63.88
25,72.5,3,18,1,1.6,HIGH,80.41
6,19.4,2,13,2,0.0,LOW,26.7
25,74.9,5,9,1,0.7,HIGH,89.77
5,22.0,2,14,2,9.4,LOW,29.66
15,38.7,3,18,2,3.8,LOW,58.2
13,33.8,3,3,1,3.7,LOW,42.22
3,15.0,4,1,1,9.4,LOW,30.84
13,46.1,5,8,1,5.5,LOW,71.16
21,71.4,1,9,2,8.1,HIGH,70.44
13,54.4,1,10,1,20.1,MEDIUM,59.58
14,50.2,3,13,1,5.7,MEDIUM,54.17
13,33.6,2,6,2,8.1,LOW,54.41
11,32.4,3,22,3,8.2,LOW,47.54
8,28.4,1,14,3,6.1,LOW,35.54
15,53.0,3,21,3,8.7,MEDIUM,58.46
15,40.3,1,18,2,14.4,LOW,55.16
21,76.8,1,21,1,13.2,HIGH,63.2
9,25.4,5,14,3,0.5,LOW,52.51
8,22.1,1,23,1,24.3,LOW,29.69
8,33.6,2,7,2,15.0,LOW,38.51
14,47.7,1,10,2,28.2,MEDIUM,67.69
16,56.4,4,8,2,1.7,MEDIUM,71.5
8,30.4,3,14,1,6.2,LOW,34.94
12,31.5,3,0,1,4.6,LOW,44.81
7,25.3,2,0,2,3.8,LOW,38.16
18,72.7,2,18,1,4.2,MEDIUM,54.82
14,46.3,1,2,3,18.7,LOW,56.92
18,63.5,1,9,2,9.6,MEDIUM,60.59
8,42.4,2,7,2,3.1,LOW,49.01
10,43.3,3,14,3,3.8,LOW,46.38
24,79.0,1,9,2,5.1,HIGH,74.46
12,43.7,1,0,1,3.7,LOW,28.71
22,79.3,1,17,1,1.9,HIGH,63.6
4,26.5,2,1,2,4.6,LOW,28.81
12,35.3,1,18,3,0.7,LOW,41.89
3,28.6,1,12,2,15.4,LOW,28.16
23,79.9,1,21,3,13.9,HIGH,79.23
9,28.7,4,0,1,17.8,LOW,57.59
10,37.7,1,1,1,4.7,LOW,34.15
5,15.0,3,15,1,8.4,LOW,32.56
5,15.0,2,14,2,13.3,LOW,33.49
9,27.2,2,12,1,3.0,LOW,35.61
10,30.7,1,15,1,8.0,LOW,32.93
8,17.1,2,16,2,4.6,LOW,39.0
21,61.6,1,20,1,3.7,MEDIUM,58.3
4,15.0,1,6,2,15.7,LOW,20.96
9,32.2,4,23,1,7.8,LOW,46.01
14,43.3,2,16,1,7.8,LOW,47.14
7,36.5,1,6,1,1.4,LOW,28.06
8,31.0,2,12,3,3.4,LOW,42.53
9,26.6,2,4,1,14.7,LOW,44.24
11,48.2,3,16,1,1.9,LOW,41.19
9,29.3,2,2,1,28.2,LOW,45.18
14,46.3,1,6,1,14.3,LOW,52.12
13,48.1,1,16,3,2.5,LOW,38.94
3,15.0,2,6,1,0.9,LOW,18.27
15,51.6,2,20,3,1.5,MEDIUM,59.96
13,48.2,2,0,1,2.2,LOW,35.37
13,37.4,3,16,3,2.2,LOW,45.83
13,43.6,3,16,2,0.1,LOW,52.31
12,35.2,2,10,2,10.1,LOW,54.33
10,36.1,4,2,2,30.2,LOW,64.86
9,22.1,1,14,1,2.7,LOW,28.33
17,67.2,2,20,2,0.1,MEDIUM,57.83
15,47.4,4,10,1,20.0,MEDIUM,70.46
5,15.0,2,15,1,1.8,LOW,28.76
19,63.9,2,21,2,0.1,MEDIUM,57.3
22,69.0,1,8,1,2.0,HIGH,66.31
5,18.4,3,23,2,0.9,LOW,27.13
7,30.5,2,23,1,10.4,LOW,38.01
12,38.8,3,0,2,0.0,LOW,44.5
19,62.1,1,21,3,4.7,MEDIUM,61.0
12,44.7,1,15,2,5.4,LOW,35.54
14,51.1,2,8,2,12.3,MEDIUM,72.04
18,61.9,1,18,2,5.9,MEDIUM,60.69
18,68.5,4,11,3,1.1,MEDIUM,82.25
14,50.1,4,18,1,4.4,MEDIUM,55.76
14,58.2,2,21,2,21.8,MEDIUM,68.5
21,69.6,1,8,1,2.2,MEDIUM,64.98
9,23.7,1,6,1,2.8,LOW,27.85
6,28.7,2,13,1,16.5,LOW,34.01
22,64.2,1,18,1,12.3,MEDIUM,61.93
25,79.9,3,18,2,2.8,HIGH,84.86
7,17.9,1,1,3,9.9,LOW,28.55
22,75.2,3,8,2,0.7,HIGH,76.92
6,19.9,3,12,2,6.3,LOW,41.58
12,48.1,2,14,1,16.4,LOW,54.68
13,44.6,3,2,1,14.8,LOW,55.72
22,71.4,3,10,1,1.8,HIGH,71.44
18,59.5,3,20,2,6.1,MEDIUM,71.6
5,15.0,2,13,1,4.1,LOW,28.76
3,15.0,1,7,2,6.6,LOW,15.32
23,87.1,4,17,3,0.6,HIGH,87.08
13,45.5,2,18,2,31.9,LOW,62.55
3,15.0,3,15,2,6.6,LOW,34.46
7,26.6,2,1,2,1.0,LOW,23.01
4,15.0,1,7,1,8.2,LOW,19.77
14,46.8,5,21,1,0.1,MEDIUM,67.36
13,43.2,1,5,2,0.1,LOW,34.2
19,68.8,4,11,2,1.6,MEDIUM,75.73
7,21.5,1,14,2,2.5,LOW,28.31
3,15.0,2,7,1,2.4,LOW,12.57
5,15.0,2,3,2,4.7,LOW,28.63
12,54.6,4,14,1,5.8,MEDIUM,52.61
13,43.2,4,19,1,4.4,LOW,56.17
3,15.0,3,16,1,3.7,LOW,31.71
12,40.3,2,12,1,8.9,LOW,52.2
16,54.0,1,17,1,2.3,MEDIUM,52.92
7,17.1,3,1,1,7.9,LOW,38.62
12,51.0,2,12,2,25.1,LOW,48.98
5,15.0,3,12,2,5.1,LOW,32.03
16,49.8,3,21,2,5.7,MEDIUM,64.82
3,15.0,2,14,1,10.4,LOW,22.26
25,92.0,3,19,3,5.7,HIGH,98.99
12,39.2,3,9,1,1.2,LOW,50.57
6,15.0,4,2,1,7.5,LOW,45.01
25,74.0,2,18,2,5.7,HIGH,79.09
8,36.5,3,2,1,24.2,LOW,50.8
23,78.6,2,21,2,0.8,HIGH,74.57
14,55.6,1,13,2,6.2,MEDIUM,53.79
9,32.0,1,7,3,7.7,LOW,36.59
5,15.0,1,22,3,7.7,LOW,23.3
11,39.7,1,3,3,0.5,LOW,38.01
15,52.6,1,19,1,3.2,MEDIUM,44.46
23,81.2,4,10,3,2.4,HIGH,83.65
24,82.1,2,10,1,9.1,HIGH,74.15
16,51.5,2,10,2,10.6,MEDIUM,58.7
5,23.9,2,1,2,1.9,LOW,18.45
6,20.0,2,16,1,14.0,LOW,32.39
15,52.4,1,8,2,5.3,MEDIUM,55.07
11,31.5,1,1,1,2.4,LOW,30.86
14,41.1,4,23,1,2.9,LOW,61.24
13,39.4,3,14,3,2.4,LOW,55.06
12,34.3,2,15,1,7.4,LOW,44.53
4,15.0,2,3,1,6.0,LOW,19.06
10,30.2,1,7,1,22.3,LOW,39.07
25,94.1,2,8,3,2.6,HIGH,86.18
3,15.0,2,4,1,3.1,LOW,19.63
8,19.6,3,15,1,0.1,LOW,42.9
8,31.5,1,12,3,2.8,LOW,37.55
11,36.7,3,6,1,2.3,LOW,46.06
14,45.4,2,19,1,4.1,LOW,50.72
12,33.6,2,16,2,5.5,LOW,33.4
13,44.2,2,2,2,8.9,LOW,52.05
10,34.2,2,4,2,1.7,LOW,36.31
14,49.4,2,18,1,6.5,MEDIUM,50.35
17,58.2,1,11,3,10.4,MEDIUM,60.34
7,22.9,2,6,3,2.2,LOW,29.5
15,51.0,1,8,1,3.5,MEDIUM,44.49
12,40.1,1,5,1,1.8,LOW,38.01
14,38.7,1,16,3,0.9,LOW,44.96
7,35.6,2,15,1,11.3,LOW,37.28
3,15.0,1,22,2,2.2,LOW,12.84
13,45.1,1,2,2,3.7,LOW,46.39
15,49.6,2,20,2,2.3,MEDIUM,57.89
8,26.2,4,3,2,0.4,LOW,37.29
16,56.1,3,9,1,10.4,MEDIUM,67.86
14,56.0,4,4,1,8.2,MEDIUM,57.82
25,80.9,2,20,3,5.2,HIGH,83.39
18,62.8,2,21,2,9.0,MEDIUM,59.26
22,65.1,3,9,2,15.0,MEDIUM,78.05
12,45.7,1,11,3,7.7,LOW,40.76
20,70.1,1,9,2,19.0,MEDIUM,69.37
7,23.2,2,12,1,1.8,LOW,31.51
20,55.0,1,10,2,17.2,MEDIUM,62.65
20,64.6,3,21,1,6.2,MEDIUM,71.13
3,15.0,2,15,1,14.7,LOW,22.3
14,42.1,1,7,1,10.9,LOW,42.16
13,33.1,4,7,2,0.5,LOW,58.37
8,25.0,2,7,3,14.6,LOW,41.76
5,27.9,2,12,1,3.3,LOW,31.93
6,24.7,4,1,1,4.4,LOW,42.4
19,64.9,1,11,2,0.1,MEDIUM,62.44
19,67.9,3,9,2,11.4,MEDIUM,68.67
24,94.8,2,11,2,5.0,HIGH,83.26
14,41.6,3,10,2,22.5,LOW,72.55
12,36.1,4,14,2,2.6,LOW,59.67
3,15.0,2,15,1,5.5,LOW,19.83
4,15.0,1,16,1,4.2,LOW,19.28
4,15.5,1,1,1,12.6,LOW,17.6
12,39.0,2,17,3,6.1,LOW,51.51
13,47.9,3,11,1,4.9,LOW,51.2
25,90.0,1,18,2,23.5,HIGH,87.65
12,48.7,2,22,1,3.8,LOW,47.11
18,65.5,3,17,1,5.4,MEDIUM,69.75
3,15.0,1,16,1,6.5,LOW,19.47
10,30.9,3,5,1,0.4,LOW,41.03
3,15.0,1,14,1,6.0,LOW,17.76
12,41.1,1,2,2,3.3,LOW,41.3
5,19.1,1,5,1,8.4,LOW,27.67
11,28.5,5,2,2,8.3,LOW,60.66
10,40.9,2,0,1,9.9,LOW,46.17
4,15.0,1,12,2,4.1,LOW,32.54
20,65.7,2,20,2,0.9,MEDIUM,68.65
10,27.9,3,13,3,4.6,LOW,42.32
14,56.0,2,12,1,6.4,MEDIUM,44.57
11,40.5,3,3,1,0.2,LOW,38.9
9,35.8,1,6,3,6.3,LOW,36.55
15,50.3,1,21,1,4.1,MEDIUM,48.22
20,77.7,2,9,2,5.2,HIGH,70.51
14,52.5,1,6,1,2.9,MEDIUM,41.23
18,69.1,4,20,2,5.4,MEDIUM,77.46
11,44.4,1,14,1,17.1,LOW,42.11
10,30.3,3,14,3,12.4,LOW,56.45
6,21.6,1,3,2,7.7,LOW,33.08
12,48.8,3,22,1,7.9,LOW,49.25
14,50.5,1,22,1,18.1,MEDIUM,48.67
13,38.3,5,5,1,5.2,LOW,65.44
6,20.9,1,23,2,6.2,LOW,24.67
17,62.7,3,19,1,15.7,MEDIUM,66.37
8,18.4,2,4,1,11.2,LOW,30.87
14,41.8,2,19,2,4.5,LOW,48.05
22,66.3,1,11,1,2.9,MEDIUM,59.43
6,23.3,3,0,1,5.8,LOW,28.29
10,43.4,1,7,1,1.0,LOW,29.31
4,15.0,3,0,2,9.1,LOW,40.35
10,35.2,2,4,3,5.0,LOW,36.77
23,74.4,5,21,1,7.2,HIGH,87.47
12,51.0,2,5,2,15.0,LOW,48.11
15,52.3,1,20,1,3.5,MEDIUM,49.23
4,18.7,2,2,1,5.5,LOW,25.25
11,45.8,1,14,2,6.5,LOW,42.3
11,38.5,1,4,1,2.6,LOW,34.36
8,16.4,2,23,2,2.6,LOW,26.76
12,40.1,4,13,3,6.0,LOW,58.37
20,69.3,3,17,3,2.4,MEDIUM,67.1
7,16.8,1,15,1,15.8,LOW,21.23
9,19.3,2,5,1,42.2,LOW,54.06
10,25.7,1,23,3,1.9,LOW,36.48
10,42.0,2,13,1,6.9,LOW,37.2
5,15.0,1,23,2,1.3,LOW,21.29
5,33.8,3,7,1,1.6,LOW,37.49
7,32.4,5,6,1,11.6,LOW,51.43
7,29.3,1,7,1,1.8,LOW,22.21
4,15.0,2,12,3,11.1,LOW,29.39
7,32.2,1,5,3,4.1,LOW,25.98
25,82.0,4,17,1,5.2,HIGH,83.39
13,33.2,1,1,2,2.4,LOW,32.9
9,32.1,2,7,1,6.4,LOW,38.95
14,50.3,4,10,1,3.2,MEDIUM,63.82
9,25.8,1,0,2,1.5,LOW,25.6
24,78.0,2,21,2,1.2,HIGH,70.87
5,15.9,1,5,1,63.8,LOW,46.07
10,32.8,3,15,1,3.4,LOW,39.35
12,45.3,1,19,3,13.1,LOW,57.41
12,39.2,5,11,3,3.3,LOW,76.38
19,74.5,4,10,2,7.8,HIGH,75.7
15,52.9,3,9,1,14.7,MEDIUM,68.47
8,17.2,2,2,2,9.5,LOW,34.57
8,34.1,3,12,1,0.6,LOW,37.6
7,18.8,1,2,3,1.7,LOW,29.36
8,34.0,2,14,1,16.5,LOW,37.45
8,29.2,1,15,1,5.1,LOW,25.05
12,35.9,2,12,1,7.3,LOW,39.45
8,24.7,3,16,2,0.2,LOW,39.3
10,36.7,4,2,2,5.3,LOW,52.64
16,56.0,3,19,1,4.5,MEDIUM,70.0
14,53.3,3,10,2,9.3,MEDIUM,62.99
17,60.4,4,20,2,2.6,MEDIUM,69.34
21,71.4,4,18,1,10.9,HIGH,78.74
19,65.2,2,21,2,8.9,MEDIUM,66.5
25,83.9,1,10,3,5.7,HIGH,76.34
13,47.4,2,15,1,3.8,LOW,45.32
16,56.9,2,20,1,2.9,MEDIUM,65.99
6,21.9,2,2,1,6.1,LOW,28.95
14,61.4,5,21,1,6.9,MEDIUM,66.17
8,29.5,4,5,1,4.8,LOW,49.88
11,44.8,2,13,2,3.1,LOW,45.06
10,30.1,1,23,2,17.0,LOW,32.96
22,74.9,1,17,1,3.0,HIGH,64.5
5,15.0,1,16,2,8.9,LOW,25.93
10,34.5,2,3,2,18.8,LOW,49.64
14,43.9,4,22,3,8.3,LOW,72.7
13,40.0,2,14,1,3.6,LOW,42.45
17,59.1,2,10,2,2.8,MEDIUM,59.43
10,31.6,1,2,3,15.4,LOW,42.36
12,31.5,2,2,2,5.4,LOW,41.27
3,15.0,4,15,1,7.2,LOW,28.99
5,38.3,3,4,1,7.3,LOW,40.19
24,84.1,1,20,3,6.1,HIGH,66.89
18,62.9,4,9,1,21.4,MEDIUM,73.75
22,68.0,1,18,3,21.4,MEDIUM,70.38
14,40.1,3,3,2,0.3,LOW,50.32
17,52.2,1,18,1,5.6,MEDIUM,50.28
20,69.7,3,10,2,6.7,MEDIUM,78.06
14,40.3,1,1,1,20.8,LOW,51.16
23,86.8,2,9,1,0.6,HIGH,66.59
19,57.6,2,10,2,12.5,MEDIUM,62.63
13,49.0,1,19,2,8.2,MEDIUM,44.22
14,49.2,4,15,1,10.5,MEDIUM,64.47
23,87.2,1,18,2,2.8,HIGH,71.03
12,34.2,4,22,1,11.0,LOW,50.0
12,59.2,2,23,1,2.7,MEDIUM,47.5
19,65.7,3,10,1,9.0,MEDIUM,67.76
14,54.8,3,13,1,12.4,MEDIUM,57.87
3,15.0,1,1,3,12.2,LOW,25.04
11,31.0,2,22,2,6.3,LOW,36.66
13,39.6,2,4,2,4.3,LOW,48.96
14,47.8,3,4,2,2.2,MEDIUM,51.55
16,49.8,5,18,1,0.3,MEDIUM,72.87
18,62.1,1,20,1,0.4,MEDIUM,61.15
25,90.3,2,11,2,4.3,HIGH,83.06
18,68.9,3,17,3,0.8,MEDIUM,75.68
8,37.2,2,3,2,0.9,LOW,39.2
13,43.9,4,21,1,1.7,LOW,56.89
5,15.0,1,16,1,5.3,LOW,23.95
23,67.8,2,9,1,7.2,HIGH,70.56
19,50.5,3,19,1,9.5,MEDIUM,60.33
6,19.8,1,5,1,5.3,LOW,25.46
11,44.9,3,13,2,8.7,LOW,53.79
16,55.1,1,10,1,15.9,MEDIUM,54.17
14,50.1,2,10,2,3.7,MEDIUM,48.43
16,48.3,3,17,2,9.3,MEDIUM,71.6
11,34.7,1,22,1,8.6,LOW,36.7
18,68.2,1,21,2,8.1,MEDIUM,65.78
15,53.7,5,17,1,7.0,MEDIUM,70.07
3,15.0,4,23,2,10.4,LOW,38.11
11,41.4,4,22,2,13.7,LOW,53.5
22,75.5,5,10,2,4.0,HIGH,94.72
17,64.3,1,20,3,8.5,MEDIUM,73.66
17,60.7,1,11,1,2.3,MEDIUM,52.48
6,18.4,1,4,2,11.3,LOW,29.48
9,29.3,4,22,2,17.0,LOW,59.75
25,76.8,3,8,2,11.5,HIGH,77.77
14,37.9,2,8,2,5.4,LOW,63.82
21,68.7,4,21,2,1.1,MEDIUM,86.18
17,65.9,2,9,2,16.5,MEDIUM,64.03
17,60.4,1,21,1,13.5,MEDIUM,53.96
13,42.4,1,18,1,9.6,LOW,40.6
7,27.8,1,0,2,15.3,LOW,28.35
13,50.9,2,6,2,6.1,MEDIUM,51.32
3,15.0,2,3,3,37.5,LOW,39.94
5,15.0,3,0,1,14.5,LOW,36.92
14,66.7,1,14,1,1.4,MEDIUM,48.88
6,15.0,3,7,2,4.1,LOW,38.67
24,78.3,2,11,3,1.5,HIGH,81.53
23,76.1,5,21,3,2.0,HIGH,94.33
22,68.8,3,21,1,5.6,HIGH,78.44
23,66.6,5,17,1,3.6,HIGH,84.63
5,17.5,2,14,1,19.2,LOW,30.58
3,15.0,1,16,1,0.0,LOW,10.26
8,29.9,2,13,3,0.1,LOW,40.51
10,29.0,1,13,1,20.2,LOW,41.98
18,68.7,2,17,1,2.2,MEDIUM,58.36
18,60.9,1,19,1,0.0,MEDIUM,51.72
13,39.2,2,17,1,4.6,LOW,48.55
6,16.3,4,15,2,1.7,LOW,38.63
12,39.3,1,0,1,0.4,LOW,30.2
6,28.6,5,22,1,6.0,LOW,52.91
15,47.5,1,10,3,1.2,MEDIUM,50.35
5,15.0,1,14,1,14.5,LOW,27.0
25,95.4,2,11,2,2.9,HIGH,78.42
9,19.8,3,7,1,2.0,LOW,33.7
21,85.5,3,21,2,10.8,HIGH,80.04
22,63.8,3,19,1,15.1,MEDIUM,73.23
14,45.2,1,5,1,0.8,LOW,32.34
12,38.2,1,2,2,1.3,LOW,36.31
6,25.7,1,23,1,5.1,LOW,25.99
7,28.0,2,12,2,7.1,LOW,37.69
9,42.3,5,12,1,0.7,LOW,51.24
8,18.1,4,1,2,3.8,LOW,41.93
11,27.0,1,4,3,18.2,LOW,45.12
5,23.3,3,16,1,16.7,LOW,34.53
10,47.6,2,5,1,3.0,LOW,45.08
13,51.5,1,1,2,2.1,MEDIUM,41.8
12,45.2,2,3,2,7.0,LOW,50.33
13,51.3,2,21,1,0.8,MEDIUM,51.91
14,39.5,3,10,1,2.1,LOW,53.75
11,36.0,1,7,1,1.5,LOW,33.24
15,51.2,4,11,1,1.9,MEDIUM,58.85
7,23.2,2,7,3,1.9,LOW,36.04
19,67.8,1,10,2,7.9,MEDIUM,59.69
14,47.4,2,21,2,5.4,MEDIUM,52.21
13,41.5,3,19,1,15.9,LOW,64.24
8,20.3,2,7,1,10.6,LOW,31.63
3,15.0,3,7,3,5.5,LOW,38.63
10,26.2,1,16,1,2.9,LOW,26.22
14,47.0,2,19,1,14.3,MEDIUM,60.15
13,46.2,2,19,1,0.7,LOW,45.02
5,15.0,1,22,2,9.1,LOW,25.51
9,35.1,3,15,1,1.0,LOW,40.63
9,36.8,2,13,1,6.1,LOW,38.88
16,51.4,2,10,3,18.6,MEDIUM,67.8
13,41.9,1,6,2,2.2,LOW,34.99
13,48.6,2,15,1,0.7,LOW,36.45
9,24.5,3,12,2,3.3,LOW,40.86
14,41.0,3,14,1,5.2,LOW,57.78
10,31.9,3,23,1,10.3,LOW,42.66
6,20.3,2,15,2,0.2,LOW,34.99
24,78.3,1,20,1,1.1,HIGH,70.75
6,23.8,3,22,1,4.2,LOW,37.19
12,32.6,1,23,2,0.8,LOW,31.09
22,77.5,3,8,3,25.0,HIGH,92.43
6,17.2,3,2,2,5.7,LOW,38.35
13,53.7,3,18,1,3.8,MEDIUM,56.85
14,53.1,1,19,1,31.2,MEDIUM,61.27
5,17.8,5,4,1,8.3,LOW,41.29
22,74.6,3,9,1,5.8,HIGH,77.93
5,15.0,3,16,1,2.2,LOW,34.23
13,28.2,1,14,2,2.3,LOW,28.79
6,21.1,2,22,1,3.6,LOW,28.47
14,54.4,1,7,1,11.1,MEDIUM,39.3
4,15.0,2,14,2,13.5,LOW,28.3
15,46.1,2,20,1,1.7,MEDIUM,53.22
5,17.6,4,13,3,13.6,LOW,47.69
20,60.4,1,19,1,3.2,MEDIUM,55.67
14,43.2,2,6,3,1.8,LOW,57.25
13,41.6,1,20,3,1.7,LOW,49.34
13,44.9,2,22,2,5.0,LOW,44.57
12,53.2,4,11,1,11.7,MEDIUM,65.37
5,16.7,3,16,3,6.8,LOW,31.31
4,15.9,2,16,1,5.0,LOW,26.37
19,64.1,1,9,1,0.1,MEDIUM,54.5
14,49.4,2,18,1,6.6,MEDIUM,58.67
7,24.7,1,13,1,9.0,LOW,23.33
22,80.6,2,10,1,0.8,HIGH,72.66
7,33.9,1,1,1,25.0,LOW,36.8
18,60.3,3,17,1,0.8,MEDIUM,67.43
13,42.0,1,6,2,9.4,LOW,47.26
17,72.0,1,11,1,5.9,MEDIUM,58.91
6,30.6,3,1,2,17.2,LOW,48.33
13,46.3,4,19,3,4.3,LOW,67.5
13,51.8,5,17,1,5.7,MEDIUM,65.0
12,50.6,3,5,2,6.4,LOW,59.62
11,36.1,1,23,3,16.6,LOW,36.81
12,46.7,1,9,1,12.9,LOW,42.72
16,55.5,4,19,1,2.6,MEDIUM,64.85
7,25.1,4,14,3,24.9,LOW,53.15
9,35.5,2,4,3,11.2,LOW,44.6
14,58.2,2,19,2,0.1,MEDIUM,55.35
10,37.4,1,2,1,1.6,LOW,28.79
10,39.7,4,4,3,15.5,LOW,61.18
12,46.4,1,7,1,8.3,LOW,34.76
8,35.3,3,7,1,2.4,LOW,40.95
7,27.5,5,7,1,1.5,LOW,43.54
25,86.6,3,11,1,1.3,HIGH,79.56
4,15.0,1,23,2,3.1,LOW,16.73
14,51.8,1,22,2,18.3,MEDIUM,59.79
10,31.9,1,7,2,3.5,LOW,31.31
21,72.2,3,10,1,8.6,HIGH,81.38
10,28.1,2,13,2,0.9,LOW,32.87
8,40.2,1,7,2,6.1,LOW,32.15
10,27.7,1,23,1,3.4,LOW,31.43
19,68.2,1,9,3,1.4,MEDIUM,63.65
11,33.0,5,6,2,12.8,LOW,58.49
11,29.4,3,16,2,13.5,LOW,49.42
5,20.2,2,3,1,2.9,LOW,30.89
7,33.1,4,12,2,8.5,LOW,41.95
14,43.3,3,3,3,4.0,LOW,59.37
9,34.4,3,4,1,0.4,LOW,40.51
14,58.7,3,21,2,4.5,MEDIUM,64.25
9,44.7,3,3,1,6.9,LOW,37.64
15,49.7,1,17,2,2.8,MEDIUM,53.79
9,30.7,2,5,2,23.8,LOW,39.71
3,15.0,3,23,2,6.5,LOW,29.86
7,28.6,1,23,3,3.7,LOW,29.29
11,36.8,1,22,1,10.6,LOW,36.45
23,82.5,1,21,1,3.3,HIGH,66.18
5,17.1,1,1,2,0.2,LOW,20.78
11,33.3,1,22,1,0.1,LOW,31.01
13,47.3,2,10,1,2.9,LOW,53.41
10,31.0,1,13,1,1.4,LOW,40.77
8,21.7,1,4,1,3.5,LOW,18.63
9,31.0,4,5,2,11.7,LOW,48.05
16,49.9,3,9,2,3.0,MEDIUM,62.73
12,39.1,1,7,1,6.6,LOW,35.04
14,53.8,2,13,1,20.2,MEDIUM,53.64
9,27.4,3,23,1,9.6,LOW,41.04
12,34.0,3,2,1,6.6,LOW,47.32
25,88.9,1,11,1,16.1,HIGH,83.14
12,47.8,4,15,1,3.2,LOW,58.85
5,15.0,3,22,2,1.8,LOW,28.93
13,52.7,4,16,2,11.0,MEDIUM,57.92
7,27.6,1,0,1,0.5,LOW,19.56
8,36.2,1,22,2,4.4,LOW,26.93
15,45.7,2,9,3,2.7,MEDIUM,50.82
6,15.0,1,22,1,28.4,LOW,38.5
17,61.3,1,9,1,3.8,MEDIUM,57.26
21,71.7,1,20,2,8.7,HIGH,64.81
12,42.6,3,23,1,2.5,LOW,45.74
8,30.1,1,1,2,32.7,LOW,40.34
12,50.4,1,8,2,1.6,LOW,41.23
24,78.0,4,21,1,19.0,HIGH,93.28
14,58.1,1,12,2,4.7,MEDIUM,47.48
7,21.1,2,15,2,4.5,LOW,29.24
15,54.2,2,17,1,9.7,MEDIUM,63.88
24,84.2,5,18,1,0.8,HIGH,94.03
17,53.3,4,11,3,6.3,MEDIUM,69.98
8,30.2,2,7,3,2.0,LOW,32.42
11,31.7,4,16,2,1.4,LOW,51.5
6,15.0,2,14,3,16.8,LOW,47.39
14,53.6,3,9,1,47.3,MEDIUM,74.19
12,47.2,1,14,1,28.4,LOW,51.56
13,35.7,2,14,1,13.8,LOW,44.24
7,22.4,2,22,1,20.2,LOW,40.1
11,30.9,2,6,2,20.6,LOW,39.66
12,44.7,3,12,3,1.6,LOW,48.65
8,34.0,1,16,2,0.7,LOW,31.31
24,76.4,2,8,2,1.1,HIGH,75.34
4,15.0,3,7,1,1.4,LOW,20.09
23,81.2,1,19,1,13.8,HIGH,68.14
16,58.1,2,20,1,22.7,MEDIUM,62.78
17,52.6,3,17,2,3.5,MEDIUM,67.6
10,31.0,4,12,1,0.3,LOW,44.39
10,29.4,1,15,3,2.9,LOW,37.48
18,61.3,2,8,3,9.8,MEDIUM,74.28
24,86.6,1,11,1,22.9,HIGH,77.51
18,63.7,2,11,1,4.8,MEDIUM,64.06
3,15.0,1,5,2,3.3,LOW,23.89
18,53.5,2,18,1,8.5,MEDIUM,59.65
9,27.2,3,6,2,1.9,LOW,39.24
4,20.7,1,2,2,11.6,LOW,29.28
6,15.0,3,15,1,4.3,LOW,34.06
21,66.4,2,17,1,30.3,MEDIUM,82.48
7,27.6,1,15,1,21.8,LOW,35.76
10,23.1,2,22,3,8.8,LOW,41.24
12,34.8,2,6,1,8.4,LOW,42.84
11,42.1,1,3,3,1.1,LOW,37.14
3,15.0,3,7,2,2.6,LOW,21.83
11,32.8,3,12,2,15.8,LOW,54.92
7,27.4,3,12,1,3.6,LOW,31.67
6,15.0,2,16,2,4.4,LOW,31.37
12,45.9,1,16,2,14.7,LOW,45.09
7,25.5,3,4,2,4.5,LOW,39.99
11,35.8,2,5,2,15.2,LOW,41.48
22,63.4,3,18,2,0.6,MEDIUM,67.36
12,40.9,3,12,3,9.4,LOW,54.58
14,38.2,3,13,1,0.5,LOW,47.77
18,50.9,2,21,2,12.5,MEDIUM,66.14
13,46.6,4,3,1,6.4,LOW,52.92
12,42.5,3,6,2,6.5,LOW,46.43
7,15.0,2,7,3,3.8,LOW,36.81
3,15.0,3,12,1,18.7,LOW,41.85
11,40.2,1,5,2,5.7,LOW,40.23
5,18.6,2,5,2,2.4,LOW,32.38
3,15.0,4,23,1,13.9,LOW,30.24
23,76.6,1,20,1,23.7,HIGH,78.32
12,47.2,2,2,1,2.2,LOW,39.68
5,18.0,2,2,3,7.4,LOW,32.18
8,34.0,2,12,3,7.1,LOW,46.41
17,58.1,2,21,2,7.5,MEDIUM,61.02
13,37.4,5,1,2,6.6,LOW,64.19
6,21.4,1,15,2,0.8,LOW,23.13
19,56.5,3,21,1,4.3,MEDIUM,59.74
4,16.2,3,5,1,34.0,LOW,46.16
4,25.0,2,7,2,0.7,LOW,27.92
9,31.0,1,22,3,8.9,LOW,38.11
13,43.6,2,7,2,18.0,LOW,53.8
7,29.2,5,5,2,1.8,LOW,54.77
7,25.3,2,13,2,13.0,LOW,37.57
14,61.9,2,2,1,2.2,MEDIUM,38.28
22,74.6,5,9,2,0.2,HIGH,91.96
9,32.5,3,2,1,5.9,LOW,42.41
17,64.0,3,11,1,9.9,MEDIUM,63.78
14,38.8,5,16,2,1.8,LOW,64.83
7,28.1,1,4,2,0.6,LOW,22.18
22,72.2,3,19,1,6.4,HIGH,66.27
12,39.0,2,8,2,1.3,LOW,52.92
23,82.8,2,20,2,1.6,HIGH,78.94
22,70.6,2,19,2,9.7,HIGH,78.5
13,42.8,1,6,3,7.6,LOW,43.46
17,56.9,2,21,1,23.5,MEDIUM,65.67
14,47.1,1,3,3,3.1,MEDIUM,43.85
8,23.0,1,12,2,1.9,LOW,22.63
6,23.7,2,12,2,8.5,LOW,32.22
19,57.5,3,9,2,28.6,MEDIUM,79.01
15,39.7,1,17,1,6.5,LOW,42.62
8,25.4,2,16,1,2.8,LOW,37.43
12,44.0,3,19,2,19.3,LOW,60.02
19,68.0,1,19,2,7.5,MEDIUM,68.75
7,25.7,4,12,2,1.9,LOW,46.75
6,18.4,4,16,1,23.9,LOW,47.96
18,63.6,1,21,1,2.6,MEDIUM,49.73
8,26.4,5,3,1,18.3,LOW,57.35
14,47.2,3,0,2,7.6,MEDIUM,63.45
6,15.0,1,0,1,5.6,LOW,19.91
3,15.0,3,14,2,3.2,LOW,32.06
11,25.6,3,12,1,1.0,LOW,39.13
12,53.5,2,16,2,2.2,MEDIUM,39.18
5,22.2,3,23,1,3.2,LOW,32.22
8,34.4,1,7,1,2.7,LOW,27.39
24,78.5,5,17,2,0.6,HIGH,84.77
8,26.7,4,12,2,6.9,LOW,50.84
5,15.0,3,22,1,5.2,LOW,28.09
5,15.0,1,13,3,0.9,LOW,22.13
13,42.6,2,7,1,5.0,LOW,46.15
9,27.3,3,7,1,0.7,LOW,33.08
13,46.9,4,14,1,21.5,LOW,65.5
11,39.8,4,12,1,2.4,LOW,50.16
8,24.8,4,6,1,10.3,LOW,46.43
14,52.6,2,4,1,2.3,MEDIUM,51.02
3,15.0,4,16,2,5.1,LOW,34.35
11,29.9,1,15,1,21.7,LOW,36.53
7,26.8,2,22,2,16.4,LOW,29.16
4,16.9,1,1,1,12.1,LOW,19.86
25,90.1,4,21,1,12.5,HIGH,90.56
14,39.0,4,17,1,13.9,LOW,62.48
7,18.8,1,16,2,10.9,LOW,31.23
14,49.4,2,6,2,18.2,MEDIUM,50.18
4,15.5,5,12,2,3.4,LOW,40.66
13,55.6,2,17,1,6.0,MEDIUM,55.53
14,41.5,2,13,2,8.3,LOW,52.77
19,77.4,2,17,2,1.8,HIGH,73.74
10,37.1,3,12,1,5.6,LOW,41.26
13,51.2,5,10,1,1.1,MEDIUM,60.4
24,85.2,2,20,1,7.6,HIGH,79.61
13,39.8,1,20,2,0.8,LOW,45.16
4,15.0,1,15,1,5.6,LOW,17.52
3,15.0,1,22,2,5.0,LOW,16.46
9,21.5,2,16,2,0.9,LOW,30.12
8,17.4,4,7,2,4.6,LOW,42.58
16,50.7,3,18,1,9.1,MEDIUM,73.54
12,45.0,5,19,2,7.2,LOW,68.23
5,15.0,4,14,1,4.9,LOW,39.86
21,71.0,2,8,1,3.6,HIGH,62.89
24,80.7,2,19,2,0.5,HIGH,66.13
19,70.7,2,9,1,25.0,MEDIUM,76.22
22,77.3,1,11,1,4.1,HIGH,60.67
12,45.9,2,20,1,4.3,LOW,44.65
5,24.0,2,22,1,1.1,LOW,26.19
18,55.3,2,19,1,6.1,MEDIUM,66.12
13,31.7,2,0,1,31.0,LOW,56.62
13,41.7,2,19,2,2.3,LOW,48.31
20,74.8,2,8,1,3.0,HIGH,67.26
17,62.0,2,21,3,2.2,MEDIUM,66.08
9,28.3,1,14,1,16.1,LOW,36.64
11,48.9,3,0,1,5.2,LOW,46.18
16,59.1,2,11,2,13.9,MEDIUM,66.48
6,16.8,4,2,1,15.2,LOW,44.96
21,78.4,1,10,3,11.1,HIGH,73.93
14,38.1,2,1,2,2.4,LOW,41.16
6,22.4,2,15,1,0.3,LOW,27.01
20,64.8,1,8,2,1.2,MEDIUM,64.37
5,16.6,2,14,1,9.6,LOW,19.72
16,58.0,3,11,3,10.8,MEDIUM,75.69
4,19.2,2,0,3,11.6,LOW,37.49
5,17.7,1,12,2,2.2,LOW,24.56
4,15.0,2,13,1,1.3,LOW,24.91
10,23.7,1,7,1,20.5,LOW,36.98
3,15.0,3,7,1,8.7,LOW,26.11
12,25.4,3,11,1,10.8,LOW,51.27
3,15.0,1,0,1,0.8,LOW,16.18
24,87.1,2,10,3,4.3,HIGH,79.68
5,15.0,2,7,1,0.5,LOW,25.49
15,57.3,2,9,2,8.6,MEDIUM,61.59
21,79.7,2,18,2,5.4,HIGH,72.54
21,72.5,2,10,3,4.8,HIGH,75.53
12,50.0,1,6,1,18.7,LOW,47.42
22,74.5,1,10,1,10.8,HIGH,62.92
10,26.5,2,16,2,26.7,LOW,53.03
5,15.0,1,0,2,0.4,LOW,19.01
14,57.2,1,20,3,7.7,MEDIUM,57.33
14,43.9,2,20,2,8.0,LOW,54.64
12,43.3,1,7,1,0.2,LOW,35.09
7,27.1,1,22,2,12.4,LOW,37.41
4,20.7,1,23,1,1.3,LOW,18.22
13,33.0,1,5,2,9.7,LOW,42.75
17,66.1,3,21,2,0.3,MEDIUM,70.76
21,65.7,1,17,2,7.6,MEDIUM,68.35
5,26.1,3,5,3,5.9,LOW,41.69
8,25.0,2,4,2,5.3,LOW,43.9
7,21.6,3,12,1,3.7,LOW,35.32
17,62.4,1,18,1,4.4,MEDIUM,58.48
23,86.0,4,21,3,5.2,HIGH,100.54
4,15.0,3,7,1,2.8,LOW,26.49
17,56.1,1,8,1,21.9,MEDIUM,67.4
5,15.0,1,16,1,26.8,LOW,32.63
11,33.9,2,2,2,2.9,LOW,47.65
14,50.6,4,18,1,12.1,MEDIUM,67.2
25,84.5,2,10,3,11.1,HIGH,88.08
6,27.9,2,23,3,16.7,LOW,35.69
13,40.0,1,16,3,0.0,LOW,36.62
21,75.9,2,20,1,3.3,HIGH,70.39
25,89.3,1,18,3,1.3,HIGH,78.78
9,28.9,2,1,3,4.0,LOW,36.91
13,42.7,1,7,3,6.9,LOW,47.86
18,64.1,1,18,2,19.2,MEDIUM,67.32
8,23.0,3,6,2,14.6,LOW,46.75
10,31.8,3,16,1,5.5,LOW,46.66
6,15.0,2,5,3,0.2,LOW,25.6
18,55.7,4,18,1,2.9,MEDIUM,72.59
12,34.6,1,23,1,0.9,LOW,35.44
4,15.0,2,5,3,8.4,LOW,28.84
11,26.9,3,1,1,9.5,LOW,39.81
14,37.7,3,5,1,8.4,LOW,48.95
11,42.6,4,22,3,2.6,LOW,54.33
14,46.8,1,4,3,20.2,MEDIUM,51.59
12,48.3,1,18,1,7.1,LOW,45.85
17,64.1,2,19,3,7.3,MEDIUM,71.48
8,24.4,2,3,1,13.5,LOW,37.74
24,76.0,1,21,1,0.6,HIGH,61.71
12,41.7,2,16,1,1.9,LOW,42.05
12,38.1,2,10,1,7.1,LOW,46.81
6,24.2,2,3,1,7.5,LOW,29.03
9,18.7,1,12,1,5.0,LOW,25.34
14,49.6,1,19,3,12.1,MEDIUM,57.31
3,19.7,1,16,2,3.4,LOW,21.34
21,69.0,2,8,3,0.1,MEDIUM,68.07
14,51.3,1,3,2,3.3,MEDIUM,45.37
3,15.0,4,22,1,27.0,LOW,42.7
13,40.6,1,13,3,12.1,LOW,45.42
18,55.9,4,18,3,3.1,MEDIUM,75.58
12,50.0,2,2,1,2.0,LOW,41.82
8,39.0,1,13,1,13.3,LOW,32.29
3,15.0,2,7,2,1.8,LOW,28.46
13,52.0,2,23,2,6.9,MEDIUM,53.56
14,51.1,2,0,3,5.7,MEDIUM,50.73
23,75.9,2,9,1,4.4,HIGH,72.59
20,77.5,2,17,1,4.4,HIGH,65.78
6,16.9,2,15,2,9.7,LOW,31.64
9,26.7,3,7,2,0.9,LOW,38.28
7,17.7,2,0,1,4.0,LOW,24.84
22,80.1,1,11,1,27.6,HIGH,75.98
10,28.3,3,7,2,12.0,LOW,46.63
4,15.0,3,23,2,0.2,LOW,29.1
6,18.3,5,15,1,4.7,LOW,48.7
17,54.7,1,17,1,1.0,MEDIUM,52.53
13,42.8,3,3,2,5.3,LOW,53.24
10,31.5,4,5,3,0.9,LOW,57.8
18,70.7,2,11,1,3.9,MEDIUM,64.51
20,70.6,2,8,1,6.3,MEDIUM,74.76
11,37.9,5,14,3,3.7,LOW,59.0
12,38.3,5,15,1,6.9,LOW,57.85
11,29.9,2,23,2,33.6,LOW,57.81
17,54.0,2,11,2,2.3,MEDIUM,51.29
12,40.7,3,23,1,6.7,LOW,48.61
9,30.2,1,22,2,5.1,LOW,43.08
5,17.9,1,13,2,13.3,LOW,24.16
8,36.0,5,12,2,3.0,LOW,58.21
3,15.0,3,1,1,8.1,LOW,29.25
7,32.3,4,2,3,9.4,LOW,61.89
8,26.0,2,23,1,29.7,LOW,40.9
17,59.0,2,21,2,1.3,MEDIUM,57.38
14,47.0,5,9,3,51.0,MEDIUM,90.32
12,48.8,2,8,1,10.2,LOW,52.69
12,35.8,3,19,2,4.9,LOW,53.09
9,35.4,2,7,3,2.4,LOW,38.41
22,85.3,1,9,1,7.9,HIGH,69.62
24,81.0,1,18,1,1.2,HIGH,69.77
7,15.0,2,2,3,23.5,LOW,34.63
6,15.0,2,23,1,1.6,LOW,29.52
11,34.8,1,4,1,11.9,LOW,32.11
4,16.0,2,2,3,3.4,LOW,28.43
3,18.1,2,15,2,1.9,LOW,23.74
6,19.8,3,16,3,13.2,LOW,44.55
14,45.0,1,14,1,17.5,LOW,42.95
14,51.6,3,2,1,0.0,MEDIUM,53.18
13,43.2,1,11,1,29.2,LOW,52.28
23,78.4,1,8,2,4.4,HIGH,73.58
19,61.7,1,20,2,0.8,MEDIUM,57.68
13,54.0,3,11,1,4.8,MEDIUM,58.0
6,21.5,1,14,1,1.0,LOW,25.99
3,17.3,1,1,2,2.4,LOW,19.33
11,39.6,1,22,2,6.5,LOW,47.14
19,71.3,4,17,1,3.6,MEDIUM,73.69
14,52.7,4,19,3,2.1,MEDIUM,68.92
24,86.7,1,11,1,1.8,HIGH,75.14
10,36.8,2,22,2,8.1,LOW,44.25
13,35.1,4,3,3,19.2,LOW,68.0
7,15.0,1,22,2,0.5,LOW,23.04
13,38.0,1,15,1,2.2,LOW,28.06
9,37.7,1,22,1,8.8,LOW,30.93
13,48.1,5,15,3,35.0,LOW,79.44
13,42.2,3,0,1,9.1,LOW,47.66
12,49.6,1,21,2,0.4,LOW,45.53
11,43.5,1,1,3,1.6,LOW,33.86
3,15.0,5,2,3,3.4,LOW,43.92
17,62.1,2,20,2,1.4,MEDIUM,58.03
21,75.0,2,19,2,1.6,HIGH,63.13
4,15.0,1,16,3,2.6,LOW,24.35
14,47.9,3,19,1,3.7,MEDIUM,57.0
20,71.3,1,21,1,4.0,MEDIUM,59.2
20,67.8,3,20,1,5.5,MEDIUM,67.06
10,29.7,1,0,1,21.1,LOW,34.39
14,37.3,1,19,3,40.1,LOW,72.09
3,15.0,2,5,2,0.2,LOW,26.53
12,46.4,3,14,3,5.4,LOW,51.74
4,17.0,2,13,2,11.2,LOW,28.39
17,48.3,1,19,2,0.6,MEDIUM,48.16
14,52.1,2,14,2,22.7,MEDIUM,57.4
6,15.0,3,13,1,22.2,LOW,45.35
19,63.5,3,20,3,1.9,MEDIUM,74.3
5,21.9,2,23,1,12.3,LOW,34.39
13,42.3,1,4,2,7.0,LOW,37.38
3,15.0,2,5,1,0.3,LOW,18.66
3,15.0,2,16,3,2.8,LOW,28.88
17,52.1,4,10,3,2.4,MEDIUM,63.46
6,17.8,2,15,2,16.9,LOW,33.65
23,80.6,2,11,2,18.2,HIGH,77.86
5,15.0,2,14,2,0.3,LOW,31.97
7,20.7,2,22,1,10.8,LOW,36.22
3,15.0,2,3,1,1.0,LOW,23.22
14,43.3,2,17,2,12.5,LOW,57.27
16,65.5,4,20,1,14.9,MEDIUM,76.12
14,49.1,2,2,1,0.5,MEDIUM,43.48
20,62.3,1,21,1,3.2,MEDIUM,61.92
11,24.7,1,7,1,3.8,LOW,27.48
5,17.8,3,22,1,24.8,LOW,36.47
6,29.1,1,2,1,3.7,LOW,24.49
7,26.9,2,7,1,2.4,LOW,31.37
14,62.9,2,17,1,7.7,MEDIUM,61.55
18,57.7,2,9,2,1.4,MEDIUM,58.14
19,67.8,3,19,3,7.8,MEDIUM,75.81
5,15.0,3,16,1,4.9,LOW,31.65
9,20.0,5,7,3,10.5,LOW,53.91
11,36.3,2,22,1,6.9,LOW,42.52
21,78.4,2,10,2,1.6,HIGH,66.37
3,20.3,1,4,2,22.2,LOW,29.11
14,47.9,2,12,2,4.8,MEDIUM,50.57
22,69.4,1,20,2,10.9,HIGH,70.45
8,15.0,3,22,1,6.1,LOW,36.96
5,15.0,2,4,1,16.0,LOW,26.21
14,47.3,2,23,3,3.3,MEDIUM,55.25
10,30.5,1,12,1,8.1,LOW,32.68
7,15.0,2,5,1,0.7,LOW,20.83
5,16.9,2,4,1,0.6,LOW,19.81
13,42.0,2,8,1,14.8,LOW,48.37
10,36.7,4,15,2,13.6,LOW,50.69
4,15.0,3,1,2,3.6,LOW,30.99
7,21.4,1,0,1,9.0,LOW,17.44
5,17.0,2,7,1,14.1,LOW,33.8
13,46.3,2,18,2,1.2,LOW,56.6
16,51.4,3,10,2,33.5,MEDIUM,81.05
14,42.8,3,11,3,17.4,LOW,62.43
22,68.0,1,11,3,9.4,MEDIUM,73.14
13,44.5,3,6,3,6.3,LOW,59.63
4,15.0,1,12,2,18.0,LOW,36.08
8,37.2,3,7,2,10.8,LOW,40.6
25,83.7,1,21,1,7.0,HIGH,74.69
19,65.2,1,8,2,17.8,MEDIUM,65.4
12,46.2,4,6,1,1.9,LOW,53.91
14,53.7,2,20,3,2.2,MEDIUM,55.79
7,20.9,5,23,1,21.3,LOW,54.56
14,58.7,1,14,2,0.6,MEDIUM,52.29
13,56.8,2,1,1,0.4,MEDIUM,41.44
7,21.6,3,22,2,12.6,LOW,36.58
12,40.6,1,19,1,4.3,LOW,39.61
15,52.7,1,11,1,19.8,MEDIUM,58.55
10,29.2,1,0,1,2.9,LOW,32.38
14,47.0,5,22,1,2.7,MEDIUM,53.09
24,75.4,3,21,1,25.2,HIGH,86.27
8,26.6,2,7,1,6.5,LOW,35.84
14,46.4,1,4,3,7.6,LOW,48.71
7,25.8,1,14,1,18.3,LOW,33.16
6,23.3,2,0,1,3.8,LOW,34.16
12,40.3,5,0,3,2.3,LOW,60.79
21,78.9,3,9,2,6.8,HIGH,79.6
12,34.9,2,21,1,4.2,LOW,42.16
17,55.3,2,9,1,1.4,MEDIUM,62.56
20,63.6,5,20,2,1.0,MEDIUM,76.18
3,19.1,2,14,1,10.3,LOW,24.12
14,46.3,5,16,1,0.3,LOW,59.52
21,70.2,1,21,2,6.0,HIGH,63.66
6,28.1,3,5,1,3.2,LOW,36.63
8,17.9,2,2,3,1.3,LOW,29.17
10,27.7,3,12,1,17.7,LOW,39.74
14,46.7,2,15,2,10.8,LOW,47.72
14,44.1,1,7,2,11.9,LOW,50.72
3,15.4,1,14,1,4.6,LOW,10.15
5,15.0,4,16,3,8.4,LOW,45.48
14,51.1,1,16,3,0.8,MEDIUM,49.34
19,58.6,5,21,1,1.2,MEDIUM,76.44
12,42.3,3,12,3,3.1,LOW,48.28
4,18.9,2,16,1,4.9,LOW,22.38
11,48.6,4,5,3,0.8,LOW,60.44
5,15.0,3,16,1,6.7,LOW,31.69
6,21.0,2,15,1,2.2,LOW,28.03
6,26.1,1,13,1,11.9,LOW,27.34
3,15.0,4,12,1,0.0,LOW,31.9
7,26.1,3,5,1,16.1,LOW,42.05
7,19.6,3,2,3,10.6,LOW,46.98
4,15.0,3,13,3,6.3,LOW,33.72
3,15.0,1,13,1,10.7,LOW,16.57
7,27.4,4,14,1,3.6,LOW,41.35
7,34.9,1,7,3,1.4,LOW,31.6
9,31.5,1,14,1,0.1,LOW,28.07
25,85.4,1,21,1,6.4,HIGH,79.7
12,28.0,1,12,2,2.8,LOW,32.91
12,40.4,2,16,1,1.9,LOW,43.64
21,74.8,1,20,1,16.1,HIGH,66.72
14,37.7,1,23,2,10.3,LOW,46.71
10,35.0,1,2,2,37.0,LOW,50.22
7,23.7,3,5,1,8.7,LOW,39.49
7,15.0,2,4,3,18.1,LOW,42.8
22,77.3,2,21,2,1.0,HIGH,68.72
4,15.0,3,16,1,10.3,LOW,22.6
12,41.6,2,22,1,0.7,LOW,43.67
13,46.1,2,1,1,0.8,LOW,32.9
4,15.0,5,14,1,15.6,LOW,42.25
7,25.9,1,4,1,3.6,LOW,21.39
18,58.2,2,19,1,3.0,MEDIUM,62.96
13,45.0,2,5,1,1.6,LOW,49.21
7,19.9,3,5,2,5.3,LOW,38.42
24,88.1,3,17,2,1.8,HIGH,80.42
23,82.3,1,17,2,6.2,HIGH,68.02
8,25.1,3,3,2,8.6,LOW,43.6
13,48.4,3,16,3,8.5,LOW,51.69
8,24.7,1,13,2,3.6,LOW,22.54
7,25.1,1,13,1,9.7,LOW,24.58
7,18.7,3,12,1,2.5,LOW,31.93
10,39.8,1,6,3,13.2,LOW,34.1
23,77.5,1,11,1,0.0,HIGH,71.11
11,33.4,1,22,1,27.2,LOW,40.89
8,28.6,1,14,2,4.5,LOW,26.87
20,57.6,1,18,2,3.3,MEDIUM,62.85
23,72.1,2,10,2,7.8,HIGH,69.03
5,15.2,1,14,1,16.9,LOW,24.55
20,68.8,4,11,1,3.5,MEDIUM,76.17
7,24.5,1,2,3,0.6,LOW,25.52
4,15.0,2,16,1,3.5,LOW,23.32
13,47.7,5,2,1,0.0,LOW,60.11
24,74.2,4,18,1,1.6,HIGH,79.41
23,76.6,2,19,2,0.4,HIGH,80.11
13,50.6,2,3,2,3.9,MEDIUM,46.87
11,40.9,2,2,3,0.5,LOW,43.88
8,34.8,4,15,1,33.0,LOW,56.99
12,54.3,1,11,1,12.2,MEDIUM,48.77
13,40.5,2,7,1,4.4,LOW,40.77
10,36.0,3,23,3,12.5,LOW,56.88
13,39.3,2,16,1,4.3,LOW,48.05
14,41.0,3,6,1,8.3,LOW,53.78
18,63.8,3,10,2,13.8,MEDIUM,73.62
19,64.8,1,17,1,9.2,MEDIUM,58.05
4,15.0,2,0,2,0.7,LOW,23.58
6,23.8,2,2,3,0.4,LOW,41.73
5,15.0,3,3,1,6.7,LOW,30.53
12,31.8,3,12,1,1.7,LOW,35.98
9,34.7,3,5,1,33.1,LOW,60.24
12,36.7,1,13,1,0.1,LOW,27.52
12,45.3,3,4,1,11.0,LOW,46.36
12,43.0,2,15,2,0.3,LOW,42.63
10,18.2,2,14,1,7.6,LOW,34.99
7,22.0,2,14,3,4.4,LOW,35.53
4,15.0,3,3,1,8.0,LOW,31.76
14,53.2,3,7,1,11.5,MEDIUM,52.86
11,34.0,2,15,1,0.3,LOW,30.28
3,15.3,4,15,2,5.9,LOW,35.3
7,24.2,1,3,1,22.8,LOW,28.99
14,44.1,2,12,2,2.0,LOW,50.06
14,50.6,2,12,2,0.6,MEDIUM,45.43
5,22.3,5,1,3,11.8,LOW,50.97
10,26.9,1,2,2,10.8,LOW,41.57
19,55.4,2,21,1,4.0,MEDIUM,61.61
14,47.1,4,7,2,14.2,MEDIUM,60.17
14,45.2,4,23,3,6.3,LOW,61.03
3,15.0,4,14,3,5.2,LOW,39.25
18,65.9,2,10,1,13.8,MEDIUM,68.49
17,47.8,3,8,2,0.8,MEDIUM,62.7
12,38.5,2,6,1,2.0,LOW,36.42
10,24.6,2,12,1,4.7,LOW,39.83
11,29.3,1,1,2,0.7,LOW,28.8
11,27.3,3,7,3,43.9,LOW,68.0
4,15.0,2,6,2,3.0,LOW,27.62
11,27.9,2,23,3,23.6,LOW,51.15
18,57.2,2,11,1,5.1,MEDIUM,56.28
17,52.6,1,18,1,20.7,MEDIUM,48.95
13,42.1,1,6,2,4.6,LOW,34.59
17,57.8,2,9,1,13.5,MEDIUM,64.15
11,36.9,3,15,3,11.1,LOW,54.72
5,15.0,1,2,1,23.5,LOW,35.24
16,54.2,3,9,1,8.1,MEDIUM,63.34
13,41.7,3,5,2,2.1,LOW,50.37
15,53.8,3,17,1,6.2,MEDIUM,57.97
12,36.8,2,17,3,1.3,LOW,49.37
12,44.3,3,4,1,3.3,LOW,47.04
20,62.1,1,20,1,12.5,MEDIUM,68.94
4,15.0,2,6,2,0.1,LOW,26.53
5,16.3,3,1,1,7.8,LOW,31.09
16,44.1,5,10,2,9.4,MEDIUM,71.96
12,35.5,1,12,1,18.4,LOW,32.8
12,47.7,2,22,1,11.3,LOW,40.92
14,51.6,4,4,3,4.1,MEDIUM,61.23
7,21.5,4,5,2,11.6,LOW,46.51
5,31.1,1,23,1,7.9,LOW,22.16
6,19.4,2,13,2,7.1,LOW,36.66
23,79.1,1,11,3,0.6,HIGH,73.75
10,42.7,3,3,1,6.2,LOW,46.86
14,49.5,2,22,1,16.1,MEDIUM,56.08
9,28.7,3,5,2,4.6,LOW,47.48
24,85.8,4,9,1,9.7,HIGH,85.61
23,81.9,5,17,1,18.7,HIGH,92.65
4,15.0,4,14,3,6.1,LOW,40.62
5,15.7,1,7,1,0.7,LOW,17.4
13,45.0,1,8,2,0.4,LOW,39.2
9,31.5,2,4,2,12.8,LOW,43.55
19,59.4,2,9,2,0.3,MEDIUM,62.84
25,86.8,1,19,2,54.6,HIGH,101.27
4,15.0,2,5,1,1.1,LOW,17.2
13,47.0,4,15,1,11.9,LOW,61.59
4,18.9,4,23,1,16.2,LOW,49.22
12,35.9,1,2,2,2.9,LOW,34.12
17,55.6,2,9,1,6.2,MEDIUM,56.65
20,69.1,2,10,1,24.4,MEDIUM,75.16
17,62.2,4,10,3,24.8,MEDIUM,86.54
7,20.4,2,16,3,21.3,LOW,34.51
3,15.0,5,3,1,2.6,LOW,41.09
3,19.9,3,3,1,0.5,LOW,20.08
11,42.3,5,16,2,0.9,LOW,60.52
13,42.7,3,8,2,1.2,LOW,48.41
15,62.2,4,18,1,8.9,MEDIUM,66.22
14,50.4,3,4,1,13.0,MEDIUM,59.46
12,51.3,1,21,2,0.4,MEDIUM,42.96
5,23.7,1,23,3,17.7,LOW,38.28
5,34.1,4,5,2,11.0,LOW,46.2
14,56.5,1,2,1,6.0,MEDIUM,43.85
18,58.5,2,21,1,36.8,MEDIUM,72.83
3,15.0,3,0,2,2.5,LOW,26.09
20,62.6,3,19,1,2.0,MEDIUM,75.27
20,73.5,1,21,1,3.3,HIGH,61.06
5,27.2,2,15,1,6.0,LOW,23.03
4,15.0,2,22,2,3.9,LOW,29.18
20,72.4,2,10,2,14.2,HIGH,67.33
12,44.7,4,12,2,18.0,LOW,61.23
21,75.4,3,9,2,27.2,HIGH,81.21
8,20.1,5,2,3,13.6,LOW,52.85
14,44.8,1,8,2,7.5,LOW,50.93
17,59.7,2,11,1,7.6,MEDIUM,61.24
4,15.0,3,22,1,1.7,LOW,23.08
4,15.0,2,13,2,2.4,LOW,26.68
9,36.4,1,0,1,47.2,LOW,43.37
15,47.1,5,17,3,2.4,MEDIUM,78.05
9,30.4,4,16,1,5.0,LOW,45.63
13,57.6,2,8,1,3.9,MEDIUM,52.38
22,81.0,2,8,2,9.3,HIGH,72.54
6,20.7,1,22,2,3.3,LOW,22.45
14,50.0,5,9,2,9.2,MEDIUM,76.38
13,45.9,3,18,2,25.9,LOW,69.28
5,15.0,1,14,1,2.3,LOW,23.3
5,19.0,1,4,1,3.7,LOW,18.18
14,54.5,3,14,3,3.4,MEDIUM,56.9
14,47.1,1,19,1,2.9,MEDIUM,47.19
11,41.9,4,22,1,2.5,LOW,48.98
11,40.5,5,1,1,8.0,LOW,59.01
13,48.1,4,12,1,6.4,LOW,53.5
7,17.5,3,23,2,5.7,LOW,32.88
12,43.2,2,15,2,12.9,LOW,50.27
3,20.5,1,14,2,1.3,LOW,14.38
21,71.3,3,9,2,1.5,HIGH,82.17
13,42.6,2,13,1,5.8,LOW,42.72
16,59.4,2,9,1,3.5,MEDIUM,55.43
6,26.0,1,13,1,1.5,LOW,23.96
6,27.7,1,22,1,9.4,LOW,28.66
14,46.9,2,8,1,5.5,MEDIUM,50.33
8,30.4,3,13,1,1.8,LOW,38.27
14,59.2,2,2,2,2.5,MEDIUM,48.33
13,39.3,2,19,2,10.3,LOW,59.02
13,35.9,2,15,3,3.2,LOW,50.36
6,25.1,1,1,2,1.8,LOW,23.77
22,77.4,4,9,1,27.0,HIGH,89.02
12,38.3,2,2,1,0.7,LOW,37.04
25,81.1,1,10,1,1.3,HIGH,68.43
20,67.5,1,10,1,10.1,MEDIUM,64.33
23,84.3,5,20,1,4.4,HIGH,91.35
17,63.5,2,20,1,11.2,MEDIUM,63.36
15,52.3,1,21,2,6.4,MEDIUM,53.75
9,27.7,2,12,2,0.3,LOW,34.96
7,15.0,1,6,2,9.2,LOW,32.13
5,19.7,1,22,1,13.1,LOW,24.16
8,31.2,3,16,2,6.4,LOW,50.29
5,16.1,1,1,2,2.9,LOW,28.34
14,61.6,3,11,2,0.1,MEDIUM,59.96
23,73.8,2,9,1,19.0,HIGH,76.95
17,66.7,1,17,2,9.8,MEDIUM,48.47
25,89.6,3,21,2,0.4,HIGH,78.36
21,70.3,2,10,1,14.7,HIGH,69.94
9,21.0,3,15,1,0.4,LOW,34.58
13,52.5,3,16,1,9.9,MEDIUM,55.35
18,61.5,5,18,2,9.5,MEDIUM,84.59
25,95.8,1,17,2,19.8,HIGH,76.45
11,37.8,1,2,1,1.4,LOW,28.32
17,66.5,2,20,1,6.7,MEDIUM,56.07
5,15.0,1,15,3,6.3,LOW,21.34
10,25.9,2,5,1,0.3,LOW,33.43
14,45.2,1,11,1,8.1,LOW,51.68
20,55.0,2,10,1,2.3,MEDIUM,66.5
10,35.9,1,14,2,3.2,LOW,39.38
10,29.4,3,14,2,2.2,LOW,35.66
9,35.1,3,15,1,0.5,LOW,37.49
21,59.8,1,9,3,1.5,MEDIUM,64.6
13,51.1,3,11,2,1.9,MEDIUM,61.19
12,41.3,2,12,1,6.9,LOW,32.62
12,46.3,2,3,2,1.2,LOW,41.03
10,33.0,1,6,1,20.3,LOW,44.73
22,64.8,3,21,2,2.1,MEDIUM,73.93
4,21.5,2,1,1,8.4,LOW,33.03
4,18.1,1,14,2,1.4,LOW,23.91
4,19.4,5,7,1,12.7,LOW,42.18
11,38.2,1,6,3,0.6,LOW,40.34
7,34.8,4,14,1,10.7,LOW,50.58
5,32.1,2,22,2,4.0,LOW,30.66
8,35.5,3,13,1,5.0,LOW,37.25
11,28.9,3,7,3,3.6,LOW,43.74
18,62.7,4,11,2,4.1,MEDIUM,77.58
11,33.4,5,12,1,0.0,LOW,55.69
16,46.3,4,10,3,0.2,MEDIUM,65.2
13,43.5,2,16,1,12.6,LOW,42.3
12,47.7,3,16,2,1.9,LOW,47.58
13,41.6,3,23,2,7.5,LOW,51.58
6,16.9,1,3,1,8.5,LOW,27.06
15,49.2,4,20,3,9.6,MEDIUM,78.44
14,60.1,2,7,1,7.3,MEDIUM,47.29
3,15.0,1,4,1,7.9,LOW,25.81
13,40.0,2,15,3,7.0,LOW,45.23
12,51.3,2,3,2,21.1,MEDIUM,56.73
19,65.4,2,21,1,8.7,MEDIUM,70.06
4,15.0,2,14,1,3.5,LOW,19.83
17,54.9,1,11,2,3.5,MEDIUM,50.67
6,15.5,2,4,1,0.7,LOW,26.4
6,19.6,4,22,3,38.4,LOW,63.87
11,37.0,2,15,2,17.7,LOW,47.35
3,15.0,2,13,1,0.4,LOW,24.53
20,64.8,1,9,1,15.8,MEDIUM,67.05
4,17.3,1,6,2,1.2,LOW,15.07
8,36.8,2,12,1,2.2,LOW,33.9
20,64.5,1,19,2,9.1,MEDIUM,68.07
5,24.8,3,4,3,10.5,LOW,37.79
6,21.6,3,2,2,5.6,LOW,34.27
4,15.0,2,14,1,27.5,LOW,39.25
9,35.1,2,3,1,5.4,LOW,35.75
11,40.4,4,14,2,2.4,LOW,54.08
7,27.7,1,13,2,0.1,LOW,20.08
12,36.7,2,19,2,16.2,LOW,56.92
22,68.8,4,18,1,4.0,HIGH,75.53
11,24.8,4,12,3,12.2,LOW,49.79
18,63.7,2,9,1,11.9,MEDIUM,63.68
24,76.2,2,20,2,0.4,HIGH,77.03
4,15.0,1,4,2,13.8,LOW,29.78
9,30.0,1,22,2,2.7,LOW,31.42
24,74.2,3,19,1,14.7,HIGH,80.17
17,66.5,1,19,2,5.4,MEDIUM,52.49
3,15.0,4,5,1,7.2,LOW,36.79
10,37.3,2,3,2,0.9,LOW,38.71
4,18.9,1,1,1,3.8,LOW,18.85
20,57.3,1,21,1,28.3,MEDIUM,66.83
4,15.0,2,15,1,20.8,LOW,35.11
25,90.1,1,17,2,41.2,HIGH,94.16
12,34.9,3,4,2,5.7,LOW,52.73
19,66.6,4,21,2,13.6,MEDIUM,83.57
14,42.3,5,3,2,4.9,LOW,61.86
11,39.9,3,12,2,22.7,LOW,54.07
25,81.7,4,18,1,34.1,HIGH,98.58
5,17.5,2,22,2,16.8,LOW,34.32
10,41.7,2,1,2,7.8,LOW,46.24
6,24.7,3,12,1,36.0,LOW,48.49
23,73.9,1,10,1,33.0,HIGH,77.96
23,81.4,1,21,1,5.2,HIGH,69.08
12,43.2,3,3,1,2.9,LOW,48.43
12,47.9,5,21,1,1.7,LOW,60.49
25,85.6,2,19,1,9.0,HIGH,76.71
15,51.4,2,19,2,0.3,MEDIUM,51.42
3,15.0,2,14,1,11.5,LOW,23.49
10,38.9,2,3,1,0.4,LOW,41.04
18,81.4,2,8,3,2.5,HIGH,72.84
9,39.9,4,6,2,5.5,LOW,53.19
25,85.2,2,18,1,0.8,HIGH,77.55
25,84.5,1,18,2,0.3,HIGH,61.91
9,26.2,3,5,1,5.2,LOW,38.67
6,15.0,2,5,1,17.4,LOW,33.73
12,41.5,3,19,1,4.2,LOW,49.27
12,28.0,2,14,3,1.8,LOW,36.83
13,56.1,3,14,2,4.2,MEDIUM,53.12
24,76.8,1,19,2,10.3,HIGH,75.65
13,52.0,1,8,3,0.3,MEDIUM,53.64
9,29.9,2,3,3,0.2,LOW,33.07
15,54.5,3,17,2,5.0,MEDIUM,64.43
15,43.4,1,17,2,9.0,LOW,46.66
12,44.4,2,4,1,7.6,LOW,45.09
25,85.9,5,19,1,8.1,HIGH,90.54
9,42.4,1,22,2,1.4,LOW,35.97
18,53.6,3,10,2,6.2,MEDIUM,69.02
4,15.0,3,4,3,3.8,LOW,41.51
14,41.5,4,21,1,0.9,LOW,59.32
10,21.9,4,3,2,1.1,LOW,47.91
19,59.6,2,11,2,8.3,MEDIUM,68.9
8,21.5,3,1,1,25.2,LOW,44.15
3,15.0,2,12,2,0.9,LOW,28.44
19,64.9,2,9,2,5.5,MEDIUM,75.88
25,76.1,1,8,1,2.3,HIGH,67.01
20,75.3,2,9,2,2.6,HIGH,65.37
14,51.2,1,6,1,2.0,MEDIUM,31.05
12,46.4,3,3,1,6.3,LOW,57.71
17,65.0,5,18,2,0.5,MEDIUM,81.01
15,45.3,4,9,1,10.9,MEDIUM,67.0
11,34.0,1,2,1,7.5,LOW,38.22
13,46.6,1,20,1,3.9,LOW,40.23
21,79.2,3,18,1,2.0,HIGH,78.37
15,53.0,2,20,1,6.1,MEDIUM,56.18
13,44.3,3,1,1,24.8,LOW,56.97
17,53.9,3,19,2,9.9,MEDIUM,68.58
12,33.0,2,9,3,2.6,LOW,47.16
13,51.3,1,1,1,10.9,MEDIUM,39.9
10,31.9,1,1,1,5.6,LOW,27.02
14,48.1,1,23,1,0.4,MEDIUM,39.82
11,47.7,2,16,1,7.7,LOW,43.67
4,15.0,5,15,2,2.1,LOW,34.25
6,21.0,1,15,2,4.2,LOW,19.85
4,15.0,1,13,2,5.2,LOW,26.07
9,23.0,2,6,1,12.8,LOW,39.76
17,60.0,2,20,3,6.9,MEDIUM,64.14
18,49.6,4,10,1,3.3,MEDIUM,71.62
8,36.1,1,23,2,8.6,LOW,27.45
10,21.8,5,0,2,1.7,LOW,55.4
22,73.3,4,10,2,13.8,HIGH,76.45
6,17.4,4,22,1,1.8,LOW,36.41
16,61.3,1,20,1,6.5,MEDIUM,57.53
3,15.0,2,3,2,1.8,LOW,25.94
8,17.8,3,6,1,3.2,LOW,40.08
13,36.5,3,14,1,4.4,LOW,46.44
25,72.5,3,17,2,3.7,HIGH,80.83
18,66.7,2,11,1,21.7,MEDIUM,74.69
10,45.2,2,16,2,2.0,LOW,45.56
6,27.9,5,0,1,1.6,LOW,42.72
23,78.7,1,10,2,5.8,HIGH,71.64
8,29.4,1,0,1,23.8,LOW,33.99
8,25.3,1,14,3,5.6,LOW,38.24
15,47.9,3,20,1,25.6,MEDIUM,68.06
18,64.4,1,9,2,1.7,MEDIUM,59.34
7,16.1,2,6,3,0.1,LOW,31.62
14,51.1,2,1,1,2.9,MEDIUM,33.05
15,50.9,1,9,1,8.1,MEDIUM,46.82
9,34.8,3,23,1,7.2,LOW,36.32
10,37.3,1,3,1,2.2,LOW,32.88
21,64.3,2,11,2,8.7,MEDIUM,60.69
25,89.7,2,18,1,14.2,HIGH,82.72
18,70.6,2,10,3,9.3,MEDIUM,66.41
9,35.4,1,7,2,10.4,LOW,37.76
20,62.7,4,17,1,2.9,MEDIUM,73.82
16,59.8,4,10,2,6.0,MEDIUM,71.03
16,57.3,2,10,1,0.3,MEDIUM,59.38
3,15.0,2,12,1,3.6,LOW,26.56
4,15.0,2,2,1,13.5,LOW,33.58
22,79.9,4,11,2,12.5,HIGH,84.59
7,23.5,2,2,1,22.6,LOW,34.06
13,47.5,1,9,2,27.7,LOW,62.71
11,34.1,4,16,1,28.8,LOW,57.17
14,49.5,2,21,3,1.4,MEDIUM,50.88
8,34.8,2,1,2,1.0,LOW,30.83
9,33.7,2,16,1,16.6,LOW,41.79
6,22.0,1,15,2,3.9,LOW,25.19
10,34.7,5,1,2,3.5,LOW,59.64
17,57.4,3,21,1,6.1,MEDIUM,59.01
13,39.9,1,19,1,4.8,LOW,37.8
13,42.3,2,5,1,2.0,LOW,41.18
25,86.2,2,9,2,14.9,HIGH,76.07
19,52.8,1,9,2,19.2,MEDIUM,62.62
4,21.3,2,7,1,11.0,LOW,32.09
6,17.4,2,0,1,0.4,LOW,34.37
13,37.1,1,12,1,1.0,LOW,33.81
6,32.5,2,23,2,3.4,LOW,31.42
22,76.0,1,8,2,6.5,HIGH,68.78
23,84.7,2,21,3,7.5,HIGH,82.8
18,57.2,2,9,1,0.8,MEDIUM,62.53
12,47.6,1,14,1,25.8,LOW,44.9
14,52.0,2,4,1,6.0,MEDIUM,51.85
13,42.3,2,21,2,4.5,LOW,50.12
8,17.0,3,15,1,1.7,LOW,40.9
13,50.5,2,12,1,24.1,MEDIUM,57.77
15,49.8,2,21,2,4.7,MEDIUM,53.56
19,71.7,2,19,1,1.0,MEDIUM,63.44
15,48.9,3,17,1,7.6,MEDIUM,58.58
18,60.8,3,10,2,3.4,MEDIUM,70.55
24,83.8,1,8,1,13.2,HIGH,71.99
7,35.7,5,15,1,6.3,LOW,46.71
8,22.4,3,1,1,0.9,LOW,37.46
6,17.9,2,1,1,11.1,LOW,32.21
24,78.3,4,11,1,2.9,HIGH,77.78
7,20.0,2,7,3,4.2,LOW,40.71
19,64.2,1,8,1,12.0,MEDIUM,64.69
17,64.5,3,11,2,0.9,MEDIUM,69.54
13,42.0,4,8,1,30.5,LOW,70.63
16,65.7,1,9,1,9.7,MEDIUM,51.61
10,41.9,2,1,1,1.7,LOW,42.37
3,15.0,3,15,1,0.5,LOW,23.53
21,67.0,4,19,1,6.3,MEDIUM,74.22
4,18.0,1,6,1,3.8,LOW,20.21
6,29.3,1,1,2,0.2,LOW,18.82
7,30.0,1,0,1,7.5,LOW,29.29
17,53.7,2,18,3,3.0,MEDIUM,59.55
14,46.7,4,3,1,3.1,LOW,54.89
7,15.1,2,23,1,1.4,LOW,30.5
21,63.5,4,21,1,1.2,MEDIUM,79.61
7,29.6,3,1,1,1.2,LOW,40.02
9,34.2,2,13,2,17.4,LOW,50.06
11,47.3,1,1,2,6.1,LOW,39.73
10,26.9,2,14,1,5.1,LOW,26.38
12,48.9,1,11,1,9.8,LOW,45.77
12,48.6,2,4,2,3.1,LOW,48.11
15,63.5,1,19,1,13.8,MEDIUM,53.53
4,18.8,1,6,1,1.8,LOW,17.19
8,15.0,2,23,1,13.0,LOW,29.05
13,47.5,2,20,1,0.5,LOW,51.53
12,29.7,1,9,1,1.4,LOW,35.87
4,15.0,3,13,3,17.9,LOW,40.04
5,18.7,2,13,2,0.9,LOW,30.07
12,45.6,3,4,2,2.3,LOW,49.34
17,47.5,3,17,1,0.3,MEDIUM,65.95
9,17.5,3,23,2,7.3,LOW,39.85
8,24.6,4,13,2,3.2,LOW,37.61
5,20.1,1,1,2,8.0,LOW,28.85
22,74.7,1,11,1,0.7,HIGH,62.76
16,52.4,1,21,3,4.0,MEDIUM,58.94
5,15.0,2,23,1,3.7,LOW,23.68
6,18.4,2,5,3,6.2,LOW,35.59
13,50.2,2,3,1,2.8,MEDIUM,43.31
10,35.1,1,12,1,33.5,LOW,39.24
3,15.0,2,3,1,3.0,LOW,24.82
19,75.3,2,21,2,9.5,HIGH,72.63
12,52.7,1,13,1,3.6,MEDIUM,42.7
14,58.9,2,15,2,6.1,MEDIUM,42.11
10,50.0,4,3,2,2.1,LOW,52.8
14,42.5,3,23,2,1.5,LOW,49.7
12,33.6,1,0,2,28.7,LOW,52.22
11,40.7,4,12,2,6.2,LOW,54.62
5,15.4,1,3,2,4.9,LOW,22.14
21,71.6,2,19,1,8.2,HIGH,75.5
24,69.3,1,17,2,2.0,HIGH,75.53
13,46.2,4,5,3,13.8,LOW,70.58
12,38.3,1,2,1,2.3,LOW,36.32
6,18.1,1,22,3,6.3,LOW,27.37
14,46.7,4,12,1,1.1,LOW,62.85
6,15.0,2,15,1,6.8,LOW,33.75
14,43.9,3,4,1,5.3,LOW,54.28
9,39.5,1,3,1,2.6,LOW,29.46
20,70.0,2,20,2,2.9,MEDIUM,63.2
12,49.5,5,7,3,0.1,LOW,57.89
19,57.5,2,18,2,0.2,MEDIUM,62.38
10,35.5,3,13,3,7.3,LOW,51.81
14,41.2,5,6,1,10.1,LOW,54.85
7,36.5,3,13,1,6.3,LOW,43.44
4,15.0,2,5,2,0.7,LOW,19.36
21,77.5,2,11,2,22.6,HIGH,78.72
5,15.0,1,15,1,10.0,LOW,28.06
9,37.6,2,16,3,2.2,LOW,50.03
12,32.8,4,12,2,8.9,LOW,55.54
11,34.3,2,22,3,0.9,LOW,42.12
3,15.0,4,13,1,12.1,LOW,36.3
14,47.1,3,6,1,5.2,MEDIUM,50.94
8,28.2,5,13,2,4.2,LOW,54.54
13,41.7,4,14,2,0.1,LOW,52.1
15,49.8,3,11,1,8.5,MEDIUM,58.45
9,29.1,4,16,3,14.1,LOW,52.38
22,70.3,3,8,3,2.7,HIGH,82.69
24,93.8,3,21,1,0.1,HIGH,81.78
14,57.5,3,14,1,11.9,MEDIUM,58.11
23,86.9,3,11,1,8.1,HIGH,87.99
12,45.1,2,1,1,12.0,LOW,48.5
4,19.7,2,4,2,6.2,LOW,37.13
3,15.0,1,12,1,4.9,LOW,23.36
12,34.4,1,19,2,2.0,LOW,38.53
3,18.0,2,22,2,0.7,LOW,28.7
10,37.0,4,7,1,5.1,LOW,54.3
13,52.0,3,13,2,16.2,MEDIUM,53.63
10,36.8,1,14,1,0.5,LOW,33.46
24,77.4,3,10,1,36.1,HIGH,86.53
3,15.0,4,0,2,23.5,LOW,45.82
20,71.7,3,20,3,8.2,MEDIUM,82.99
4,18.8,3,2,1,19.6,LOW,33.7
4,17.3,1,16,1,6.5,LOW,23.38
17,52.1,2,18,1,4.1,MEDIUM,51.19
9,32.3,2,13,1,6.8,LOW,37.81
20,70.0,1,21,1,16.7,MEDIUM,67.39
12,37.1,1,22,2,25.3,LOW,48.32
12,49.2,4,7,1,14.6,LOW,55.61
4,15.0,3,12,3,1.6,LOW,36.84
16,63.9,1,19,1,7.2,MEDIUM,57.67
3,15.0,2,2,3,4.7,LOW,36.12
4,15.0,2,4,3,5.3,LOW,40.84
18,62.3,1,8,2,4.5,MEDIUM,54.54
12,28.7,3,5,1,0.6,LOW,39.74
15,51.3,1,21,2,15.0,MEDIUM,55.27
14,34.0,3,1,2,30.7,LOW,63.06
10,31.2,3,12,3,1.9,LOW,45.77
8,30.0,2,4,2,7.8,LOW,39.25
3,15.0,3,7,1,6.2,LOW,25.65
11,46.9,1,22,2,18.1,LOW,43.34
3,15.0,2,0,3,9.7,LOW,21.02
22,79.2,3,19,2,11.1,HIGH,82.25
13,43.9,3,11,3,24.3,LOW,66.39
7,26.5,1,22,2,8.7,LOW,29.09
12,39.4,2,10,2,4.8,LOW,54.17
11,41.6,2,6,2,0.4,LOW,39.13
14,55.1,2,14,2,18.9,MEDIUM,58.28
25,86.2,3,21,1,7.1,HIGH,88.3
14,56.4,2,23,2,9.2,MEDIUM,55.35
21,70.2,3,10,2,5.6,HIGH,81.24
13,52.4,1,21,1,4.0,MEDIUM,53.02
3,15.3,4,15,1,5.6,LOW,33.84
6,19.5,2,2,2,0.4,LOW,29.94
16,59.1,1,19,2,12.8,MEDIUM,61.02
9,35.1,2,13,1,1.4,LOW,29.39
6,26.2,2,2,2,3.2,LOW,34.57
10,21.7,1,0,3,0.7,LOW,36.79
23,71.9,3,20,1,13.7,HIGH,73.27
8,25.8,4,14,1,1.5,LOW,38.61
7,25.6,2,0,3,4.1,LOW,31.23
12,44.7,2,16,3,4.3,LOW,50.01
5,15.0,1,1,1,3.0,LOW,17.18
12,45.8,4,19,1,15.7,LOW,69.73
6,15.0,2,5,1,11.8,LOW,33.78
10,25.9,1,7,2,10.9,LOW,42.53
3,15.0,2,15,1,2.0,LOW,20.19
13,56.8,1,18,2,1.7,MEDIUM,57.38
4,19.2,1,0,1,2.3,LOW,10.17
4,15.0,1,2,3,3.9,LOW,26.38
14,57.8,1,2,1,5.2,MEDIUM,44.57
8,21.4,1,4,2,2.3,LOW,32.15
12,36.5,4,11,3,4.9,LOW,61.23
23,79.9,4,11,1,1.6,HIGH,85.05
21,72.1,2,19,1,2.5,HIGH,62.96
9,33.1,2,12,2,2.4,LOW,35.58
25,82.9,3,19,1,10.4,HIGH,83.89
24,85.8,2,8,2,4.9,HIGH,80.53
4,15.0,2,6,1,7.6,LOW,20.42
3,17.6,3,3,1,8.9,LOW,32.28
16,59.3,2,18,3,0.6,MEDIUM,55.95
15,47.1,2,21,2,12.7,MEDIUM,55.94
14,40.6,2,18,2,2.7,LOW,57.68
8,33.7,2,5,1,5.7,LOW,38.89
9,24.0,3,12,1,3.3,LOW,43.73
18,67.6,3,10,2,11.9,MEDIUM,69.79
8,25.6,5,12,1,2.1,LOW,43.65
3,15.0,3,12,1,26.5,LOW,35.04
14,43.9,1,21,1,4.1,LOW,46.99
24,84.4,3,19,1,9.9,HIGH,88.2
10,40.9,3,14,2,8.2,LOW,48.63
17,55.2,2,20,2,10.9,MEDIUM,56.35
4,15.0,2,12,2,6.4,LOW,28.35
22,70.0,1,21,2,3.9,HIGH,65.63
24,67.5,5,10,2,1.6,HIGH,92.97
15,46.0,4,18,2,5.9,MEDIUM,68.4
5,24.4,2,7,2,0.5,LOW,30.16
14,37.4,1,19,1,0.5,LOW,43.2
12,37.6,3,7,1,7.6,LOW,43.35
20,68.9,2,9,3,5.2,MEDIUM,71.1
4,15.0,2,15,1,5.6,LOW,26.29
12,35.8,3,18,1,3.1,LOW,51.55
6,28.3,3,22,2,12.5,LOW,34.43
21,76.0,1,10,2,1.8,HIGH,68.48
8,21.4,3,12,2,7.1,LOW,41.77
20,67.1,3,8,1,15.8,MEDIUM,79.84
25,81.5,2,19,3,14.4,HIGH,84.72
3,15.0,2,23,2,0.2,LOW,25.08
18,70.1,1,18,2,2.6,MEDIUM,52.86
8,30.2,1,15,1,10.0,LOW,29.56
6,30.1,1,6,1,10.8,LOW,34.02
21,70.8,1,18,1,5.3,HIGH,65.8
18,51.5,2,11,1,1.8,MEDIUM,55.0
12,36.5,1,14,1,2.6,LOW,32.14
13,48.6,2,22,1,12.9,LOW,52.02
8,26.8,2,13,2,1.7,LOW,28.54
15,51.7,2,10,2,22.8,MEDIUM,67.75
22,72.2,3,9,2,5.6,HIGH,83.68
22,71.5,2,10,1,2.7,HIGH,63.2
5,23.9,1,5,1,3.9,LOW,23.61
12,52.0,1,1,1,2.4,MEDIUM,39.57
25,82.2,3,10,1,3.9,HIGH,82.49
21,67.6,2,18,1,1.1,MEDIUM,65.88
8,32.4,4,5,1,13.9,LOW,53.56
9,40.0,3,13,3,26.5,LOW,54.68
24,88.3,1,19,2,8.6,HIGH,72.4
7,35.5,2,5,2,13.2,LOW,33.45
8,34.2,3,16,3,2.1,LOW,43.5
18,66.2,1,9,2,0.5,MEDIUM,61.85
6,28.0,1,0,2,7.9,LOW,29.72
9,33.4,2,2,2,13.6,LOW,46.52
7,24.6,4,7,2,14.4,LOW,48.04
9,34.2,2,7,2,6.1,LOW,32.4
14,50.9,2,19,1,7.8,MEDIUM,54.02
21,67.5,1,21,2,3.7,MEDIUM,60.25
14,50.9,2,14,3,14.2,MEDIUM,54.97
4,15.0,3,23,2,9.6,LOW,28.73
4,16.7,2,6,1,1.6,LOW,26.59
15,51.3,3,10,1,2.6,MEDIUM,61.89
11,40.0,2,6,2,1.3,LOW,43.15
9,32.6,3,3,3,5.6,LOW,43.04
23,71.7,1,11,1,1.8,HIGH,62.6
8,23.1,3,5,2,1.4,LOW,33.56
5,15.0,3,13,3,1.4,LOW,28.53
17,66.4,3,11,1,2.5,MEDIUM,65.86
22,74.8,1,10,2,13.2,HIGH,74.31
13,46.2,3,18,1,22.3,LOW,65.17
13,44.2,2,20,2,43.9,LOW,66.29
8,21.2,5,4,2,0.3,LOW,51.81
11,36.4,2,13,2,6.7,LOW,49.46
23,78.3,3,20,2,2.5,HIGH,79.48
14,37.1,2,23,1,36.0,LOW,62.44
9,33.7,2,15,3,33.2,LOW,51.72
7,25.9,1,12,2,21.8,LOW,32.71
15,48.9,1,21,2,0.1,MEDIUM,38.86
24,90.4,1,21,1,1.3,HIGH,71.0
12,43.2,1,19,1,6.4,LOW,45.11
20,73.4,1,21,1,1.7,HIGH,58.23
4,16.0,3,3,3,15.4,LOW,40.27
23,80.6,2,10,1,9.6,HIGH,68.54
9,17.6,3,16,3,1.6,LOW,40.72
14,44.5,2,6,2,13.6,LOW,51.1
8,26.6,3,13,2,5.5,LOW,38.33
25,78.4,2,10,2,9.9,HIGH,80.84
19,63.1,1,21,2,1.2,MEDIUM,58.57
25,90.5,2,8,2,5.8,HIGH,82.76
8,27.3,3,22,1,12.0,LOW,41.22
7,15.9,2,12,2,3.4,LOW,27.55
3,15.0,3,22,2,1.7,LOW,33.03
15,39.4,3,17,2,8.2,LOW,58.2
18,64.8,2,10,2,8.3,MEDIUM,72.55
4,15.0,3,14,1,1.8,LOW,30.85
25,96.4,3,21,1,0.6,HIGH,92.6
17,49.1,1,18,2,1.5,MEDIUM,49.67
3,15.0,2,0,1,2.6,LOW,21.58
10,27.3,3,3,2,0.3,LOW,40.81
9,28.3,2,13,1,20.5,LOW,41.11
8,40.2,4,13,1,2.1,LOW,44.3
12,38.4,1,2,1,10.7,LOW,40.29
7,16.6,3,16,2,4.3,LOW,39.77
8,31.0,3,2,2,5.6,LOW,45.35
3,15.0,3,15,2,6.2,LOW,36.06
14,45.4,2,13,3,11.9,LOW,46.57
21,69.4,2,19,1,12.4,MEDIUM,76.41
3,15.0,2,12,1,1.2,LOW,19.77
6,27.4,2,14,2,2.9,LOW,36.13
5,15.0,4,13,2,6.8,LOW,40.4
6,20.8,1,23,1,3.2,LOW,29.27
13,45.8,2,18,3,1.1,LOW,60.78
12,41.7,1,5,3,4.2,LOW,46.33
12,34.1,2,9,1,2.0,LOW,51.61
6,15.0,3,14,1,1.2,LOW,27.06
19,62.7,1,20,2,2.9,MEDIUM,68.1
25,79.0,3,21,1,2.8,HIGH,78.34
13,46.1,1,19,1,0.8,LOW,40.39
11,44.5,2,5,2,7.0,LOW,39.21
4,15.0,2,22,1,3.0,LOW,22.39
19,62.7,1,9,1,1.5,MEDIUM,46.51
5,15.0,1,6,1,13.7,LOW,23.54
24,83.4,3,21,2,0.0,HIGH,80.16
4,15.0,2,16,2,4.8,LOW,29.52
23,76.2,1,17,1,4.6,HIGH,64.1
14,43.2,3,16,1,8.9,LOW,47.93
25,83.7,1,8,2,3.9,HIGH,73.63
18,62.5,3,9,3,5.8,MEDIUM,75.61
14,50.0,2,9,3,19.1,MEDIUM,65.63
14,53.9,1,6,1,1.5,MEDIUM,32.77
4,15.0,1,15,2,0.9,LOW,23.26
23,76.9,2,17,2,11.0,HIGH,82.98
14,55.0,1,5,2,10.9,MEDIUM,51.98
22,80.1,1,19,2,20.2,HIGH,80.42
9,38.3,3,0,1,32.7,LOW,58.89
3,15.8,2,0,2,3.9,LOW,25.57
20,82.6,2,11,1,3.8,HIGH,67.35
25,89.5,2,20,1,18.8,HIGH,86.02
9,24.2,2,1,2,15.8,LOW,42.57
5,21.5,2,3,3,3.8,LOW,35.25
9,32.8,2,16,1,0.6,LOW,31.31
11,35.2,4,3,2,7.0,LOW,52.86
18,58.4,2,10,1,2.5,MEDIUM,61.19
19,63.6,2,21,3,19.1,MEDIUM,76.12
7,15.0,1,3,2,13.1,LOW,23.01
10,18.7,1,0,1,18.5,LOW,40.99
11,37.9,1,6,1,0.7,LOW,39.79
22,71.8,2,17,1,16.0,HIGH,72.42
21,68.1,2,8,1,7.2,MEDIUM,65.57
7,21.7,1,2,1,1.9,LOW,21.43
4,15.0,3,7,2,2.9,LOW,30.8
11,41.8,2,23,1,4.9,LOW,40.29
21,69.6,5,18,2,7.9,MEDIUM,84.53
7,24.0,2,3,1,2.1,LOW,37.38
18,66.8,3,17,2,1.9,MEDIUM,70.02
12,38.7,4,19,1,17.8,LOW,66.65
24,86.9,4,10,1,14.9,HIGH,94.29
8,29.4,2,13,2,11.6,LOW,44.14
23,83.5,2,17,1,11.4,HIGH,78.85
12,46.6,2,15,2,11.6,LOW,48.34
4,16.7,2,2,2,20.6,LOW,34.6
9,30.1,1,14,2,14.8,LOW,40.59
3,15.0,2,3,1,3.9,LOW,27.04
10,27.7,1,4,1,5.1,LOW,24.9
10,36.3,1,16,1,7.4,LOW,39.28
9,35.4,1,6,2,5.2,LOW,43.3
9,24.9,2,15,1,2.8,LOW,31.16
3,17.9,1,13,1,15.8,LOW,23.46
5,16.6,2,15,1,13.0,LOW,34.32
11,39.7,3,6,1,4.0,LOW,40.1
21,64.2,2,8,1,1.0,MEDIUM,66.22
7,15.0,5,3,1,0.0,LOW,43.83
12,48.1,1,21,1,0.8,LOW,35.66
24,80.8,4,10,1,1.3,HIGH,77.22
12,46.7,1,1,1,8.6,LOW,47.88
20,66.9,4,11,2,2.0,MEDIUM,78.82
15,45.8,1,11,1,8.1,MEDIUM,50.61
7,34.2,3,3,1,3.2,LOW,44.01
18,60.8,1,17,1,18.0,MEDIUM,68.04
18,61.9,2,20,1,5.1,MEDIUM,56.35
12,39.8,1,6,1,8.9,LOW,36.27
12,32.2,3,0,2,4.9,LOW,47.09
11,40.6,2,22,3,19.5,LOW,54.48
8,29.7,4,12,1,9.3,LOW,42.84
5,22.4,2,5,2,8.2,LOW,40.67
14,42.7,2,5,1,7.2,LOW,38.09
12,31.3,1,11,1,35.8,LOW,48.01
12,44.2,3,7,3,9.2,LOW,53.57
14,55.4,1,23,2,11.2,MEDIUM,49.23
18,51.6,3,21,3,0.7,MEDIUM,77.21
22,66.4,1,18,1,13.5,MEDIUM,67.97
5,15.0,2,4,1,7.3,LOW,28.38
18,52.2,2,17,2,3.3,MEDIUM,64.65
9,28.2,2,4,2,7.0,LOW,38.73
14,49.9,3,9,1,7.9,MEDIUM,58.55
13,48.6,1,0,3,2.4,LOW,42.22
19,67.8,1,9,2,4.6,MEDIUM,61.42
12,39.9,5,4,1,10.2,LOW,65.13
21,79.1,2,11,2,2.0,HIGH,69.69
15,39.6,3,21,2,14.5,LOW,63.7
8,20.9,2,6,1,0.6,LOW,27.91
12,41.0,3,8,3,7.0,LOW,59.18
13,39.6,1,21,1,3.8,LOW,45.19
24,80.8,2,20,1,0.4,HIGH,67.74
21,74.3,2,11,3,11.9,HIGH,79.98
13,40.9,2,22,3,6.3,LOW,50.21
13,40.9,5,0,2,10.1,LOW,66.74
20,66.4,1,10,3,3.8,MEDIUM,67.73
13,49.5,3,20,2,15.7,MEDIUM,60.86
6,24.2,2,14,3,0.7,LOW,31.67
3,15.0,1,1,1,2.1,LOW,11.71
16,55.3,1,19,2,12.7,MEDIUM,55.69
6,21.5,2,6,2,24.8,LOW,39.35
22,81.8,2,20,1,15.0,HIGH,82.76
17,52.7,1,11,2,2.1,MEDIUM,56.79
19,71.7,3,21,2,3.4,MEDIUM,67.3
19,65.6,1,17,2,11.6,MEDIUM,59.29
14,47.9,2,2,1,23.4,MEDIUM,64.02
12,37.8,1,6,2,2.7,LOW,38.96
22,82.1,3,10,1,3.9,HIGH,69.68
14,52.7,1,17,1,0.2,MEDIUM,42.92
20,59.9,4,11,3,5.6,MEDIUM,73.71
13,46.1,1,5,2,0.7,LOW,39.59
4,15.0,2,4,1,0.7,LOW,23.28
3,15.0,1,0,1,11.5,LOW,26.05
12,31.7,1,11,2,3.4,LOW,37.61
23,79.1,3,10,3,21.9,HIGH,88.27
8,28.4,2,3,3,10.1,LOW,42.56
16,56.0,1,17,2,2.8,MEDIUM,56.39
11,35.0,1,3,1,9.2,LOW,40.38
12,39.1,1,16,1,16.1,LOW,33.88
12,29.5,4,1,1,4.6,LOW,50.31
3,16.0,3,23,1,6.6,LOW,31.21
17,47.2,2,21,1,2.0,MEDIUM,58.51
6,22.8,2,1,1,4.1,LOW,28.57
23,76.8,4,11,2,6.9,HIGH,87.72
13,47.6,2,5,1,7.6,LOW,51.76
25,85.9,4,9,2,10.2,HIGH,91.55
4,15.0,2,22,3,25.2,LOW,39.83
19,68.0,1,20,2,14.6,MEDIUM,65.62
9,30.3,3,22,2,15.3,LOW,46.42
14,46.2,2,15,2,6.5,LOW,44.07
9,32.0,3,13,1,1.2,LOW,37.68
5,23.9,1,6,1,8.1,LOW,26.96
22,72.7,2,18,1,4.2,HIGH,71.56
12,43.0,2,22,1,0.3,LOW,39.91
14,48.9,2,16,2,1.7,MEDIUM,47.85
16,51.8,3,8,3,11.4,MEDIUM,62.6
9,27.1,2,12,3,8.0,LOW,45.82
18,55.1,2,21,1,30.7,MEDIUM,63.18
14,50.6,5,4,3,20.6,MEDIUM,69.85
11,33.8,3,22,1,7.2,LOW,45.04
12,33.2,2,4,2,1.3,LOW,43.57
19,64.3,2,9,1,3.3,MEDIUM,68.35
16,60.3,2,20,1,2.1,MEDIUM,60.5
22,81.8,3,9,1,5.1,HIGH,79.49
8,15.0,2,6,3,12.9,LOW,41.2
8,27.9,3,14,1,13.8,LOW,31.41
9,33.8,1,6,1,1.6,LOW,31.08
11,40.3,1,14,3,6.4,LOW,45.65
9,30.1,1,2,3,9.0,LOW,31.3
24,91.2,2,18,1,4.0,HIGH,76.63
19,72.2,2,9,2,18.9,MEDIUM,67.66
14,47.1,1,14,1,3.6,MEDIUM,43.37
5,15.0,2,2,1,5.4,LOW,22.38
12,42.8,1,5,1,7.1,LOW,47.52
16,57.3,1,11,1,4.5,MEDIUM,55.3
6,20.7,2,14,2,26.5,LOW,41.88
8,28.0,3,5,2,11.4,LOW,44.22
9,39.8,2,12,1,14.1,LOW,44.52
23,87.5,4,18,2,11.2,HIGH,92.79
14,52.3,2,2,2,7.1,MEDIUM,52.24
11,42.9,1,7,1,0.2,LOW,29.0
12,45.9,1,7,1,11.6,LOW,43.87
14,46.4,5,22,2,7.6,LOW,63.44
22,77.5,2,19,2,0.7,HIGH,65.04
13,45.8,2,14,2,1.0,LOW,44.94
4,21.0,4,3,2,5.2,LOW,37.6
21,73.2,1,18,1,15.3,HIGH,68.42
16,59.6,2,20,2,6.5,MEDIUM,60.17
11,36.7,3,2,1,20.2,LOW,49.17
10,38.2,3,12,3,13.5,LOW,55.01
11,39.0,3,7,2,8.0,LOW,51.53
11,32.9,3,22,1,3.0,LOW,36.17
3,15.0,2,15,1,15.3,LOW,26.66
12,47.0,4,12,2,8.6,LOW,58.71
12,30.9,2,2,1,6.4,LOW,36.77
11,26.9,1,15,2,5.6,LOW,36.97
16,55.8,2,8,2,1.9,MEDIUM,58.42
7,26.2,3,13,2,0.1,LOW,36.47
6,15.0,3,12,1,10.1,LOW,32.22
13,45.9,1,20,2,20.2,LOW,53.25
7,23.2,1,6,3,1.6,LOW,33.85
14,35.4,1,14,3,21.8,LOW,56.99
11,38.5,5,6,2,0.6,LOW,53.04
3,15.0,1,5,3,6.4,LOW,23.43
10,37.4,2,1,2,1.0,LOW,35.36
19,61.6,2,8,1,17.6,MEDIUM,67.89
14,49.7,4,21,2,0.9,MEDIUM,65.07
4,20.6,3,23,1,2.3,LOW,30.03
6,17.9,4,16,1,13.1,LOW,31.58
7,23.0,2,4,1,9.3,LOW,37.48
13,51.7,4,11,2,3.9,MEDIUM,62.45
12,44.2,1,0,2,14.5,LOW,39.56
17,57.3,2,9,2,8.1,MEDIUM,59.53
25,93.8,3,10,1,2.4,HIGH,86.59
3,15.0,2,15,1,10.8,LOW,28.55
14,46.2,4,13,1,3.2,LOW,55.31
8,21.8,2,7,2,13.5,LOW,38.2
11,40.8,2,23,1,12.2,LOW,38.54
11,31.2,2,16,1,3.0,LOW,41.37
21,79.5,2,17,1,0.9,HIGH,71.21
19,61.2,1,11,2,13.8,MEDIUM,69.22
9,33.3,1,16,3,3.6,LOW,36.41
12,41.1,4,13,2,3.1,LOW,59.01
3,15.0,4,15,1,0.1,LOW,27.71
12,43.2,1,13,1,10.4,LOW,39.85
12,41.4,2,8,1,2.6,LOW,50.59
3,15.0,2,3,1,4.6,LOW,25.84
11,39.0,2,22,1,18.4,LOW,52.46
18,68.7,2,10,1,1.1,MEDIUM,58.45
12,39.0,2,5,1,0.3,LOW,42.74
13,37.5,2,14,1,6.6,LOW,38.47
9,34.5,3,4,1,9.6,LOW,36.07
20,69.6,2,10,2,6.0,MEDIUM,70.49
15,59.1,2,17,3,3.3,MEDIUM,68.17
14,50.9,2,12,3,3.6,MEDIUM,57.82
17,65.3,2,10,1,1.3,MEDIUM,55.33
14,58.0,3,13,1,3.0,MEDIUM,52.81
15,49.3,2,17,3,11.4,MEDIUM,58.06
20,67.4,3,18,1,5.5,MEDIUM,71.28
12,47.4,2,23,2,17.7,LOW,54.34
8,27.7,2,14,2,1.5,LOW,32.85
19,62.2,3,8,3,4.7,MEDIUM,74.34
9,29.0,3,7,3,9.7,LOW,45.04
23,74.5,2,19,2,2.5,HIGH,70.49
4,15.0,2,0,2,2.5,LOW,22.46
13,48.1,3,3,1,0.9,LOW,44.73
13,39.8,1,13,1,17.9,LOW,50.68
8,18.5,1,1,1,1.5,LOW,26.51
11,42.7,2,15,1,28.1,LOW,43.88
5,15.0,1,2,1,4.8,LOW,22.47
9,37.4,2,7,1,32.0,LOW,50.84
11,41.4,1,5,3,0.3,LOW,46.16
14,50.3,3,15,1,6.7,MEDIUM,47.96
11,30.3,2,23,1,9.4,LOW,42.36
5,15.0,2,15,1,5.8,LOW,25.98
3,15.0,3,6,2,6.8,LOW,32.93
4,15.0,2,12,1,6.2,LOW,27.8
13,30.2,1,12,3,1.3,LOW,30.97
10,39.1,3,4,2,6.1,LOW,49.19
12,52.9,1,19,2,6.2,MEDIUM,50.91
22,75.5,1,21,1,3.5,HIGH,65.15
17,58.0,1,17,1,7.5,MEDIUM,50.51
10,30.4,1,14,2,4.2,LOW,33.32
21,76.8,3,17,1,11.3,HIGH,82.5
7,15.0,3,1,1,0.3,LOW,31.82
22,75.9,2,9,1,0.1,HIGH,71.01
9,41.6,5,22,3,5.9,LOW,61.33
7,24.8,1,12,1,36.2,LOW,44.48
25,83.3,2,17,3,4.7,HIGH,88.02
7,33.0,3,14,1,0.1,LOW,27.6
14,59.0,3,11,2,3.1,MEDIUM,59.26
4,22.6,1,14,2,5.0,LOW,23.99
5,16.5,3,12,1,18.5,LOW,46.08
17,62.9,1,17,1,1.0,MEDIUM,57.33
6,29.5,2,14,1,20.7,LOW,39.9
3,15.0,2,22,1,22.5,LOW,33.23
17,52.5,3,10,2,8.2,MEDIUM,63.24
19,67.1,1,18,1,2.0,MEDIUM,59.45
3,15.0,1,2,2,6.2,LOW,14.99
13,37.0,1,6,1,13.6,LOW,41.77
21,68.1,1,20,1,3.5,MEDIUM,63.0
10,28.9,1,13,2,18.9,LOW,43.84
11,31.6,4,13,2,0.7,LOW,43.74
19,65.5,2,21,1,2.9,MEDIUM,61.09
11,39.1,1,12,2,39.9,LOW,48.33
14,39.3,2,11,1,7.0,LOW,56.63
5,19.3,3,23,3,7.1,LOW,45.64
12,41.9,3,8,1,2.2,LOW,55.69
4,15.0,3,0,1,15.6,LOW,29.59
16,54.6,1,18,2,4.5,MEDIUM,53.94
18,62.8,3,10,1,12.6,MEDIUM,72.24
4,15.8,2,22,1,13.3,LOW,29.58
17,63.1,2,21,1,1.5,MEDIUM,60.58
7,28.7,5,22,3,5.6,LOW,54.26
6,20.7,3,23,3,3.9,LOW,40.11
24,76.3,3,21,2,1.3,HIGH,75.37
13,41.4,1,18,1,1.1,LOW,45.92
22,76.1,2,17,2,0.4,HIGH,63.79
13,52.0,4,11,1,9.7,MEDIUM,67.96
10,20.2,2,22,1,12.2,LOW,28.31
14,48.2,1,0,3,5.1,MEDIUM,51.58
24,80.7,3,18,1,6.6,HIGH,79.97
23,79.9,1,19,1,2.4,HIGH,64.48
7,15.6,3,16,3,10.0,LOW,46.8
4,19.1,4,4,2,7.0,LOW,42.51
6,20.3,2,2,1,17.1,LOW,32.22
4,15.0,2,1,1,11.0,LOW,33.5
5,19.4,2,2,2,0.2,LOW,27.63
7,25.7,4,7,1,13.3,LOW,45.47
4,15.0,2,15,1,0.2,LOW,23.69
11,34.1,2,5,1,13.4,LOW,43.9
10,32.7,3,12,3,34.9,LOW,62.02
7,24.0,2,22,1,5.2,LOW,34.47
16,65.3,2,21,1,2.1,MEDIUM,56.58
22,75.5,3,21,1,0.1,HIGH,76.6
7,27.8,5,15,1,1.3,LOW,41.87
6,25.6,1,15,1,5.6,LOW,25.36
11,37.5,1,2,3,13.1,LOW,45.25
4,21.8,2,12,3,16.4,LOW,34.03
9,20.5,3,13,1,9.2,LOW,39.29
4,15.5,2,7,3,0.7,LOW,30.91
17,64.4,5,11,1,38.0,MEDIUM,87.34
14,50.7,1,22,2,11.0,MEDIUM,50.24
5,15.0,1,22,1,4.4,LOW,22.7
22,76.5,1,21,3,13.4,HIGH,73.96
21,71.2,4,20,1,7.1,HIGH,77.21
10,34.4,1,7,2,7.4,LOW,32.78
18,59.3,2,20,2,28.4,MEDIUM,80.99
20,73.1,2,8,1,12.9,HIGH,68.52
8,26.3,3,0,1,2.4,LOW,31.19
8,34.9,1,5,1,1.5,LOW,23.2
13,45.1,3,22,2,1.5,LOW,51.68
16,50.8,2,18,1,4.8,MEDIUM,53.36
7,35.4,4,22,2,3.9,LOW,40.32
22,70.1,3,10,3,4.8,HIGH,75.73
16,52.4,2,10,1,0.5,MEDIUM,58.49
13,46.2,5,22,1,1.8,LOW,62.27
12,31.9,1,12,2,12.8,LOW,35.13
22,76.0,3,10,2,11.3,HIGH,72.17
16,50.8,2,17,3,4.0,MEDIUM,67.29
9,44.2,2,22,1,4.0,LOW,32.41
8,25.8,1,14,1,17.2,LOW,30.96
13,38.2,2,0,2,1.6,LOW,43.97
18,63.3,1,20,2,3.5,MEDIUM,51.93
6,21.0,2,6,2,11.5,LOW,35.71
14,52.5,1,22,1,6.8,MEDIUM,37.5
4,15.0,3,12,1,0.5,LOW,25.38
16,63.6,2,11,1,0.1,MEDIUM,64.76
17,60.0,3,17,3,0.2,MEDIUM,66.64
14,43.2,3,23,1,8.5,LOW,51.66
23,78.9,1,18,2,7.8,HIGH,65.67
12,44.6,1,14,2,0.4,LOW,28.45
11,40.4,2,7,1,1.1,LOW,42.65
18,53.9,4,18,1,10.3,MEDIUM,75.81
20,56.4,2,9,2,3.0,MEDIUM,66.22
14,39.4,3,6,1,38.3,LOW,64.37
14,48.9,4,17,1,3.0,MEDIUM,62.77
9,32.9,4,15,1,3.3,LOW,51.57
25,69.0,2,19,2,4.4,HIGH,78.53
4,15.3,2,5,3,14.1,LOW,37.53
24,77.2,4,8,2,6.5,HIGH,87.6
15,43.7,3,20,2,15.6,LOW,60.54
10,30.3,3,12,2,4.5,LOW,41.74
16,54.7,2,20,2,7.5,MEDIUM,47.43
8,26.6,2,7,3,0.0,LOW,34.69
7,15.0,2,15,1,6.9,LOW,25.26
13,52.9,3,12,1,0.7,MEDIUM,57.13
6,24.3,2,12,3,1.7,LOW,34.42
10,34.9,1,16,2,48.1,LOW,62.07
4,15.0,1,22,1,8.1,LOW,16.85
13,39.3,4,19,3,16.3,LOW,74.78
14,47.2,2,4,1,0.5,MEDIUM,45.89
14,52.2,2,21,1,3.9,MEDIUM,56.78
13,50.7,1,20,2,15.9,MEDIUM,53.04
7,38.8,2,16,1,4.2,LOW,33.33
23,79.1,1,8,2,2.3,HIGH,70.86
7,19.9,2,1,1,5.2,LOW,30.73
20,72.5,3,17,1,5.1,HIGH,69.7
23,72.3,2,8,2,37.4,HIGH,82.61
9,32.7,4,5,2,3.5,LOW,54.24
24,94.5,1,10,1,25.2,HIGH,73.92
13,42.4,1,5,3,19.4,LOW,52.05
14,43.8,1,5,2,4.8,LOW,43.28
12,32.5,1,12,1,23.2,LOW,32.61
22,75.7,1,10,1,10.4,HIGH,68.1
11,28.4,3,13,2,17.3,LOW,51.19
3,15.0,2,1,2,17.8,LOW,31.97
6,15.0,4,7,1,0.7,LOW,38.03
8,33.5,1,2,1,18.2,LOW,29.17
9,29.6,3,22,1,5.4,LOW,43.33
18,69.4,5,20,1,8.1,MEDIUM,76.73
7,25.1,1,2,2,2.9,LOW,26.1
8,24.5,2,0,3,8.3,LOW,39.27
3,15.0,3,23,1,0.2,LOW,31.29
20,71.9,2,18,3,3.7,MEDIUM,70.78
24,88.8,2,17,3,7.9,HIGH,79.08
4,15.0,2,16,3,1.8,LOW,33.84
23,78.3,3,19,3,8.9,HIGH,80.28
4,15.0,3,23,2,14.1,LOW,34.6
3,15.0,1,12,2,0.3,LOW,23.9
12,24.6,5,2,1,7.4,LOW,57.25
11,31.4,2,0,1,7.0,LOW,36.52
6,15.8,2,3,3,12.2,LOW,32.36
6,20.3,3,12,1,9.6,LOW,38.35
11,43.6,2,16,1,4.9,LOW,35.55
22,64.3,1,10,1,3.5,MEDIUM,66.95
6,25.5,2,1,2,34.0,LOW,46.57
9,32.6,3,15,2,5.6,LOW,40.81
7,26.3,3,1,1,4.2,LOW,38.54
21,69.7,5,18,1,39.7,MEDIUM,106.87
5,21.3,1,22,2,1.6,LOW,26.13
16,53.3,1,18,1,1.6,MEDIUM,48.67
13,38.9,2,15,2,30.0,LOW,59.19
16,53.2,2,21,1,8.6,MEDIUM,65.54
19,65.3,1,18,3,5.9,MEDIUM,69.06
20,61.8,3,8,2,0.6,MEDIUM,69.8
6,15.0,1,0,2,3.5,LOW,24.64
12,44.8,1,9,2,4.5,LOW,48.23
21,66.9,5,18,1,5.7,MEDIUM,82.48
5,15.0,2,0,1,4.6,LOW,23.24
9,31.3,5,1,2,4.6,LOW,57.96
12,39.8,1,15,3,42.1,LOW,60.7
25,76.9,1,11,1,29.2,HIGH,84.73
9,26.7,3,7,2,0.7,LOW,35.69
9,36.4,3,22,3,1.5,LOW,45.2
12,31.4,2,17,2,22.7,LOW,54.89
4,15.0,1,1,2,3.1,LOW,19.23
7,26.4,3,12,2,7.6,LOW,39.58
13,35.0,1,5,3,12.8,LOW,42.18
13,55.2,3,20,3,5.1,MEDIUM,69.02
8,32.4,1,5,3,0.1,LOW,30.38
13,54.5,3,8,2,14.1,MEDIUM,62.79
3,15.0,2,15,1,11.3,LOW,26.18
16,63.5,2,10,1,0.3,MEDIUM,60.96
14,48.4,3,6,1,18.2,MEDIUM,49.98
20,66.3,1,9,3,15.6,MEDIUM,72.4
18,54.4,3,9,3,2.6,MEDIUM,65.64
24,83.2,1,19,2,0.7,HIGH,65.66
18,57.2,2,17,2,4.1,MEDIUM,59.77
9,26.3,2,23,1,16.6,LOW,36.41
13,45.0,4,19,1,5.3,LOW,62.33
16,64.8,1,8,2,2.6,MEDIUM,46.08
4,21.5,2,14,1,2.1,LOW,20.91
14,52.5,2,3,1,3.5,MEDIUM,50.94
8,26.9,2,7,2,40.9,LOW,56.85
18,61.7,1,8,1,16.9,MEDIUM,59.11
3,19.0,2,12,3,6.3,LOW,25.76
14,50.6,1,8,1,13.2,MEDIUM,48.71
10,18.0,2,3,3,3.0,LOW,39.64
10,48.7,3,16,1,7.6,LOW,49.64
8,27.0,3,15,1,16.5,LOW,43.57
13,44.5,2,14,2,3.7,LOW,47.93
11,38.6,2,2,2,12.9,LOW,48.1
25,85.4,1,19,2,7.6,HIGH,75.42
12,39.6,2,4,1,7.6,LOW,44.02
10,25.0,5,22,1,0.3,LOW,58.65
4,15.0,2,4,2,18.4,LOW,30.94
18,71.5,2,19,1,12.0,MEDIUM,60.98
5,15.0,3,14,1,0.3,LOW,36.64
13,50.8,2,17,2,7.5,MEDIUM,62.69
9,32.3,2,14,1,11.0,LOW,45.87
5,15.0,1,1,1,12.7,LOW,22.49
4,15.0,2,12,1,0.7,LOW,25.63
3,15.0,1,3,3,8.2,LOW,27.15
12,45.1,3,9,1,2.1,LOW,45.27
3,15.0,2,12,3,4.8,LOW,26.75
21,75.8,3,9,1,6.0,HIGH,71.53
21,69.7,1,8,2,0.2,MEDIUM,60.75
5,20.7,2,7,1,2.8,LOW,29.6
12,34.4,2,2,1,12.8,LOW,40.78
5,15.0,1,15,2,14.8,LOW,26.98
13,46.1,2,13,2,3.2,LOW,49.26
21,69.6,1,8,2,4.7,MEDIUM,60.68
14,47.8,1,20,2,14.2,MEDIUM,49.86
14,47.9,1,10,1,1.8,MEDIUM,43.22
5,21.7,2,2,1,10.5,LOW,30.13
13,44.5,4,4,1,4.2,LOW,57.27
20,67.3,1,9,3,34.8,MEDIUM,79.62
11,39.4,4,12,1,7.4,LOW,41.48
14,50.8,2,3,3,1.3,MEDIUM,50.11
4,15.0,2,23,1,1.5,LOW,23.2
8,20.6,2,12,2,0.2,LOW,30.01
19,69.6,4,11,1,10.0,MEDIUM,76.49
8,31.0,3,4,1,4.7,LOW,34.48
12,38.8,5,9,2,0.1,LOW,59.2
8,30.3,3,23,2,0.9,LOW,36.37
12,52.2,1,8,3,2.7,MEDIUM,48.27
22,73.2,5,19,2,4.4,HIGH,84.63
10,33.8,5,6,2,22.3,LOW,67.08
14,49.2,1,1,3,6.2,MEDIUM,49.72
18,78.7,4,21,2,18.0,HIGH,87.66
12,41.9,3,23,2,2.3,LOW,49.1
9,26.8,4,22,1,3.2,LOW,41.41
13,36.4,4,6,1,17.0,LOW,57.27
14,45.5,4,7,2,5.4,LOW,58.64
3,15.0,4,6,3,7.1,LOW,42.6
16,58.0,1,20,1,6.8,MEDIUM,51.58
9,30.7,1,22,1,8.3,LOW,30.67
7,24.2,1,13,2,7.1,LOW,27.6
20,69.1,1,18,1,9.5,MEDIUM,64.97
14,48.5,2,4,2,1.3,MEDIUM,56.46
7,31.1,3,22,2,9.9,LOW,46.09
14,42.0,2,17,1,1.3,LOW,48.78
25,96.3,3,19,3,3.3,HIGH,91.26
15,59.2,3,11,2,14.2,MEDIUM,60.67
3,16.3,3,22,2,7.5,LOW,32.57
14,42.5,2,16,1,27.3,LOW,54.26
8,26.3,1,12,1,2.3,LOW,26.36
13,39.8,1,1,3,20.3,LOW,53.64
13,39.1,2,12,1,8.2,LOW,40.51
14,45.9,3,6,1,3.7,LOW,55.63
15,50.2,2,9,1,12.4,MEDIUM,60.48
10,31.8,3,22,1,24.8,LOW,54.2
7,24.0,2,5,1,12.1,LOW,34.11
4,18.6,1,2,1,0.1,LOW,17.01
9,35.2,3,2,3,0.1,LOW,44.48
22,77.1,1,17,2,1.1,HIGH,65.24
21,70.9,2,10,1,15.2,HIGH,72.18
16,52.0,3,21,2,11.1,MEDIUM,68.29
12,42.6,1,19,1,8.2,LOW,49.57
14,53.5,2,4,2,9.5,MEDIUM,49.98
20,75.9,3,18,1,7.7,HIGH,74.2
18,53.6,3,21,1,3.4,MEDIUM,58.87
22,74.3,1,18,3,10.2,HIGH,73.76
6,15.1,3,14,1,21.9,LOW,33.63
9,21.8,1,15,2,11.1,LOW,30.06
12,47.7,2,23,1,16.2,LOW,47.06
19,72.1,2,8,1,2.2,MEDIUM,57.25
8,26.0,1,3,2,3.4,LOW,26.57
9,27.8,2,14,2,5.7,LOW,40.75
18,58.9,1,11,1,5.1,MEDIUM,46.44
5,15.0,2,22,1,5.0,LOW,26.65
11,44.0,1,2,1,8.2,LOW,40.65
3,15.0,4,22,3,15.5,LOW,51.48
10,32.6,1,13,1,17.5,LOW,33.71
3,15.0,4,16,1,1.3,LOW,31.9
22,62.5,4,18,3,0.8,MEDIUM,86.47
8,27.3,2,5,1,3.0,LOW,28.69
13,45.0,2,3,1,10.7,LOW,48.02
10,30.7,2,6,1,12.6,LOW,44.68
20,80.8,5,18,2,3.9,HIGH,90.95
5,15.0,3,16,1,3.0,LOW,30.02
14,50.5,5,15,1,1.1,MEDIUM,60.06
8,21.0,2,14,3,2.2,LOW,34.4
18,62.8,4,21,1,0.8,MEDIUM,69.71
10,27.4,2,7,1,2.9,LOW,42.06
13,49.8,4,18,1,9.0,MEDIUM,64.98
11,39.5,1,7,2,1.1,LOW,28.24
13,34.4,2,17,3,3.1,LOW,51.45
6,21.2,3,15,1,6.0,LOW,43.32
14,44.5,3,19,1,3.2,LOW,57.23
14,46.7,2,18,1,4.6,LOW,50.12
13,34.2,3,9,1,5.5,LOW,45.03
8,35.6,1,16,2,11.9,LOW,40.9
9,24.8,2,12,1,14.8,LOW,48.81
3,15.0,2,12,1,1.7,LOW,25.38
11,32.1,2,6,2,3.7,LOW,40.67
22,73.3,3,9,1,6.8,HIGH,72.76
10,33.3,1,1,2,5.5,LOW,34.88
7,23.3,1,3,1,0.7,LOW,22.44
14,56.0,2,5,3,3.4,MEDIUM,56.36
9,30.0,4,23,1,2.1,LOW,47.0
18,70.8,2,17,3,4.3,MEDIUM,69.61
12,32.3,3,22,1,3.3,LOW,46.05
3,17.3,2,5,2,9.5,LOW,25.0
9,36.5,3,22,1,4.1,LOW,48.02
7,30.4,2,16,2,2.2,LOW,30.09
3,23.0,3,13,1,7.7,LOW,28.86
11,22.2,2,23,2,10.4,LOW,44.8
12,28.3,2,10,2,0.9,LOW,44.66
12,41.1,1,18,2,2.3,LOW,44.51
13,31.6,4,1,2,1.9,LOW,52.59
11,25.4,3,2,1,1.8,LOW,43.17
21,70.0,4,10,1,18.6,MEDIUM,79.63
10,31.0,1,5,2,1.1,LOW,35.21
13,33.3,1,13,1,16.4,LOW,36.43
23,74.5,2,18,1,4.0,HIGH,79.3
4,18.1,2,15,1,8.2,LOW,23.86
14,50.5,3,20,1,4.7,MEDIUM,57.35
12,45.2,2,21,2,7.3,LOW,47.77
10,31.2,1,23,2,6.4,LOW,31.99
7,31.0,2,6,3,4.5,LOW,30.11
14,58.5,3,7,1,2.6,MEDIUM,49.66
15,52.2,2,18,3,21.4,MEDIUM,65.91
22,72.0,5,19,2,19.8,HIGH,99.16
4,15.0,1,15,3,0.6,LOW,27.82
22,67.3,3,21,2,2.0,MEDIUM,76.89
11,35.3,2,6,2,6.8,LOW,36.41
25,88.7,1,8,1,31.5,HIGH,84.12
4,15.7,3,12,1,10.4,LOW,34.54
13,47.2,2,0,1,13.6,LOW,44.01
4,15.0,3,7,3,3.0,LOW,30.03
7,28.0,3,23,3,2.0,LOW,41.03
20,64.7,1,21,2,2.0,MEDIUM,66.06
3,15.0,3,3,3,5.3,LOW,37.07
13,39.8,3,2,3,15.6,LOW,53.14
3,19.3,3,2,2,2.0,LOW,32.34
21,63.4,2,21,2,6.8,MEDIUM,72.1
5,16.4,1,12,1,13.2,LOW,23.8
11,29.5,2,7,1,5.6,LOW,35.56
14,53.4,4,6,1,4.3,MEDIUM,56.25
5,17.8,4,0,1,3.4,LOW,41.41
5,15.0,2,15,2,7.3,LOW,29.48
5,17.5,1,5,1,13.6,LOW,28.78
3,15.0,3,6,3,44.4,LOW,51.14
22,79.8,3,11,1,16.3,HIGH,83.93
7,36.0,3,22,1,4.8,LOW,48.17
21,63.4,1,8,2,0.7,MEDIUM,54.14
12,49.2,1,10,2,1.0,LOW,43.7
25,92.3,2,9,1,0.2,HIGH,78.53
12,38.8,1,20,2,3.6,LOW,38.84
6,24.7,3,0,1,5.3,LOW,37.85
20,69.5,2,17,3,13.7,MEDIUM,79.9
14,47.3,3,3,2,0.7,MEDIUM,45.63
6,17.5,1,4,1,2.1,LOW,26.49
20,72.2,2,8,2,5.7,MEDIUM,65.88
10,30.8,2,16,3,15.2,LOW,53.42
4,19.6,2,2,2,0.7,LOW,26.85
9,25.4,2,15,2,2.2,LOW,38.04
14,60.1,2,4,1,6.3,MEDIUM,44.8
13,37.4,4,15,3,3.1,LOW,53.4
14,64.6,1,2,2,39.0,MEDIUM,57.44
18,59.1,3,19,2,4.8,MEDIUM,67.43
4,18.3,5,14,1,19.4,LOW,46.49
5,22.9,3,2,3,22.6,LOW,52.03
23,79.3,3,19,2,2.4,HIGH,76.82
9,37.3,1,13,3,3.2,LOW,34.76
8,23.6,2,15,1,3.1,LOW,32.69
8,19.8,3,16,1,4.6,LOW,39.68
14,47.9,2,23,1,0.5,MEDIUM,43.02
25,89.6,2,19,1,13.2,HIGH,85.86
8,23.7,4,22,2,1.1,LOW,41.82
16,56.1,2,17,2,17.9,MEDIUM,62.58
22,66.9,5,17,2,6.9,MEDIUM,89.83
12,42.3,2,21,2,5.3,LOW,42.4
9,28.0,3,13,1,8.6,LOW,43.66
21,72.5,3,17,1,21.6,HIGH,82.27
7,24.5,3,14,3,2.8,LOW,42.71
13,38.5,1,14,2,2.5,LOW,39.69
8,28.1,1,5,2,3.7,LOW,35.74
5,15.0,2,14,1,5.3,LOW,28.6
19,70.1,4,17,2,0.6,MEDIUM,78.88
11,43.0,2,3,1,9.1,LOW,48.89
3,15.0,1,22,2,5.9,LOW,21.67
4,15.0,2,7,3,6.2,LOW,35.83
13,48.7,2,14,2,2.3,LOW,44.34
12,46.5,2,2,1,14.7,LOW,51.37
12,50.1,5,14,2,4.1,LOW,63.2
3,15.0,2,12,1,8.5,LOW,23.69
20,60.5,2,8,1,2.2,MEDIUM,65.97
6,26.2,2,1,3,13.6,LOW,35.34
8,36.7,3,23,1,2.9,LOW,35.48
13,44.6,2,7,3,20.4,LOW,55.2
18,60.9,2,19,1,4.9,MEDIUM,60.35
10,43.6,2,16,2,1.3,LOW,40.54
12,34.3,3,12,2,7.6,LOW,53.79
9,28.8,1,0,1,6.5,LOW,28.9
3,15.0,1,1,2,4.4,LOW,25.3
10,34.2,1,14,3,13.7,LOW,43.59
23,84.4,4,11,2,4.4,HIGH,85.96
9,23.1,1,13,2,1.2,LOW,25.67
5,23.2,3,1,3,0.2,LOW,29.45
19,59.6,2,17,1,17.8,MEDIUM,68.36
18,63.8,2,21,1,5.0,MEDIUM,54.14
12,27.1,3,6,1,6.6,LOW,51.13
7,15.0,2,22,2,1.0,LOW,34.23
13,43.3,2,5,2,5.4,LOW,45.04
5,24.6,1,13,2,6.1,LOW,22.28
13,50.5,2,7,3,5.0,MEDIUM,46.04
22,65.3,4,21,2,24.7,MEDIUM,87.58
10,40.7,4,1,1,6.8,LOW,49.04
3,15.0,3,16,1,29.3,LOW,32.08
4,16.2,4,4,3,1.3,LOW,36.94
3,23.9,5,13,1,19.6,LOW,45.65
9,26.9,3,23,2,6.4,LOW,46.87
16,60.2,2,19,1,2.8,MEDIUM,57.98
25,85.2,2,20,1,11.0,HIGH,76.89
24,91.4,4,20,2,6.5,HIGH,88.01
21,73.5,3,21,1,6.9,HIGH,69.53
13,41.1,3,2,3,1.5,LOW,56.74
5,15.0,1,4,1,9.1,LOW,22.52
4,15.0,1,15,2,2.8,LOW,20.88
19,59.8,2,17,2,3.5,MEDIUM,61.71
3,15.0,1,16,2,19.0,LOW,22.68
17,65.7,4,10,3,1.6,MEDIUM,77.25
12,47.6,1,16,1,17.4,LOW,47.73
10,34.0,2,15,1,5.6,LOW,35.06
9,34.9,1,22,1,1.6,LOW,23.09
13,48.8,1,1,3,13.4,LOW,50.3
5,17.3,1,3,3,8.5,LOW,22.7
21,60.9,5,20,1,3.4,MEDIUM,83.89
11,39.5,3,6,2,2.9,LOW,43.12
13,42.7,3,1,1,4.4,LOW,52.12
12,52.9,4,5,1,1.2,MEDIUM,52.24
9,34.6,5,16,2,13.3,LOW,62.64
3,15.0,2,6,1,2.6,LOW,17.18
8,36.1,2,4,1,14.0,LOW,32.42
6,21.1,2,4,2,10.5,LOW,34.49
17,69.8,1,19,2,22.8,MEDIUM,71.91
5,15.0,1,15,1,0.8,LOW,20.89
15,50.3,2,18,2,3.4,MEDIUM,55.86
16,62.4,1,8,2,7.8,MEDIUM,58.75
9,23.2,4,4,1,15.6,LOW,42.51
7,21.7,3,7,2,1.4,LOW,38.52
22,77.7,1,8,1,15.8,HIGH,70.18
12,44.0,3,4,1,0.6,LOW,43.65
15,47.2,3,9,1,5.1,MEDIUM,52.52
9,39.3,2,1,3,0.7,LOW,43.36
13,38.2,3,8,1,1.3,LOW,49.16
25,86.3,1,10,1,11.9,HIGH,70.83
5,15.0,1,3,1,0.2,LOW,26.61
15,39.9,2,21,1,6.5,LOW,53.73
25,80.8,2,21,2,0.8,HIGH,72.5
22,72.9,1,21,1,13.3,HIGH,71.77
10,26.2,2,1,2,13.2,LOW,42.01
9,38.0,4,22,2,9.7,LOW,56.82
11,38.4,3,5,2,11.3,LOW,44.61
4,15.4,3,13,1,7.1,LOW,31.86
8,26.7,3,0,1,5.3,LOW,36.12
20,67.3,3,17,1,4.2,MEDIUM,69.54
5,20.4,1,6,2,8.7,LOW,32.62
9,27.6,4,0,1,3.9,LOW,46.39
7,15.0,3,0,2,0.0,LOW,26.78
8,16.1,1,0,1,0.8,LOW,25.48
6,22.3,2,23,1,8.4,LOW,24.84
9,28.9,2,3,1,3.6,LOW,31.77
9,46.5,1,3,1,36.5,LOW,45.57
21,76.8,1,17,3,3.5,HIGH,69.45
23,80.6,1,10,1,0.9,HIGH,65.71
9,20.9,4,0,3,3.2,LOW,46.29
22,70.8,1,9,2,9.3,HIGH,67.61
22,80.7,2,8,3,6.0,HIGH,83.79
13,45.4,1,22,1,7.5,LOW,40.17
3,15.0,3,3,3,0.9,LOW,24.78
6,15.0,4,5,1,14.0,LOW,36.83
13,47.4,2,15,2,18.6,LOW,49.63
3,15.0,1,1,1,1.3,LOW,24.76
5,15.0,2,22,1,7.9,LOW,23.35
17,56.6,3,17,2,2.1,MEDIUM,61.53
23,86.5,3,9,2,1.6,HIGH,81.05
9,29.2,3,23,1,1.8,LOW,44.67
5,25.4,1,23,1,5.9,LOW,22.12
6,18.1,1,16,2,17.4,LOW,28.59
4,15.0,1,12,1,13.7,LOW,28.72
4,15.0,5,23,1,1.2,LOW,38.7
20,68.0,2,17,3,5.7,MEDIUM,72.19
18,51.5,3,21,3,1.3,MEDIUM,71.49
13,38.0,4,12,3,4.6,LOW,58.97
9,34.0,4,16,2,6.6,LOW,52.79
3,15.0,1,4,1,13.4,LOW,19.87
18,66.3,1,10,3,15.8,MEDIUM,64.93
12,32.4,4,6,1,0.2,LOW,49.49
21,66.3,5,9,1,9.3,MEDIUM,87.82
13,48.6,2,16,2,4.2,LOW,46.29
3,15.0,4,14,1,5.5,LOW,31.33
20,57.9,1,17,2,2.0,MEDIUM,66.28
9,32.2,1,22,1,0.3,LOW,30.75
22,83.3,2,21,1,14.4,HIGH,76.55
24,80.4,3,18,2,2.1,HIGH,75.06
6,17.0,3,1,1,17.0,LOW,40.49
5,23.2,2,3,1,0.6,LOW,21.02
14,44.2,1,2,1,4.2,LOW,43.39
7,27.1,2,6,1,10.8,LOW,40.29
4,15.0,4,23,1,2.4,LOW,38.82
20,61.6,1,17,3,27.4,MEDIUM,79.8
14,44.2,3,9,1,8.1,LOW,55.01
14,34.1,3,6,3,2.0,LOW,56.35
3,15.0,3,7,1,12.6,LOW,30.21
14,51.6,5,5,1,33.4,MEDIUM,80.0
15,52.4,2,21,1,2.3,MEDIUM,54.51
11,33.8,3,0,1,13.8,LOW,47.02
3,15.0,1,3,1,30.3,LOW,28.1
8,30.9,2,13,1,2.0,LOW,34.35
9,35.3,2,16,1,2.1,LOW,32.79
16,56.7,1,19,1,10.1,MEDIUM,47.88
13,42.8,4,17,2,24.1,LOW,75.86
22,73.5,3,10,3,9.5,HIGH,81.01
25,72.9,1,20,1,5.6,HIGH,74.6
13,36.8,1,13,2,0.9,LOW,42.27
25,87.6,1,8,2,20.7,HIGH,82.98
4,22.8,2,14,1,0.6,LOW,30.43
18,66.2,3,11,3,1.9,MEDIUM,69.7
23,76.7,2,9,3,4.8,HIGH,80.64
23,73.3,1,18,1,5.6,HIGH,66.55
10,38.1,1,23,2,0.5,LOW,26.56
21,72.5,2,18,2,0.7,HIGH,67.09
12,35.9,2,5,1,1.1,LOW,35.73
16,55.8,1,19,1,0.3,MEDIUM,47.17
3,15.0,1,23,3,30.3,LOW,31.31
7,15.0,1,5,2,2.2,LOW,17.43
4,15.0,2,7,1,16.9,LOW,31.54
11,45.1,2,0,1,12.3,LOW,42.08
14,53.8,3,21,3,9.8,MEDIUM,66.02
12,40.7,3,16,1,8.6,LOW,51.26
9,24.6,3,16,2,5.5,LOW,41.59
4,15.0,1,23,1,6.6,LOW,23.07
12,46.1,1,14,1,17.7,LOW,45.44
6,17.2,2,6,1,12.0,LOW,29.58
16,58.2,1,18,1,2.1,MEDIUM,52.0
21,78.3,2,21,1,0.9,HIGH,70.33
3,15.0,1,22,2,2.8,LOW,18.82
12,38.7,1,2,2,1.1,LOW,39.68
13,51.1,1,21,1,24.7,MEDIUM,58.6
23,77.0,3,10,2,3.9,HIGH,77.51
20,71.5,2,19,1,1.5,MEDIUM,67.34
12,38.8,1,18,1,7.8,LOW,41.81
19,57.6,1,8,1,4.1,MEDIUM,59.19
15,54.1,3,9,1,2.0,MEDIUM,54.76
6,29.5,3,1,3,0.5,LOW,40.41
9,33.1,1,0,2,0.8,LOW,32.35
10,37.7,3,15,1,6.6,LOW,46.5
14,51.4,2,17,2,11.1,MEDIUM,58.83
6,30.4,3,22,1,20.8,LOW,42.36
11,35.5,3,16,1,7.0,LOW,40.7
14,34.3,3,5,1,8.5,LOW,49.09
11,45.0,3,13,2,2.2,LOW,45.55
9,21.8,1,22,1,2.6,LOW,30.82
5,15.0,2,14,3,4.3,LOW,33.63
13,39.4,1,13,1,16.2,LOW,35.22
6,15.6,5,23,1,4.6,LOW,50.3
14,53.1,1,21,3,2.2,MEDIUM,55.33
8,31.4,2,2,1,20.2,LOW,39.73
8,22.1,1,23,2,4.2,LOW,31.6
13,51.6,1,22,2,0.7,MEDIUM,37.3
13,42.7,2,18,3,6.3,LOW,52.46
13,55.4,2,11,1,7.9,MEDIUM,48.08
10,31.7,2,1,1,24.9,LOW,45.6
11,34.7,1,2,2,13.1,LOW,44.29
19,62.4,3,17,2,0.9,MEDIUM,70.86
9,25.2,1,0,2,5.7,LOW,32.43
13,47.6,2,19,1,4.6,LOW,51.23
25,80.9,2,20,1,4.0,HIGH,82.74
4,15.0,2,5,2,1.2,LOW,30.61
6,23.3,1,4,1,3.8,LOW,20.26
5,28.9,3,0,1,5.1,LOW,29.19
24,77.6,2,18,1,2.0,HIGH,72.05
4,15.0,1,0,1,6.9,LOW,18.92
13,40.6,2,20,2,2.0,LOW,54.68
20,70.7,1,20,2,1.0,MEDIUM,59.08
6,17.5,2,15,1,33.1,LOW,45.47
12,35.4,3,11,1,9.3,LOW,55.18
21,72.0,4,21,2,7.2,HIGH,78.77
5,20.5,2,7,1,3.2,LOW,21.7
3,15.0,1,15,2,1.9,LOW,19.92
13,44.8,1,0,2,1.1,LOW,37.89
5,18.6,2,3,3,0.5,LOW,33.89
24,81.6,2,9,2,9.6,HIGH,78.4
13,46.1,1,10,1,2.6,LOW,32.4
3,15.0,3,16,2,3.1,LOW,30.3
14,41.3,1,22,1,1.4,LOW,31.43
4,15.0,2,6,1,1.0,LOW,19.36
22,60.8,1,11,1,5.5,MEDIUM,56.35
14,40.5,3,20,1,10.4,LOW,57.53
11,41.6,1,6,1,37.6,LOW,43.46
17,61.8,1,11,1,3.3,MEDIUM,48.71
5,15.0,2,14,2,8.7,LOW,35.63
3,15.0,4,1,3,1.0,LOW,37.73
3,15.0,2,13,1,6.5,LOW,22.28
3,15.0,1,12,2,5.8,LOW,18.23
12,36.1,3,3,1,0.3,LOW,39.98
5,15.0,1,13,3,5.3,LOW,33.92
7,28.5,2,13,1,5.5,LOW,30.47
10,44.1,2,15,3,3.7,LOW,36.82
10,30.5,2,6,1,6.8,LOW,33.58
23,81.6,1,18,2,0.4,HIGH,72.6
11,37.2,3,1,1,14.9,LOW,54.71
17,64.4,2,9,1,5.9,MEDIUM,53.33
22,68.0,5,17,1,0.3,MEDIUM,78.33
14,47.7,3,16,1,33.0,MEDIUM,58.64
12,36.9,5,4,2,3.8,LOW,52.01
16,54.0,2,11,2,34.6,MEDIUM,74.86
7,29.1,1,5,1,1.6,LOW,26.07
25,84.9,3,21,3,0.2,HIGH,83.98
16,49.8,3,8,1,10.0,MEDIUM,61.36
13,49.7,4,19,3,23.3,MEDIUM,77.52
8,30.3,2,0,1,0.6,LOW,33.52
12,42.2,2,21,3,10.6,LOW,57.1
8,20.0,4,14,1,0.6,LOW,41.04
25,88.0,4,20,2,12.6,HIGH,102.97
11,33.5,1,5,1,7.0,LOW,28.88
15,45.1,3,18,2,12.2,MEDIUM,59.94
19,59.1,2,17,2,3.7,MEDIUM,67.45
5,20.5,1,5,1,18.9,LOW,32.08
9,33.4,4,12,3,2.9,LOW,62.57
11,37.5,2,0,3,2.7,LOW,41.21
4,15.0,3,22,3,25.9,LOW,47.77
13,50.7,4,22,3,1.0,MEDIUM,58.88
6,25.5,1,12,2,7.2,LOW,31.23
10,30.7,4,6,3,6.8,LOW,45.1
7,32.0,3,14,3,2.2,LOW,41.88
24,75.7,3,11,1,3.1,HIGH,76.68
13,44.7,2,0,2,2.7,LOW,41.92
10,34.6,1,14,3,15.0,LOW,43.72
14,49.0,3,3,2,3.9,MEDIUM,50.05
13,35.8,2,12,1,3.6,LOW,41.75
4,15.0,2,22,1,8.1,LOW,24.33
14,47.0,2,4,2,5.5,MEDIUM,46.98
10,28.7,2,1,3,4.4,LOW,42.55
8,29.2,3,22,1,9.9,LOW,42.53
7,24.6,3,0,1,4.3,LOW,33.78
4,21.6,3,15,1,2.0,LOW,26.47
9,38.4,3,22,2,10.8,LOW,46.9
3,15.0,3,5,1,0.6,LOW,27.98
8,36.1,1,22,2,64.3,LOW,61.82
5,18.3,3,15,3,7.3,LOW,36.45
8,26.9,2,13,2,1.9,LOW,30.05
3,20.4,2,2,1,1.8,LOW,21.38
3,15.0,2,14,3,2.6,LOW,27.83
4,15.0,2,2,2,16.9,LOW,24.18
12,39.4,1,22,1,14.0,LOW,39.82
9,31.7,1,1,1,1.2,LOW,24.04
14,51.4,1,0,2,7.3,MEDIUM,44.33
18,54.4,2,8,2,19.3,MEDIUM,67.19
21,70.4,1,8,3,10.6,HIGH,67.68
6,15.0,1,22,1,7.1,LOW,21.4
6,18.7,1,6,1,1.9,LOW,26.32
7,31.8,1,2,1,23.0,LOW,34.25
24,82.5,4,17,2,17.8,HIGH,105.52
12,35.1,3,10,2,3.1,LOW,51.43
9,18.8,4,6,1,5.5,LOW,38.43
13,42.0,2,8,1,0.7,LOW,51.66
13,44.1,3,0,3,8.0,LOW,52.1
5,17.0,2,13,3,0.4,LOW,27.93
24,73.7,2,19,1,18.9,HIGH,69.82
4,15.0,2,5,2,17.0,LOW,31.82
8,16.4,2,6,2,2.6,LOW,40.89
22,75.5,3,9,1,10.8,HIGH,79.75
6,19.5,4,6,1,4.6,LOW,38.0
10,38.0,3,1,1,14.9,LOW,45.43
14,54.2,2,3,1,0.5,MEDIUM,39.92
17,43.8,5,20,2,5.6,MEDIUM,82.6
9,34.6,5,16,1,4.1,LOW,43.02
4,20.0,2,0,1,2.4,LOW,27.83
17,61.9,4,9,2,1.9,MEDIUM,71.28
17,54.6,1,18,1,9.0,MEDIUM,55.89
10,40.6,1,14,2,1.8,LOW,41.67
20,64.6,1,9,1,8.0,MEDIUM,56.14
23,71.7,3,18,1,4.0,HIGH,77.29
19,64.5,1,11,3,2.2,MEDIUM,56.84
8,26.5,1,23,1,12.2,LOW,39.89
10,39.2,1,15,2,3.6,LOW,34.96
15,46.9,2,8,1,0.1,MEDIUM,45.95
14,48.4,2,14,3,15.2,MEDIUM,55.53
9,23.7,1,16,2,3.0,LOW,31.9
7,31.8,2,13,1,13.8,LOW,43.53
21,74.9,1,17,2,6.3,HIGH,65.2
11,23.8,1,1,1,17.1,LOW,33.99
13,51.3,3,3,3,4.3,MEDIUM,60.26
14,48.6,5,17,1,1.5,MEDIUM,66.52
10,34.5,2,6,2,0.1,LOW,37.92
10,44.8,2,12,1,12.1,LOW,43.96
6,15.0,4,14,2,12.1,LOW,35.79
14,50.2,2,22,3,1.7,MEDIUM,50.27
17,55.7,3,21,3,24.9,MEDIUM,75.56
4,15.0,2,0,1,23.8,LOW,30.21
21,79.5,1,10,2,3.6,HIGH,67.24
24,76.3,3,9,1,1.3,HIGH,66.19
6,16.9,3,4,1,2.7,LOW,27.61
7,25.6,2,15,1,21.2,LOW,38.48
17,65.0,1,10,1,7.5,MEDIUM,58.16
25,83.1,3,20,2,19.7,HIGH,90.01
9,35.5,1,5,1,0.2,LOW,23.51
22,84.9,3,8,2,37.6,HIGH,93.0
4,24.2,2,12,1,7.9,LOW,31.69
9,38.0,2,23,1,1.6,LOW,39.62
3,17.6,1,7,2,5.7,LOW,19.38
11,43.3,2,13,1,13.7,LOW,39.75
14,39.6,1,23,1,1.2,LOW,44.43
5,19.5,2,0,1,7.5,LOW,38.19
13,46.8,2,16,1,9.5,LOW,48.61
8,30.7,5,23,2,4.3,LOW,51.55
6,15.2,5,4,1,6.2,LOW,38.67
5,20.5,3,1,1,14.5,LOW,37.41
10,40.1,5,23,3,24.3,LOW,68.69
12,42.5,1,8,3,6.5,LOW,45.91
5,15.0,5,3,1,9.7,LOW,40.41
10,30.5,1,16,2,3.1,LOW,30.44
5,19.4,2,16,1,3.3,LOW,30.9
13,45.1,1,20,1,17.5,LOW,52.36
24,73.0,5,17,1,0.8,HIGH,90.85
4,15.6,2,15,2,1.8,LOW,25.27
3,15.0,2,7,1,2.5,LOW,22.95
17,51.7,5,10,3,0.8,MEDIUM,75.83
23,71.5,2,20,1,8.8,HIGH,66.94
22,65.9,2,20,1,18.9,MEDIUM,75.85
25,72.2,1,17,2,0.2,HIGH,66.17
9,22.4,4,22,1,2.3,LOW,44.09
5,17.9,5,23,1,20.3,LOW,42.58
14,48.9,5,9,1,5.0,MEDIUM,71.27
10,32.0,1,12,1,17.3,LOW,39.31
11,35.4,1,16,1,23.1,LOW,38.46
24,81.9,2,17,1,37.6,HIGH,89.46
24,77.7,2,9,1,4.0,HIGH,72.94
11,33.0,2,15,1,3.4,LOW,45.73
17,59.4,2,19,3,11.0,MEDIUM,66.13
11,44.1,3,4,1,7.2,LOW,47.88
6,15.3,4,12,1,8.6,LOW,34.47
14,48.1,1,17,3,6.1,MEDIUM,54.31
6,15.0,1,16,2,5.8,LOW,29.6
20,70.6,1,8,1,3.0,MEDIUM,64.01
4,28.6,2,13,1,7.2,LOW,29.03
10,37.5,2,16,2,2.5,LOW,40.66
4,15.9,2,3,1,3.5,LOW,25.3
15,53.6,5,17,2,8.0,MEDIUM,75.98
19,65.5,2,19,3,8.1,MEDIUM,71.2
4,15.0,2,23,2,6.9,LOW,20.74
3,15.0,3,23,1,9.0,LOW,33.15
7,23.8,3,14,2,4.2,LOW,38.82
20,67.5,2,10,2,7.2,MEDIUM,68.0
16,53.6,4,11,2,0.8,MEDIUM,62.14
16,55.8,2,8,1,5.3,MEDIUM,60.36
13,47.5,4,12,2,7.1,LOW,66.77
5,19.5,2,14,2,4.4,LOW,34.38
8,25.6,1,14,3,0.1,LOW,28.57
14,50.1,3,4,2,9.7,MEDIUM,49.93
10,29.2,2,22,1,4.9,LOW,30.8
14,37.9,3,18,2,1.4,LOW,56.45
18,58.1,3,19,1,28.8,MEDIUM,78.2
4,15.0,2,13,2,22.8,LOW,39.2
8,16.9,2,16,1,1.4,LOW,29.96
17,58.4,4,17,1,9.8,MEDIUM,68.39
15,52.1,4,20,2,5.8,MEDIUM,68.4
6,25.3,3,2,1,2.7,LOW,31.34
3,15.0,3,1,2,9.2,LOW,34.67
6,15.0,4,0,2,4.8,LOW,44.4
17,59.6,3,9,1,18.3,MEDIUM,68.65
16,54.6,2,18,1,9.7,MEDIUM,59.88
8,29.7,1,16,3,5.7,LOW,33.73
25,91.4,2,11,1,4.8,HIGH,76.46
7,19.6,1,0,2,0.3,LOW,22.98
17,56.0,1,11,2,1.4,MEDIUM,56.95
4,15.0,5,16,3,0.4,LOW,47.97
11,34.6,3,23,2,0.5,LOW,46.96
11,25.8,4,2,2,0.6,LOW,49.69
21,76.5,2,10,3,0.1,HIGH,72.69
4,15.0,2,16,2,12.5,LOW,26.89
6,22.2,1,22,2,5.2,LOW,32.47
13,36.5,5,2,1,11.1,LOW,60.39
10,27.9,1,7,1,1.5,LOW,28.7
12,44.5,2,19,2,14.7,LOW,58.96
8,34.7,1,3,2,0.8,LOW,30.31
15,52.9,1,20,1,3.1,MEDIUM,48.53
25,83.4,1,21,1,3.7,HIGH,66.03
12,39.8,2,6,2,2.2,LOW,39.84
4,21.2,4,13,1,1.2,LOW,33.87
3,17.3,2,13,1,7.9,LOW,29.98
3,15.0,3,3,1,0.1,LOW,21.68
3,17.3,4,15,2,12.5,LOW,35.72
13,41.4,3,23,1,0.3,LOW,42.99
13,48.4,4,21,1,26.6,LOW,73.82
6,15.0,2,0,1,16.2,LOW,31.38
13,41.2,4,16,1,4.3,LOW,49.96
19,62.2,2,9,2,1.2,MEDIUM,66.44
17,64.7,1,21,2,16.4,MEDIUM,59.21
5,15.7,1,15,1,8.3,LOW,22.82
8,32.9,1,15,1,5.6,LOW,24.15
8,23.8,2,7,3,3.1,LOW,42.7
12,45.3,3,6,1,6.6,LOW,53.33
12,44.0,3,5,2,4.3,LOW,50.28
3,15.0,5,15,1,5.0,LOW,45.06
18,67.2,2,19,1,14.9,MEDIUM,64.29
6,17.2,3,15,1,24.4,LOW,37.36
8,19.8,1,6,2,26.3,LOW,44.65
19,59.3,3,8,1,19.1,MEDIUM,69.7
14,44.3,3,13,1,13.0,LOW,53.92
24,76.6,3,10,1,4.8,HIGH,87.6
3,15.0,2,13,1,0.7,LOW,18.33
10,32.5,2,6,1,8.0,LOW,38.28
8,29.8,1,0,1,4.1,LOW,31.92
3,17.1,3,12,1,9.3,LOW,33.14
21,81.0,3,19,2,2.0,HIGH,71.39
14,60.9,2,2,2,11.6,MEDIUM,58.59
19,66.5,1,19,1,1.5,MEDIUM,55.65
11,36.5,2,3,1,13.2,LOW,46.21
22,79.1,2,10,2,19.4,HIGH,74.06
10,27.1,3,1,1,18.4,LOW,55.34
9,29.2,2,13,1,3.4,LOW,32.91
15,53.4,3,11,2,4.0,MEDIUM,64.57
13,38.6,2,16,3,14.6,LOW,48.97
13,50.1,1,11,1,9.4,MEDIUM,41.24
18,64.0,3,11,1,6.0,MEDIUM,65.54
12,38.6,2,0,3,25.9,LOW,59.74
10,36.4,3,12,1,5.8,LOW,47.19
3,15.0,2,13,3,2.2,LOW,24.82
10,23.5,1,23,1,9.1,LOW,38.1
10,40.6,1,1,1,5.7,LOW,29.68
16,54.0,1,11,2,1.8,MEDIUM,51.42
12,42.5,3,20,3,1.3,LOW,59.07
12,44.7,2,15,3,3.5,LOW,43.2
14,36.7,5,3,1,28.2,LOW,57.8
5,16.2,3,7,2,1.3,LOW,35.8
3,15.0,2,1,2,5.1,LOW,26.47
24,90.0,5,9,2,3.2,HIGH,93.98
21,71.1,2,8,2,22.9,HIGH,74.29
10,33.1,1,22,1,3.8,LOW,31.55
14,45.1,3,14,1,2.1,LOW,47.17
9,40.0,1,12,3,5.2,LOW,34.49
4,15.0,5,22,3,1.3,LOW,48.28
7,17.7,5,16,1,3.8,LOW,40.88
12,35.9,4,15,1,10.5,LOW,53.34
10,30.2,4,1,3,7.3,LOW,53.87
20,67.8,2,19,1,0.1,MEDIUM,60.12
19,68.7,3,19,2,5.5,MEDIUM,70.65
4,15.0,1,13,1,13.4,LOW,25.3
10,42.9,3,2,3,6.6,LOW,55.68
11,39.3,1,22,1,5.1,LOW,34.61
24,72.9,3,11,1,4.3,HIGH,79.04
6,15.0,5,7,1,6.2,LOW,41.25
8,27.3,1,1,3,0.6,LOW,29.39
4,15.0,1,3,2,12.9,LOW,22.17
8,21.9,2,13,2,15.5,LOW,40.84
13,40.5,3,15,1,7.2,LOW,46.29
20,64.4,3,18,3,30.9,MEDIUM,85.05
8,28.7,3,1,2,6.5,LOW,40.8
24,84.4,3,11,2,0.2,HIGH,75.0
12,40.2,1,13,3,5.0,LOW,38.87
13,45.5,3,5,1,4.1,LOW,50.01
10,28.0,2,12,2,1.7,LOW,34.98
7,21.8,1,3,3,6.1,LOW,38.9
20,69.1,2,21,2,4.9,MEDIUM,72.16
14,47.7,4,17,2,1.5,MEDIUM,68.0
23,82.7,5,11,1,5.6,HIGH,83.96
13,44.6,3,19,2,14.4,LOW,59.58
15,38.7,4,21,2,5.7,LOW,63.52
15,47.5,1,20,1,2.0,MEDIUM,46.65
20,77.5,5,18,3,9.3,HIGH,97.44
12,37.1,1,7,1,16.3,LOW,34.26
6,19.1,2,6,1,3.4,LOW,27.08
4,15.0,1,15,2,0.6,LOW,17.79
15,44.7,3,18,1,19.7,MEDIUM,64.87
9,26.3,1,5,1,9.2,LOW,31.15
24,93.1,1,19,1,38.1,HIGH,84.15
13,44.2,2,20,1,9.5,LOW,51.73
14,46.6,1,10,1,1.1,LOW,44.95
14,45.6,1,4,1,4.5,LOW,36.01
8,19.3,2,15,1,0.4,LOW,37.66
11,43.8,1,6,1,3.3,LOW,34.44
12,30.3,1,4,2,12.3,LOW,47.4
21,70.5,1,10,3,6.5,HIGH,71.34
10,21.1,1,14,2,4.9,LOW,32.05
8,23.7,2,2,2,15.1,LOW,37.9
9,16.7,3,4,1,1.6,LOW,36.81
14,42.8,2,22,2,6.2,LOW,40.62
22,80.2,1,20,2,8.3,HIGH,63.9
6,15.0,2,4,1,20.8,LOW,31.25
19,61.0,2,8,1,1.4,MEDIUM,55.07
13,49.5,2,14,1,9.8,MEDIUM,47.12
8,40.2,2,2,2,0.4,LOW,36.8
4,15.0,1,5,1,6.7,LOW,27.26
11,34.5,1,16,3,8.3,LOW,42.2
25,83.1,2,20,1,14.7,HIGH,80.89
10,29.8,1,7,1,3.1,LOW,30.89
18,59.8,2,20,2,9.5,MEDIUM,66.45
25,99.0,2,10,3,0.8,HIGH,81.62
14,53.3,4,5,1,2.0,MEDIUM,55.72
3,15.0,2,7,2,11.9,LOW,25.61
20,70.2,2,9,1,17.9,MEDIUM,64.67
6,21.1,2,23,2,0.1,LOW,27.61
13,45.0,1,2,2,1.5,LOW,41.22
6,30.2,2,22,3,1.9,LOW,39.2
4,15.0,2,13,1,5.9,LOW,23.57
7,22.5,3,22,1,1.3,LOW,30.16
14,41.3,3,13,2,29.9,LOW,64.0
14,48.4,1,9,1,3.9,MEDIUM,43.39
19,61.0,1,11,2,1.2,MEDIUM,52.84
14,46.6,2,5,2,11.9,LOW,47.45
15,45.2,2,11,1,6.6,MEDIUM,54.68
14,48.0,1,22,2,19.6,MEDIUM,51.28
5,15.0,2,13,1,21.9,LOW,35.84
6,15.0,2,1,3,15.5,LOW,38.73
13,51.8,2,8,2,6.6,MEDIUM,59.95
16,45.7,1,9,2,2.0,MEDIUM,57.1
6,15.7,2,16,1,4.5,LOW,29.92
11,39.7,3,16,3,5.3,LOW,48.5
6,26.4,5,2,2,29.7,LOW,60.85
23,78.0,4,18,1,2.3,HIGH,79.79
9,29.9,2,0,1,4.6,LOW,35.83
14,39.7,2,11,1,6.6,LOW,50.97
13,40.1,2,6,3,4.0,LOW,47.88
7,15.0,1,3,3,1.0,LOW,28.59
14,46.6,1,9,3,17.7,LOW,65.59
11,40.3,1,12,2,12.9,LOW,43.91
11,39.7,3,1,1,2.4,LOW,44.88
14,37.0,2,9,1,4.7,LOW,49.97
14,51.3,1,20,1,10.6,MEDIUM,55.74
15,58.7,3,21,1,29.1,MEDIUM,68.8
13,41.9,2,3,2,1.5,LOW,47.38
19,74.1,3,17,3,8.1,MEDIUM,87.87
14,44.9,2,4,3,13.6,LOW,56.87
12,31.5,1,18,1,0.2,LOW,35.97
9,29.7,1,1,2,13.3,LOW,32.42
17,56.0,3,11,2,12.5,MEDIUM,68.7
11,43.7,1,16,1,20.6,LOW,47.18
23,72.2,2,9,2,0.7,HIGH,74.87
11,39.8,2,1,1,1.1,LOW,37.56
9,20.3,4,5,3,5.8,LOW,52.88
7,20.5,2,7,2,16.4,LOW,42.28
12,38.5,2,18,2,16.6,LOW,55.67
24,78.6,2,10,1,9.6,HIGH,73.49
19,55.2,5,11,1,4.8,MEDIUM,85.53
23,74.9,2,8,1,2.1,HIGH,64.32
5,17.2,1,1,2,5.1,LOW,24.87
12,47.2,2,7,3,2.0,LOW,46.23
15,46.4,2,10,1,11.9,MEDIUM,58.84
24,75.5,1,20,2,4.4,HIGH,71.9
3,23.8,2,3,1,6.2,LOW,22.62
23,65.4,3,9,1,9.1,MEDIUM,73.29
20,63.4,2,20,2,6.0,MEDIUM,67.44
20,61.7,2,19,2,11.3,MEDIUM,73.89
3,15.0,2,15,1,12.3,LOW,24.08
13,43.6,3,7,1,2.2,LOW,46.6
11,43.9,2,3,1,2.8,LOW,41.84
15,57.2,2,9,1,0.5,MEDIUM,59.61
24,85.0,1,11,3,0.7,HIGH,74.39
10,41.1,1,13,2,14.2,LOW,32.64
5,15.6,5,15,1,1.9,LOW,34.59
22,74.8,3,21,1,14.4,HIGH,75.19
19,66.1,1,17,3,34.1,MEDIUM,72.4
18,68.8,2,20,2,2.2,MEDIUM,69.77
12,38.4,4,21,2,4.9,LOW,61.13
12,48.0,1,20,1,6.2,LOW,48.55
12,50.3,2,11,3,22.9,LOW,62.46
13,46.1,1,17,1,1.6,LOW,42.96
11,42.3,2,6,2,14.5,LOW,45.55
13,37.1,4,19,3,25.3,LOW,73.13
7,27.2,4,23,1,6.5,LOW,41.47
8,30.6,2,22,1,1.3,LOW,34.01
14,49.1,2,6,1,3.2,MEDIUM,44.73
18,66.4,2,8,1,25.6,MEDIUM,71.97
8,28.2,1,0,1,1.5,LOW,27.72
12,38.8,1,5,3,5.3,LOW,41.89
8,26.5,5,5,1,1.7,LOW,55.29
15,50.5,1,21,2,18.8,MEDIUM,55.94
14,47.5,2,11,3,7.1,MEDIUM,56.77
14,45.4,2,21,3,20.5,LOW,60.07
20,65.5,5,11,2,23.4,MEDIUM,92.23
23,82.0,3,9,1,5.4,HIGH,81.56
11,37.7,2,22,1,22.1,LOW,47.78
8,20.2,2,5,1,0.0,LOW,38.29
12,44.2,3,16,2,1.7,LOW,47.37
24,76.2,3,18,1,10.6,HIGH,75.47
17,69.1,4,17,1,6.0,MEDIUM,71.1
5,15.0,2,5,1,37.6,LOW,34.39
14,59.2,2,23,2,12.3,MEDIUM,56.76
18,63.9,3,18,1,8.7,MEDIUM,62.87
24,79.1,3,9,1,19.5,HIGH,84.15
11,32.7,1,23,1,3.3,LOW,29.48
7,27.3,1,7,2,1.5,LOW,26.75
20,65.8,5,20,2,6.3,MEDIUM,80.01
5,15.0,2,23,1,2.2,LOW,21.4
9,26.9,2,5,2,2.1,LOW,36.4
20,67.8,2,20,1,2.9,MEDIUM,66.76
5,17.4,2,6,1,9.0,LOW,22.87
10,41.3,3,23,1,0.2,LOW,46.92
8,25.8,2,0,2,15.2,LOW,38.88
13,47.6,2,17,2,7.6,LOW,54.39
8,24.6,1,23,1,2.9,LOW,27.07
24,76.1,4,19,2,1.0,HIGH,82.59
25,80.7,4,11,1,12.5,HIGH,94.64
9,15.0,3,15,3,4.6,LOW,41.53
15,51.1,3,9,2,4.6,MEDIUM,57.21
17,55.2,2,9,2,5.1,MEDIUM,68.24
5,15.6,4,13,2,4.3,LOW,46.8
21,68.1,3,19,3,5.8,MEDIUM,74.78
13,44.5,3,9,3,8.0,LOW,65.18
15,59.2,2,9,2,4.5,MEDIUM,66.69
13,48.1,2,10,1,28.8,LOW,62.66
8,22.0,3,22,1,4.1,LOW,38.15
4,22.4,2,1,1,1.9,LOW,29.34
25,99.0,2,19,2,31.3,HIGH,99.42
8,27.0,2,7,1,2.8,LOW,34.73
13,43.6,2,22,3,7.8,LOW,45.32
13,49.2,3,6,1,14.1,MEDIUM,49.87
8,31.1,1,7,2,0.0,LOW,28.2
14,45.1,3,0,1,2.7,LOW,55.41
19,61.6,1,20,2,6.1,MEDIUM,55.83
9,27.9,4,1,1,4.9,LOW,44.31
18,68.7,2,17,2,0.6,MEDIUM,67.6
14,45.5,3,14,1,4.7,LOW,47.59
8,27.2,2,0,1,0.9,LOW,29.19
11,43.3,1,4,3,2.3,LOW,33.8
10,41.6,2,1,1,11.1,LOW,39.0
14,42.2,4,19,1,1.6,LOW,56.22
13,36.8,1,2,1,8.8,LOW,38.42
13,46.2,2,18,3,28.9,LOW,62.55
17,58.4,2,17,1,2.3,MEDIUM,62.14
14,52.2,1,21,2,2.4,MEDIUM,45.41
15,42.4,4,17,1,24.5,LOW,69.88
7,21.8,2,13,1,8.8,LOW,29.15
9,31.9,3,23,3,11.8,LOW,47.56
3,15.0,1,7,1,12.5,LOW,32.34
16,57.4,1,11,2,10.5,MEDIUM,54.08
25,92.2,1,20,1,30.1,HIGH,86.33
18,55.4,2,9,1,2.6,MEDIUM,54.25
3,15.0,2,22,2,5.8,LOW,31.05
25,84.3,1,19,2,8.7,HIGH,76.25
12,37.1,3,16,2,9.8,LOW,52.28
20,65.3,2,10,2,1.7,MEDIUM,68.46
10,39.5,1,1,1,16.7,LOW,43.97
12,38.3,1,3,1,13.5,LOW,46.4
8,24.9,1,0,1,2.5,LOW,31.78
10,40.1,1,14,2,6.3,LOW,32.88
14,52.4,2,12,2,2.8,MEDIUM,52.67
4,15.0,4,7,1,3.6,LOW,33.79
14,58.7,4,3,1,6.1,MEDIUM,64.91
16,59.7,3,9,1,6.2,MEDIUM,55.27
16,63.7,2,18,3,6.1,MEDIUM,65.68
14,58.2,2,17,2,6.3,MEDIUM,52.62
4,15.0,5,4,1,8.1,LOW,43.92
23,74.1,3,18,1,0.1,HIGH,71.7
7,15.0,2,22,1,1.2,LOW,22.87
12,49.7,2,21,2,5.1,LOW,45.06
7,15.0,2,15,2,9.9,LOW,31.13
8,28.8,2,0,1,5.7,LOW,34.64
21,64.5,4,11,3,7.9,MEDIUM,85.18
9,29.9,1,23,2,28.2,LOW,42.35
10,33.9,1,1,1,10.5,LOW,33.15
18,72.0,2,20,2,22.5,MEDIUM,76.13
11,41.3,1,7,1,0.2,LOW,43.68
15,68.6,2,17,3,4.7,MEDIUM,65.38
7,25.0,3,15,1,3.5,LOW,31.57
5,18.8,2,4,1,9.8,LOW,23.72
20,61.5,3,21,2,21.2,MEDIUM,78.28
14,43.5,2,12,2,0.3,LOW,48.79
23,69.6,2,18,1,0.5,HIGH,64.91
7,23.5,2,2,3,8.9,LOW,34.66
11,32.7,1,7,1,3.4,LOW,28.72
23,75.8,2,11,1,1.8,HIGH,66.01
6,15.0,2,1,3,24.8,LOW,44.64
20,63.3,2,10,1,0.1,MEDIUM,60.24
13,44.3,1,11,1,2.6,LOW,46.38
15,39.1,2,17,2,3.2,LOW,52.11
14,58.5,3,12,1,12.2,MEDIUM,50.98
9,38.8,1,4,3,6.6,LOW,47.18
18,75.1,3,21,1,3.2,MEDIUM,66.59
16,48.5,4,11,2,1.5,MEDIUM,70.32
11,34.4,2,1,1,2.0,LOW,37.04
6,32.8,1,4,1,0.3,LOW,30.38
3,20.8,1,6,2,14.5,LOW,30.67
11,34.6,1,23,2,1.0,LOW,42.35
18,54.2,1,11,2,13.9,MEDIUM,61.61
13,55.4,3,15,1,1.2,MEDIUM,47.34
4,15.0,1,22,2,18.9,LOW,26.24
11,41.3,3,7,1,9.1,LOW,50.88
19,68.2,1,8,2,3.5,MEDIUM,55.69
5,15.1,1,14,2,4.0,LOW,21.44
13,36.6,1,4,1,2.7,LOW,33.46
3,16.7,1,12,2,1.9,LOW,15.68
5,15.0,1,4,1,19.4,LOW,26.8
17,48.8,2,10,2,1.6,MEDIUM,64.66
14,47.9,3,9,2,1.5,MEDIUM,60.35
21,63.2,1,19,1,3.6,MEDIUM,60.69
7,26.0,3,12,3,33.2,LOW,51.72
16,63.5,1,8,1,5.0,MEDIUM,59.04
21,77.7,1,20,3,3.5,HIGH,61.51
3,20.5,3,13,1,52.3,LOW,51.14
14,52.4,4,17,3,10.8,MEDIUM,72.66
9,28.8,3,14,1,23.1,LOW,46.17
14,39.6,1,9,1,2.3,LOW,47.65
12,33.8,5,23,3,11.2,LOW,65.91
5,21.2,3,6,1,17.7,LOW,37.41
3,15.0,2,7,1,6.0,LOW,24.2
3,15.0,5,2,2,4.4,LOW,39.9
13,43.0,3,14,2,2.8,LOW,56.27
13,48.2,3,15,2,6.7,LOW,55.3
7,21.1,3,3,1,1.7,LOW,36.57
14,58.4,2,20,2,4.5,MEDIUM,53.75
13,46.0,3,5,1,9.2,LOW,50.95
6,24.9,1,0,3,8.5,LOW,27.19
8,26.7,5,3,2,9.6,LOW,56.74
17,60.3,2,10,2,7.1,MEDIUM,59.36
12,31.7,3,11,1,0.0,LOW,50.91
7,23.6,2,4,3,0.2,LOW,37.06
10,29.4,3,22,2,6.9,LOW,44.58
12,55.9,2,20,3,27.0,MEDIUM,63.09
14,48.6,2,15,1,1.7,MEDIUM,43.89
10,32.9,3,12,2,10.1,LOW,44.49
6,22.8,1,12,2,4.5,LOW,17.96
13,46.1,2,16,1,1.2,LOW,49.97
7,23.8,2,6,1,0.3,LOW,27.28
5,21.0,2,7,1,10.0,LOW,29.14
13,47.7,2,12,1,1.2,LOW,38.86
6,20.9,1,22,1,2.8,LOW,21.1
11,46.5,1,15,1,4.1,LOW,29.57
7,15.0,3,3,2,9.8,LOW,36.97
6,17.8,4,7,2,3.9,LOW,38.18
6,18.0,3,15,1,3.9,LOW,25.53
18,61.0,1,20,2,12.6,MEDIUM,63.93
22,73.1,3,9,3,0.1,HIGH,79.54
12,37.6,2,11,1,11.2,LOW,45.6
21,78.8,3,11,1,5.9,HIGH,76.32
9,24.6,2,4,2,6.2,LOW,38.8
6,23.2,1,15,2,3.4,LOW,22.37
10,30.9,3,0,2,0.8,LOW,46.5
12,43.1,2,8,2,0.8,LOW,45.57
23,86.1,4,11,1,3.3,HIGH,94.08
11,18.3,3,4,2,10.2,LOW,52.77
20,63.0,2,21,1,17.8,MEDIUM,68.78
19,59.6,3,19,1,13.4,MEDIUM,72.94
19,63.6,2,21,1,12.8,MEDIUM,66.53
11,42.9,1,23,1,0.0,LOW,32.71
14,58.7,2,2,2,1.7,MEDIUM,47.68
4,19.0,1,4,2,23.2,LOW,30.83
7,22.9,1,1,3,16.3,LOW,36.13
8,24.1,1,13,1,1.1,LOW,22.87
5,26.1,1,1,3,8.1,LOW,28.9
4,15.0,1,12,2,4.5,LOW,19.83
3,15.0,3,6,1,0.1,LOW,33.15
18,68.4,1,9,3,12.9,MEDIUM,72.03
9,28.8,2,12,2,22.9,LOW,52.25
6,22.3,2,15,1,20.3,LOW,34.65
10,25.9,1,13,3,3.9,LOW,35.16
14,50.6,5,10,2,12.4,MEDIUM,74.05
17,58.2,2,9,2,5.5,MEDIUM,54.96
4,16.9,3,5,3,31.3,LOW,40.45
7,21.1,2,3,1,26.4,LOW,35.69
21,64.7,3,20,2,11.9,MEDIUM,75.98
12,47.4,5,0,2,5.1,LOW,59.51
4,20.4,2,6,1,18.6,LOW,36.88
4,17.0,2,23,1,2.0,LOW,24.87
12,43.2,2,8,2,1.9,LOW,52.65
8,15.0,5,7,1,6.5,LOW,50.89
7,31.0,1,4,2,13.7,LOW,37.68
25,87.8,3,18,3,0.5,HIGH,88.32
21,79.0,1,9,1,12.3,HIGH,70.64
21,64.3,4,10,1,23.9,MEDIUM,82.24
10,37.9,2,14,1,6.3,LOW,40.3
7,27.4,4,5,2,1.9,LOW,50.69
13,23.7,4,14,3,8.0,LOW,64.04
5,16.4,2,4,2,1.8,LOW,29.54
21,71.4,3,18,1,4.0,HIGH,73.18
22,69.0,3,21,2,9.6,HIGH,76.85
23,81.0,2,18,2,3.8,HIGH,70.18
23,79.6,2,9,1,5.3,HIGH,69.76
18,57.3,1,11,2,6.3,MEDIUM,66.0
19,61.4,2,21,1,3.3,MEDIUM,58.12
6,15.0,5,3,2,0.6,LOW,39.81
21,74.1,1,17,1,5.7,HIGH,55.2
8,29.1,3,15,1,5.4,LOW,35.51
10,33.2,1,7,3,4.4,LOW,44.14
9,28.9,2,3,2,1.6,LOW,38.7
6,24.9,1,22,1,0.4,LOW,27.29
20,68.9,2,11,3,14.0,MEDIUM,79.53
4,18.5,1,1,2,6.1,LOW,29.55
13,45.4,2,3,1,31.4,LOW,57.6
4,19.1,2,4,2,30.5,LOW,36.77
10,39.1,3,2,3,6.9,LOW,56.23
19,70.3,2,8,2,5.4,MEDIUM,74.92
12,37.2,4,20,1,1.7,LOW,56.57
13,48.3,3,17,2,3.8,LOW,58.51
19,64.6,1,10,2,12.3,MEDIUM,60.35
6,19.6,1,2,2,26.4,LOW,35.08
3,15.0,1,22,1,7.3,LOW,14.17
12,42.8,2,1,2,7.7,LOW,46.46
19,52.9,2,8,1,22.8,MEDIUM,66.2
12,42.9,4,13,2,1.1,LOW,56.73
13,46.2,2,3,3,7.6,LOW,47.16
19,71.0,3,8,1,7.0,MEDIUM,69.32
3,15.0,1,12,1,1.8,LOW,14.38
14,55.8,1,17,2,11.9,MEDIUM,44.19
14,45.2,3,14,2,1.0,LOW,48.84
14,44.5,1,9,1,0.5,LOW,40.74
6,30.0,4,15,2,5.3,LOW,37.92
22,71.4,1,11,3,2.9,HIGH,71.3
13,30.9,4,19,2,4.6,LOW,50.19
13,53.9,3,4,2,1.0,MEDIUM,41.67
7,34.0,2,1,1,4.8,LOW,33.97
25,84.1,4,9,3,4.6,HIGH,92.83
4,15.0,2,0,1,27.2,LOW,32.64
5,15.0,1,6,1,10.3,LOW,25.29
5,28.3,1,16,1,20.3,LOW,33.29
13,53.4,1,15,2,12.2,MEDIUM,50.62
11,34.1,2,23,3,12.4,LOW,42.75
5,17.9,4,2,1,16.1,LOW,42.9
12,51.6,1,13,2,2.4,MEDIUM,39.16
16,66.8,4,9,2,4.5,MEDIUM,74.72
15,53.5,4,21,2,16.6,MEDIUM,79.71
8,30.7,3,6,2,0.6,LOW,40.05
8,27.5,4,16,1,0.5,LOW,42.73
3,15.0,3,5,1,8.4,LOW,30.81
8,31.6,2,22,3,19.2,LOW,42.32
23,88.6,2,21,1,12.6,HIGH,75.94
8,22.7,2,3,1,12.8,LOW,36.56
12,42.9,1,16,2,3.6,LOW,42.82
19,66.4,1,8,3,7.2,MEDIUM,70.65
5,15.0,2,3,2,11.8,LOW,39.62
5,18.0,1,6,1,12.6,LOW,24.39
8,27.1,5,22,1,7.0,LOW,49.69
4,15.0,2,1,2,12.9,LOW,28.72
14,56.8,2,16,1,0.2,MEDIUM,46.6
7,22.2,1,23,1,22.9,LOW,32.31
12,36.3,2,7,1,16.4,LOW,47.98
5,22.0,2,22,2,0.4,LOW,25.59
7,26.4,1,14,1,4.3,LOW,15.82
5,18.4,5,14,1,20.2,LOW,42.21
4,18.7,1,7,1,5.8,LOW,16.31
6,20.5,3,15,1,0.8,LOW,38.3
13,43.2,1,18,1,27.2,LOW,58.59
21,67.7,4,10,2,3.6,MEDIUM,79.6
4,19.6,2,1,2,5.8,LOW,29.04
5,26.4,3,22,1,8.0,LOW,31.51
5,31.9,3,23,1,14.3,LOW,36.53
8,32.1,2,16,1,16.5,LOW,38.51
3,21.7,1,15,1,8.5,LOW,17.06
9,27.6,2,14,1,23.7,LOW,51.61
10,29.6,1,12,1,2.0,LOW,36.11
9,24.3,2,14,1,18.8,LOW,46.98
6,21.3,2,3,3,1.7,LOW,29.84
9,29.4,3,15,1,18.0,LOW,46.56
13,55.2,1,11,3,1.9,MEDIUM,58.91
10,32.4,1,3,1,10.2,LOW,28.75
12,39.7,5,2,1,13.6,LOW,61.98
15,56.8,4,21,2,4.0,MEDIUM,65.32
5,24.5,5,16,1,1.0,LOW,42.29
18,65.2,2,21,1,3.6,MEDIUM,68.93
18,66.7,1,17,3,0.5,MEDIUM,64.39
12,46.4,4,17,2,8.6,LOW,63.68
3,22.9,1,22,1,9.6,LOW,22.96
10,23.7,1,16,1,2.5,LOW,16.64
20,65.0,1,11,3,8.4,MEDIUM,65.59
6,30.5,3,22,3,0.5,LOW,37.97
22,75.2,1,20,1,0.3,HIGH,61.59
8,32.5,3,23,1,4.2,LOW,36.58
6,15.0,1,3,2,5.3,LOW,25.99
13,40.5,1,11,1,0.2,LOW,40.98
11,27.0,2,22,1,7.1,LOW,38.16
16,50.9,2,21,2,14.3,MEDIUM,63.45
20,66.4,5,20,1,4.2,MEDIUM,81.67
23,80.4,5,19,2,11.0,HIGH,90.66
4,21.9,1,14,3,1.3,LOW,21.18
8,32.0,4,22,2,6.0,LOW,48.61
8,31.4,3,15,1,12.5,LOW,34.47
13,41.8,2,4,1,9.2,LOW,42.74
23,71.5,3,20,1,12.1,HIGH,79.75
14,47.1,4,14,1,10.2,MEDIUM,56.55
11,32.7,1,16,1,1.0,LOW,32.46
14,42.3,1,17,1,0.9,LOW,43.99
12,32.5,2,4,1,29.7,LOW,54.59
14,48.2,1,12,1,5.3,MEDIUM,42.04
14,48.8,2,18,1,10.5,MEDIUM,57.25
13,51.8,2,12,2,9.2,MEDIUM,55.79
21,79.2,3,17,2,0.4,HIGH,73.37
8,31.2,2,13,1,5.5,LOW,34.7
10,51.2,1,3,2,5.9,LOW,36.43
10,30.5,3,3,2,13.2,LOW,51.08
19,62.7,2,19,1,26.2,MEDIUM,70.4
14,46.5,3,19,1,2.7,LOW,56.95
22,73.4,5,18,2,0.5,HIGH,89.57
9,21.0,5,12,1,5.2,LOW,46.11
21,68.0,3,11,1,0.2,MEDIUM,64.1
14,50.3,2,6,3,3.9,MEDIUM,47.19
18,68.1,1,11,1,2.6,MEDIUM,63.88
22,67.4,3,20,2,2.2,MEDIUM,72.53
5,15.0,5,3,1,0.0,LOW,44.41
7,18.2,1,1,1,2.3,LOW,17.68
6,23.5,1,1,1,3.1,LOW,23.36
12,35.5,3,4,2,19.4,LOW,58.17
5,15.0,1,22,1,0.7,LOW,20.51
16,46.3,1,9,1,11.7,MEDIUM,54.43
25,83.8,4,9,3,10.3,HIGH,94.0
21,71.7,1,8,1,3.2,HIGH,55.34
11,42.6,1,12,1,19.0,LOW,34.54
13,48.6,2,6,1,8.5,LOW,47.65
11,44.2,3,4,2,0.8,LOW,48.05
24,81.8,2,9,1,1.8,HIGH,76.74
12,36.0,2,9,1,4.1,LOW,40.78
7,25.8,2,5,1,27.4,LOW,36.2
12,33.2,2,18,1,2.5,LOW,45.85
23,81.4,1,20,2,4.5,HIGH,67.54
11,40.0,1,7,2,6.6,LOW,37.25
5,24.7,2,0,1,3.5,LOW,22.11
7,29.9,3,16,1,9.7,LOW,40.92
4,17.1,3,6,1,8.7,LOW,30.97
4,15.0,3,13,2,0.5,LOW,31.72
25,82.7,3,20,1,4.5,HIGH,84.28
12,44.9,1,20,1,12.2,LOW,41.76
8,36.3,4,16,3,8.2,LOW,53.63
23,82.6,4,8,1,4.9,HIGH,79.43
12,33.1,2,16,3,10.5,LOW,51.96
7,34.1,1,4,1,8.9,LOW,23.78
17,58.7,2,19,1,14.5,MEDIUM,61.48
7,27.2,2,7,1,0.4,LOW,34.62
4,17.5,1,5,1,6.1,LOW,15.53
19,61.1,2,10,1,8.6,MEDIUM,59.21
19,60.0,3,18,1,9.0,MEDIUM,74.02
10,35.9,3,3,3,20.5,LOW,53.2
25,80.4,1,17,1,4.2,HIGH,76.63
9,27.6,1,0,2,12.7,LOW,33.42
6,18.8,3,12,2,12.3,LOW,40.5
6,15.0,4,13,2,2.5,LOW,46.28
10,38.4,2,23,2,2.5,LOW,31.35
6,28.0,3,0,1,22.9,LOW,40.36
22,78.5,1,10,1,3.1,HIGH,65.37
11,25.8,2,16,1,4.3,LOW,45.36
10,36.8,5,3,1,7.4,LOW,55.89
20,75.0,3,11,1,3.0,HIGH,63.91
19,62.2,4,9,1,8.7,MEDIUM,77.04
8,29.4,2,5,3,2.7,LOW,46.21
11,41.1,3,0,3,6.0,LOW,48.5
7,19.1,1,6,1,6.6,LOW,28.52
24,76.7,1,20,1,12.9,HIGH,74.57
9,18.9,1,15,1,15.7,LOW,35.28
8,24.1,2,23,1,9.2,LOW,40.88
13,39.1,2,13,1,2.5,LOW,47.14
14,46.2,3,22,3,5.0,LOW,55.11
18,66.9,4,19,1,6.6,MEDIUM,69.14
18,66.1,2,19,1,2.8,MEDIUM,58.09
5,15.0,1,5,1,22.5,LOW,29.3
18,59.4,4,21,3,0.9,MEDIUM,77.92
13,45.0,2,4,3,14.3,LOW,53.25
6,15.0,3,23,2,4.4,LOW,41.2
17,57.5,4,20,1,23.3,MEDIUM,74.29
16,53.0,5,17,1,6.1,MEDIUM,76.41
4,15.0,2,14,1,10.5,LOW,33.79
11,39.4,3,5,1,10.6,LOW,49.33
18,54.4,2,18,2,9.6,MEDIUM,62.49
10,37.0,2,0,1,0.4,LOW,38.58
6,21.5,2,0,1,7.8,LOW,30.95
13,53.2,2,12,2,18.0,MEDIUM,61.53
8,27.3,2,2,1,14.8,LOW,29.03
14,56.1,3,9,2,19.7,MEDIUM,64.19
16,63.5,1,20,1,4.7,MEDIUM,55.02
4,15.9,2,2,1,4.8,LOW,22.94
19,64.1,3,8,1,13.2,MEDIUM,69.5
8,23.1,4,7,3,2.9,LOW,46.15
7,25.6,2,2,1,11.6,LOW,24.55
4,24.4,4,12,1,5.6,LOW,43.07
12,42.7,4,5,1,2.5,LOW,50.81
3,15.0,2,12,2,8.3,LOW,26.03
9,39.9,3,22,2,2.8,LOW,40.51
25,96.1,2,19,1,8.9,HIGH,88.0
22,74.8,5,19,1,6.7,HIGH,79.61
15,53.6,3,11,3,10.2,MEDIUM,58.87
7,18.7,2,12,2,7.3,LOW,31.17
3,15.0,2,1,2,11.4,LOW,28.27
12,44.1,2,20,1,44.6,LOW,65.81
14,47.6,1,23,1,5.0,MEDIUM,37.46
6,16.7,3,22,2,7.3,LOW,31.26
3,15.0,1,15,2,0.9,LOW,20.78
12,46.5,2,22,2,24.0,LOW,48.26
4,16.3,3,5,1,7.3,LOW,28.95
19,65.1,4,18,2,0.9,MEDIUM,75.13
16,46.5,3,20,2,4.1,MEDIUM,60.63
3,15.0,3,12,3,0.7,LOW,40.47
12,38.8,4,16,1,5.5,LOW,55.85
6,15.0,2,22,2,2.6,LOW,29.63
13,50.2,3,8,2,3.3,MEDIUM,57.09
7,28.3,1,16,3,0.6,LOW,25.32
12,42.0,3,1,2,11.5,LOW,63.29
21,62.3,1,18,3,14.7,MEDIUM,68.69
23,83.6,4,18,3,1.2,HIGH,84.29
4,15.0,2,23,1,11.1,LOW,28.82
6,21.4,1,6,2,1.1,LOW,21.49
14,48.7,1,21,2,0.7,MEDIUM,51.0
15,46.5,1,9,1,1.0,MEDIUM,47.67
17,58.0,2,9,1,0.3,MEDIUM,51.28
17,64.5,2,19,1,3.8,MEDIUM,63.6
14,38.5,4,8,2,24.4,LOW,75.78
5,23.0,2,16,1,18.4,LOW,34.19
14,50.0,1,14,3,3.2,MEDIUM,45.37
14,51.2,3,1,2,12.7,MEDIUM,50.53
6,19.4,1,3,2,13.9,LOW,29.87
21,70.5,4,18,1,1.3,HIGH,71.79
14,39.8,2,16,1,2.1,LOW,46.51
12,38.7,2,4,1,9.4,LOW,48.25
7,25.7,1,6,1,2.5,LOW,31.27
18,70.2,1,17,2,22.3,MEDIUM,71.86
24,83.2,3,20,2,2.1,HIGH,90.89
24,73.5,2,21,1,12.8,HIGH,72.53
10,33.8,5,6,2,11.4,LOW,56.08
3,15.0,2,16,1,5.6,LOW,24.72
4,15.0,3,6,1,2.4,LOW,28.25
3,15.0,5,3,2,0.3,LOW,37.32
8,39.1,1,7,1,14.1,LOW,39.68
6,22.7,3,12,2,3.8,LOW,32.02
12,43.0,1,3,2,3.3,LOW,42.99
3,15.0,3,5,2,0.4,LOW,30.65
9,27.0,3,4,1,1.3,LOW,32.44
14,56.7,2,11,1,3.7,MEDIUM,54.89
7,26.1,1,3,1,9.4,LOW,21.55
9,29.2,2,23,3,1.9,LOW,38.73
23,81.8,4,8,1,1.4,HIGH,81.48
6,28.8,4,3,1,2.4,LOW,39.94
23,80.3,3,18,3,2.7,HIGH,84.51
7,23.9,1,23,2,4.2,LOW,24.55
10,34.3,4,13,2,3.6,LOW,44.0
6,24.9,4,4,3,0.6,LOW,42.82
22,77.7,2,17,1,7.7,HIGH,66.15
13,45.7,1,9,1,1.1,LOW,40.79
23,77.2,4,18,1,16.2,HIGH,85.7
24,83.5,4,11,1,15.7,HIGH,89.1
20,59.6,1,17,2,0.6,MEDIUM,57.91
10,41.7,5,16,1,4.3,LOW,53.88
6,20.9,2,23,2,5.2,LOW,36.24
13,37.9,5,10,1,43.9,LOW,84.62
9,28.8,2,2,1,2.3,LOW,31.41
8,32.0,2,22,2,8.1,LOW,40.83
3,19.5,1,16,1,4.9,LOW,24.37
11,40.6,4,0,2,11.7,LOW,60.43
7,27.8,2,14,3,2.3,LOW,32.94
24,79.5,3,8,2,9.1,HIGH,82.03
13,55.8,1,14,1,1.1,MEDIUM,41.73
4,15.0,3,23,3,0.1,LOW,31.68
7,24.3,2,2,1,0.1,LOW,37.88
15,51.6,1,21,2,5.4,MEDIUM,59.5
13,54.0,1,18,1,11.8,MEDIUM,47.31
10,36.2,1,12,1,6.9,LOW,33.56
12,46.0,3,11,3,0.3,LOW,55.4
14,44.5,2,19,1,6.4,LOW,58.5
12,43.6,1,0,2,1.0,LOW,36.73
15,48.1,1,20,1,26.9,MEDIUM,61.91
4,15.0,2,16,2,3.5,LOW,26.04
11,41.5,1,12,3,5.6,LOW,43.83
3,15.0,2,0,1,3.3,LOW,25.92
19,60.9,3,9,2,5.0,MEDIUM,76.11
4,21.1,2,14,2,25.4,LOW,39.08
8,22.5,2,6,3,2.4,LOW,38.26
22,86.4,2,21,1,10.1,HIGH,75.06
13,50.6,1,17,2,11.3,MEDIUM,52.61
3,20.6,3,15,1,1.7,LOW,31.82
10,29.9,4,13,1,10.4,LOW,44.03
20,72.2,2,17,1,8.4,MEDIUM,66.54
6,21.7,2,6,2,2.8,LOW,27.63
9,36.2,2,16,3,5.9,LOW,39.65
12,37.5,4,17,1,7.1,LOW,63.13
20,74.6,3,11,2,14.5,HIGH,74.96
4,17.4,4,7,2,1.1,LOW,37.2
19,63.7,2,21,1,28.6,MEDIUM,69.5
3,15.0,3,1,3,11.7,LOW,37.77
5,23.1,3,6,1,6.1,LOW,33.1
6,19.6,2,3,1,12.0,LOW,28.67
14,42.8,2,17,1,10.6,LOW,57.92
10,31.3,2,5,3,4.9,LOW,39.18
17,61.6,3,8,3,3.3,MEDIUM,66.98
15,50.1,4,8,1,35.8,MEDIUM,72.01
14,48.5,1,13,1,17.3,MEDIUM,45.56
9,32.3,2,7,1,24.1,LOW,39.2
23,72.3,4,18,2,0.4,HIGH,85.11
9,34.1,1,2,2,13.5,LOW,44.94
18,65.0,2,17,3,17.7,MEDIUM,81.13
14,60.3,1,4,2,5.2,MEDIUM,52.23
13,48.2,1,13,3,17.7,LOW,47.45
13,46.3,4,3,2,0.9,LOW,55.52
5,15.0,2,6,1,0.5,LOW,22.16
15,55.0,3,19,2,2.8,MEDIUM,58.21
17,68.9,1,11,1,0.2,MEDIUM,53.18
7,20.6,1,1,1,9.2,LOW,26.92
17,48.9,4,10,1,20.9,MEDIUM,73.06
11,33.2,2,13,2,2.8,LOW,42.03
22,79.3,1,21,2,8.6,HIGH,69.3
8,24.9,5,22,2,5.0,LOW,48.87
14,43.1,2,15,1,2.4,LOW,45.09
25,86.8,2,19,2,20.1,HIGH,89.76
5,18.4,2,5,1,25.3,LOW,37.28
8,35.6,1,22,2,1.2,LOW,30.43
11,34.9,2,3,1,11.7,LOW,42.92
7,24.5,2,14,2,1.7,LOW,40.2
14,35.1,1,23,2,5.4,LOW,37.88
9,27.4,3,0,2,3.6,LOW,42.97
9,32.4,2,6,2,2.2,LOW,39.66
13,42.6,3,11,2,9.0,LOW,56.39
18,47.8,1,9,1,15.5,MEDIUM,56.72
4,17.3,4,4,2,12.2,LOW,42.11
19,67.7,4,11,1,10.2,MEDIUM,72.07
22,69.3,1,17,1,0.5,HIGH,60.17
15,55.2,4,9,1,0.8,MEDIUM,57.62
3,15.0,2,5,3,5.0,LOW,34.55
19,60.2,3,11,1,6.5,MEDIUM,60.43
12,49.2,3,6,1,10.3,LOW,49.35
20,75.8,1,17,3,3.5,HIGH,58.79
4,17.7,1,1,2,0.2,LOW,27.69
17,54.1,1,9,1,0.3,MEDIUM,56.88
3,15.0,2,14,3,15.4,LOW,40.62
24,84.6,2,11,1,1.1,HIGH,72.02
3,15.0,2,16,2,22.1,LOW,38.79
14,41.3,1,3,2,3.2,LOW,39.64
14,54.1,3,6,2,7.0,MEDIUM,58.26
16,38.9,1,8,2,1.5,LOW,50.51
25,85.5,2,18,1,4.8,HIGH,76.99
7,23.5,1,22,1,16.7,LOW,27.13
7,19.0,3,6,2,33.1,LOW,52.84
5,17.0,4,22,1,11.6,LOW,40.81
4,15.0,1,1,3,11.6,LOW,26.42
8,28.1,3,5,1,17.3,LOW,48.48
12,40.0,4,17,1,2.2,LOW,52.28
12,44.2,5,5,2,10.7,LOW,59.37
14,52.0,2,12,1,6.5,MEDIUM,44.56
19,59.5,2,18,1,2.4,MEDIUM,56.59
8,33.2,2,1,1,0.5,LOW,30.11
20,66.9,2,11,3,1.8,MEDIUM,70.68
4,15.0,2,14,1,8.4,LOW,22.84
12,38.1,2,13,1,6.7,LOW,44.48
12,40.5,3,5,1,0.6,LOW,50.25
15,42.3,1,17,1,6.6,LOW,54.84
8,26.5,1,4,1,4.0,LOW,20.55
12,38.8,5,17,2,0.1,LOW,66.85
9,32.6,5,2,3,19.2,LOW,64.82
13,41.6,3,2,1,2.4,LOW,45.61
16,53.6,1,21,2,6.4,MEDIUM,53.89
16,60.2,5,21,3,7.1,MEDIUM,79.56
16,56.2,1,9,1,5.5,MEDIUM,55.97
23,79.9,3,18,1,2.2,HIGH,79.77
8,25.2,1,2,3,4.2,LOW,37.34
12,34.9,2,11,2,2.7,LOW,45.41
12,44.2,3,15,1,4.5,LOW,47.21
3,15.0,4,16,1,0.7,LOW,36.54
13,53.7,3,6,1,1.5,MEDIUM,49.8
8,20.8,4,12,1,1.2,LOW,45.53
14,46.2,2,23,2,7.2,LOW,48.69
13,50.2,3,1,2,8.5,MEDIUM,60.26
3,15.0,2,3,2,19.6,LOW,30.28
23,80.5,1,9,1,2.4,HIGH,58.91
12,41.7,3,6,1,4.0,LOW,48.53
6,15.0,4,23,1,7.8,LOW,39.02
5,15.0,1,16,2,28.5,LOW,25.08
25,83.4,1,19,2,4.0,HIGH,71.45
6,19.8,1,5,1,2.7,LOW,25.62
17,62.2,4,18,1,3.9,MEDIUM,68.48
11,37.9,1,4,2,3.0,LOW,41.61
17,57.0,1,9,2,0.7,MEDIUM,52.22
17,55.4,1,8,1,3.4,MEDIUM,50.61
6,25.3,1,12,1,7.0,LOW,19.2
15,47.0,3,18,1,1.6,MEDIUM,63.92
17,50.9,5,20,2,14.3,MEDIUM,87.58
12,39.8,2,23,2,10.6,LOW,53.18
5,22.0,1,5,2,6.5,LOW,27.88
6,16.8,4,3,3,10.7,LOW,41.01
6,21.7,4,23,3,3.0,LOW,44.2
11,31.8,2,2,1,1.8,LOW,30.19
8,22.7,1,2,1,14.8,LOW,33.97
5,25.7,5,3,1,13.7,LOW,44.96
9,18.2,3,4,1,10.7,LOW,38.71
13,39.7,4,7,2,2.4,LOW,51.18
6,15.0,2,15,3,3.4,LOW,37.65
17,53.0,2,21,2,3.8,MEDIUM,59.67
4,18.5,3,2,1,1.6,LOW,35.82
9,39.6,4,23,1,11.4,LOW,51.87
20,60.5,5,11,1,1.6,MEDIUM,84.69
14,51.9,1,7,2,2.0,MEDIUM,46.93
9,22.6,2,12,1,0.4,LOW,34.4
8,23.3,2,3,1,8.7,LOW,30.68
6,22.0,3,13,1,21.2,LOW,35.51
11,26.8,3,13,3,5.3,LOW,42.69
3,15.0,4,12,2,18.2,LOW,42.32
7,23.3,2,5,3,14.7,LOW,38.06
13,31.7,1,16,2,12.7,LOW,44.76
3,15.0,1,3,2,1.5,LOW,22.22
13,41.1,1,7,1,3.8,LOW,37.26
12,36.4,2,16,1,8.7,LOW,36.43
13,41.0,4,2,2,3.4,LOW,61.77
3,15.0,2,16,3,9.9,LOW,26.2
13,45.4,2,8,1,2.7,LOW,53.71
8,34.8,4,1,1,4.0,LOW,51.29
13,42.7,4,12,2,10.5,LOW,59.28
16,45.3,2,19,1,1.0,MEDIUM,48.5
12,28.1,1,1,2,12.4,LOW,38.38
15,59.0,1,19,1,10.0,MEDIUM,64.95
16,54.0,2,10,1,4.8,MEDIUM,58.74
22,76.6,3,21,1,4.6,HIGH,75.99
6,25.3,3,14,2,19.0,LOW,42.99
19,65.8,2,10,2,10.1,MEDIUM,68.77
4,20.8,4,22,1,7.7,LOW,37.01
9,35.1,3,2,3,16.0,LOW,50.63
6,26.3,5,2,1,3.2,LOW,48.08
19,59.7,4,11,1,2.7,MEDIUM,76.35
13,48.8,1,23,2,1.9,LOW,36.95
8,29.8,1,4,1,5.9,LOW,35.8
24,75.8,2,19,2,35.4,HIGH,95.67
13,53.7,2,6,3,21.1,MEDIUM,59.61
10,33.4,2,6,2,4.9,LOW,49.6
8,16.6,1,12,2,0.9,LOW,22.83
16,58.7,4,8,2,16.6,MEDIUM,76.26
25,88.0,2,20,1,20.5,HIGH,90.0
8,25.5,4,12,1,1.5,LOW,41.07
12,44.3,2,11,1,17.2,LOW,50.65
7,18.8,1,12,3,4.7,LOW,30.71
5,19.8,1,23,1,0.1,LOW,23.2
14,52.1,1,9,1,22.9,MEDIUM,56.55
12,42.9,1,0,3,0.3,LOW,45.73
11,37.5,3,7,2,0.3,LOW,47.79
19,63.7,1,21,3,26.5,MEDIUM,65.41
11,46.0,3,15,2,1.9,LOW,46.59
4,15.0,1,12,1,6.5,LOW,21.77
13,44.8,1,2,2,22.9,LOW,48.31
3,15.0,3,2,1,22.5,LOW,32.69
6,22.4,2,23,1,1.5,LOW,29.74
7,31.4,2,4,2,5.8,LOW,42.78
22,82.1,2,10,2,0.1,HIGH,73.76
9,34.6,1,6,3,0.8,LOW,37.06
17,59.3,2,20,3,23.7,MEDIUM,73.53
14,50.0,2,23,3,4.3,MEDIUM,54.38
12,49.3,1,9,1,1.3,LOW,39.39
14,41.1,2,9,2,8.0,LOW,57.82
14,45.8,4,19,2,1.5,LOW,64.25
10,29.9,1,1,3,31.4,LOW,50.31
14,51.6,4,2,1,8.9,MEDIUM,62.91
3,15.0,1,7,1,3.7,LOW,12.47
24,72.1,3,10,3,3.8,HIGH,81.45
5,15.0,3,12,1,19.9,LOW,39.92
4,15.0,1,6,2,18.0,LOW,29.88
10,36.8,5,12,1,24.0,LOW,57.2
8,26.2,2,1,1,4.8,LOW,30.21
14,41.9,1,5,2,15.2,LOW,46.94
23,86.8,2,8,1,5.3,HIGH,77.06
22,77.9,5,19,2,8.0,HIGH,93.15
8,29.9,4,1,1,5.7,LOW,50.0
21,73.1,1,17,1,7.5,HIGH,67.25
7,17.1,2,15,1,5.7,LOW,38.18
19,65.3,1,11,2,1.3,MEDIUM,58.43
13,30.4,2,6,1,0.9,LOW,44.13
12,43.3,2,6,2,22.7,LOW,47.39
11,17.6,2,16,2,5.7,LOW,40.49
8,22.6,2,12,2,22.8,LOW,43.22
24,81.8,4,10,2,9.3,HIGH,88.72
13,45.8,2,5,1,0.7,LOW,42.11
9,23.0,3,22,1,1.8,LOW,37.05
3,15.0,2,13,2,11.7,LOW,30.21
9,22.9,5,5,1,1.6,LOW,46.97
3,17.1,1,5,3,0.1,LOW,25.3
11,33.2,2,1,2,0.9,LOW,34.58
20,67.6,3,21,1,5.2,MEDIUM,72.05
22,76.1,3,19,2,1.4,HIGH,77.93
9,34.6,1,14,3,0.4,LOW,33.8
3,15.0,2,16,1,10.9,LOW,27.83
4,17.1,2,7,2,28.6,LOW,32.02
12,33.8,2,4,1,30.7,LOW,51.56
5,19.5,3,16,2,18.4,LOW,39.42
23,69.9,2,19,3,0.2,HIGH,76.79
11,39.8,2,0,2,2.2,LOW,43.86
12,48.4,1,21,2,1.2,LOW,47.29
25,78.4,1,17,3,8.2,HIGH,79.56
14,39.0,3,14,2,15.2,LOW,49.6
8,37.2,2,4,2,6.8,LOW,40.44
4,15.0,2,6,2,3.4,LOW,31.91
12,44.3,2,17,2,19.4,LOW,58.57
14,37.9,1,5,2,5.6,LOW,41.57
12,46.3,2,21,3,1.5,LOW,53.09
25,91.4,1,20,2,6.1,HIGH,75.3
11,46.9,3,4,2,0.1,LOW,48.02
25,95.7,5,18,1,0.3,HIGH,90.74
13,38.7,4,9,2,7.9,LOW,71.23
11,44.8,2,14,2,10.3,LOW,46.15
18,64.2,2,9,2,1.2,MEDIUM,66.01
5,16.7,4,15,1,6.1,LOW,36.65
12,42.3,2,11,3,11.8,LOW,56.45
23,90.6,2,17,1,17.1,HIGH,83.26
4,15.0,2,22,1,5.1,LOW,25.72
13,45.3,3,0,2,1.0,LOW,50.71
12,47.7,2,15,2,0.6,LOW,43.19
23,80.1,3,21,1,15.5,HIGH,83.2
6,15.0,3,5,2,0.6,LOW,33.95
8,27.8,3,2,1,13.6,LOW,39.28
5,15.0,2,1,1,4.6,LOW,27.71
11,35.0,3,1,1,4.6,LOW,46.63
7,16.4,1,12,3,5.8,LOW,34.29
25,81.2,4,8,1,1.2,HIGH,85.89
9,36.7,1,15,1,10.9,LOW,33.69
11,34.3,2,4,2,2.9,LOW,36.44
3,15.0,3,22,1,7.3,LOW,27.29
16,64.2,2,20,2,0.0,MEDIUM,61.07
4,15.4,2,6,3,2.6,LOW,26.33
5,16.7,1,12,2,0.3,LOW,13.1
19,62.8,5,19,1,3.0,MEDIUM,81.14
7,26.0,1,23,2,1.1,LOW,27.23
12,48.7,1,12,2,0.6,LOW,38.53
14,41.9,3,6,1,15.1,LOW,52.61
23,80.5,2,9,1,3.6,HIGH,72.68
7,16.1,3,14,1,14.0,LOW,38.22
19,53.6,3,20,1,17.9,MEDIUM,69.96
7,25.6,4,5,3,5.6,LOW,51.92
14,48.5,4,4,2,6.7,MEDIUM,55.28
7,15.0,3,22,1,8.3,LOW,28.32
12,35.4,1,1,1,8.3,LOW,40.86
24,78.2,2,20,3,6.0,HIGH,80.45
12,43.4,2,14,1,7.2,LOW,40.4
7,32.4,2,15,2,4.7,LOW,32.21
13,36.5,1,18,1,19.8,LOW,49.77
12,39.3,2,8,3,10.2,LOW,56.54
22,85.1,4,21,2,3.0,HIGH,88.32
23,85.8,2,18,1,3.3,HIGH,75.27
12,27.0,3,6,1,4.9,LOW,42.49
13,42.0,2,3,2,0.3,LOW,44.19
10,36.4,2,2,3,38.0,LOW,60.43
5,21.4,2,23,1,5.0,LOW,33.49
21,78.1,1,19,2,11.9,HIGH,70.72
17,47.4,2,10,1,1.4,MEDIUM,56.08
10,35.2,3,0,3,7.5,LOW,47.66
13,45.6,3,5,2,3.8,LOW,51.34
17,64.6,2,10,1,17.7,MEDIUM,67.47
8,30.2,1,0,1,21.6,LOW,36.11
19,67.4,3,20,1,7.8,MEDIUM,70.4
13,46.4,1,6,2,0.5,LOW,34.9
5,17.0,1,5,1,5.0,LOW,21.82
11,44.5,2,13,1,0.1,LOW,44.12
5,15.0,3,1,3,5.8,LOW,42.69
7,31.2,3,3,1,5.6,LOW,43.19
23,77.0,5,10,2,4.3,HIGH,84.84
3,15.0,1,14,1,3.3,LOW,21.13
13,43.0,1,17,1,6.9,LOW,48.68
11,36.3,2,0,1,1.6,LOW,46.0
9,41.4,3,2,2,0.2,LOW,45.16
13,36.9,1,2,2,12.4,LOW,44.71
14,39.8,2,6,3,12.3,LOW,54.49
3,15.0,2,0,1,6.9,LOW,32.95
14,46.2,3,10,1,14.2,LOW,60.57
9,25.9,1,5,3,5.8,LOW,39.47
13,29.8,5,19,1,0.1,LOW,58.78
7,19.7,2,2,1,1.3,LOW,28.2
13,37.2,1,18,1,4.9,LOW,42.75
5,23.0,1,1,2,15.9,LOW,27.29
17,61.6,1,17,2,2.0,MEDIUM,60.12
14,49.7,3,11,1,0.3,MEDIUM,61.64
19,54.2,3,9,1,4.3,MEDIUM,70.82
4,22.1,1,4,2,0.6,LOW,22.76
14,42.7,2,8,3,6.4,LOW,62.98
9,35.5,3,1,1,0.5,LOW,34.63
12,44.4,2,1,3,0.1,LOW,51.45
12,35.9,2,5,1,23.0,LOW,53.79
18,63.2,2,9,1,8.8,MEDIUM,67.33
12,41.4,2,17,1,1.0,LOW,48.55
13,50.6,2,11,1,6.5,MEDIUM,55.91
10,30.0,1,3,1,2.4,LOW,31.27
19,65.6,2,21,3,11.5,MEDIUM,73.6
21,65.3,4,20,1,13.5,MEDIUM,80.24
3,17.6,1,16,1,5.7,LOW,18.3
3,15.0,1,14,1,4.2,LOW,14.25
13,38.6,3,5,2,3.1,LOW,44.47
10,37.7,1,15,3,0.3,LOW,44.89
9,37.0,1,16,1,6.6,LOW,29.52
4,15.0,2,2,1,5.7,LOW,22.01
15,63.5,4,9,1,1.9,MEDIUM,71.18
12,49.9,1,4,1,6.1,LOW,49.35
9,30.9,4,13,1,5.0,LOW,50.89
23,75.6,3,20,2,2.4,HIGH,80.52
13,36.3,3,12,2,10.9,LOW,49.86
3,15.0,3,5,2,2.3,LOW,36.03
23,66.9,1,11,1,4.8,HIGH,64.76
5,20.6,1,7,1,6.1,LOW,15.84
12,40.4,2,4,2,13.3,LOW,47.1
4,15.0,1,14,2,4.4,LOW,26.05
8,15.0,5,15,1,1.9,LOW,41.61
12,44.0,2,0,2,0.1,LOW,46.58
6,20.1,2,15,1,2.3,LOW,23.67
4,15.0,3,4,1,11.1,LOW,29.39
4,15.0,5,2,1,13.7,LOW,47.36
17,63.9,5,19,3,7.3,MEDIUM,79.86
11,27.6,3,14,1,23.7,LOW,54.39
8,41.3,2,12,3,5.9,LOW,35.46
6,15.0,1,23,1,5.2,LOW,20.65
14,46.2,1,15,1,14.3,LOW,48.24
11,21.1,1,22,2,1.5,LOW,40.19
14,48.5,1,10,1,0.1,MEDIUM,49.88
19,62.7,4,20,1,17.1,MEDIUM,78.33
9,30.5,4,1,1,6.1,LOW,50.44
17,60.0,3,21,3,10.9,MEDIUM,72.93
6,17.3,3,5,2,7.9,LOW,41.7
9,39.9,2,5,1,8.7,LOW,42.87
11,34.3,1,13,1,7.1,LOW,44.13
25,88.2,4,10,2,10.3,HIGH,96.0
13,38.9,1,7,1,1.0,LOW,33.93
4,19.7,3,7,1,2.3,LOW,30.81
10,27.7,1,0,1,5.2,LOW,28.0
25,83.5,4,20,2,10.1,HIGH,87.95
13,40.4,3,6,1,3.0,LOW,46.99
13,46.0,2,5,2,13.2,LOW,51.56
25,79.7,1,20,2,0.5,HIGH,69.37
12,36.6,2,7,3,12.5,LOW,43.36
14,46.5,2,18,2,9.6,LOW,51.19
25,82.3,1,21,1,0.5,HIGH,70.47
22,74.9,4,20,2,0.3,HIGH,75.61
3,15.0,3,23,3,14.7,LOW,41.16
18,56.7,2,19,1,1.3,MEDIUM,64.54
7,23.6,2,7,1,2.3,LOW,27.88
9,38.9,3,13,1,18.1,LOW,47.09
12,38.9,1,17,3,3.4,LOW,50.25
9,34.9,1,15,1,6.0,LOW,30.33
19,67.0,1,8,1,0.3,MEDIUM,53.11
12,35.9,1,14,2,6.7,LOW,37.78
18,65.5,2,9,2,10.0,MEDIUM,65.72
15,50.4,1,21,1,6.7,MEDIUM,52.71
9,36.6,3,15,2,13.2,LOW,45.23
3,25.7,3,3,2,12.0,LOW,40.21
22,75.0,2,19,1,5.2,HIGH,73.36
9,37.8,2,12,2,8.3,LOW,37.39
22,81.0,4,21,2,2.6,HIGH,87.46
11,34.8,3,4,3,3.6,LOW,40.53
18,58.4,1,21,2,7.8,MEDIUM,55.87
8,19.3,2,6,3,8.6,LOW,33.07
8,34.1,1,22,1,0.7,LOW,32.59
17,52.4,2,8,1,13.7,MEDIUM,63.43
14,44.1,5,7,1,8.1,LOW,61.29
6,31.8,1,15,1,3.2,LOW,28.35
11,34.3,3,5,3,2.1,LOW,48.3
13,54.0,1,15,1,7.4,MEDIUM,51.33
13,55.9,4,5,1,9.5,MEDIUM,63.75
10,28.7,2,13,1,21.1,LOW,49.58
21,75.8,2,20,1,1.6,HIGH,62.77
13,47.0,2,0,1,5.6,LOW,52.97
24,86.4,2,8,1,24.8,HIGH,81.59
9,37.6,2,23,2,19.2,LOW,39.21
5,15.0,2,12,1,5.2,LOW,24.25
22,78.3,2,18,2,6.4,HIGH,77.95
10,38.2,2,16,2,19.9,LOW,47.17
19,61.7,2,10,2,0.3,MEDIUM,64.01
14,53.3,3,7,1,29.9,MEDIUM,60.02
7,31.2,1,22,3,30.2,LOW,44.73
10,31.1,3,4,2,23.1,LOW,54.77
16,46.6,4,9,1,26.9,MEDIUM,74.93
7,35.0,3,6,1,2.9,LOW,37.12
22,69.9,1,9,1,0.3,HIGH,61.53
7,15.8,2,3,2,2.7,LOW,30.85
16,55.6,2,8,2,3.4,MEDIUM,64.26
11,23.8,2,13,1,3.5,LOW,40.55
8,27.7,2,1,1,9.1,LOW,40.53
14,52.6,2,8,3,15.9,MEDIUM,62.31
15,47.7,1,20,3,2.0,MEDIUM,47.73
5,20.2,1,0,2,4.7,LOW,22.28
10,36.9,1,22,2,3.8,LOW,33.06
24,84.6,2,9,2,11.6,HIGH,75.05
16,52.0,1,9,2,3.1,MEDIUM,53.91
23,78.4,1,19,1,0.5,HIGH,66.88
13,45.3,1,21,1,3.2,LOW,39.41
10,34.4,4,2,2,3.5,LOW,44.84
4,15.0,3,5,1,13.8,LOW,32.0
13,55.0,2,5,1,6.4,MEDIUM,52.1
16,56.3,4,20,2,5.9,MEDIUM,63.2
11,39.9,1,1,2,7.3,LOW,42.27
25,77.7,2,17,3,6.6,HIGH,81.97
10,47.8,1,22,1,9.2,LOW,25.47
14,52.9,3,1,3,18.7,MEDIUM,62.27
12,42.8,1,11,1,16.7,LOW,45.6
20,78.3,1,21,2,5.5,HIGH,67.88
4,15.0,1,4,1,15.0,LOW,21.58
20,61.4,4,19,1,15.9,MEDIUM,77.44
5,23.3,1,6,1,12.5,LOW,22.48
6,27.9,2,23,2,0.3,LOW,33.97
14,36.5,2,15,1,8.7,LOW,39.19
14,41.7,3,19,2,3.0,LOW,55.93
3,15.0,2,0,1,16.5,LOW,25.77
14,53.4,2,0,1,2.7,MEDIUM,45.07
12,41.4,2,16,2,20.1,LOW,46.39
3,15.0,2,0,3,7.6,LOW,28.88
16,48.2,1,20,1,8.3,MEDIUM,49.46
12,42.4,2,19,2,17.5,LOW,53.22
12,31.5,4,12,3,33.8,LOW,68.38
17,62.8,3,8,2,3.0,MEDIUM,68.71
13,55.0,5,14,2,0.7,MEDIUM,60.3
10,20.4,3,2,1,10.3,LOW,37.69
10,42.3,2,13,1,0.6,LOW,34.14
4,15.0,3,22,1,6.1,LOW,30.08
16,56.5,3,10,1,3.4,MEDIUM,58.37
4,15.0,1,23,2,4.0,LOW,19.96
19,58.2,1,21,1,2.1,MEDIUM,51.65
17,67.8,2,11,1,9.6,MEDIUM,60.38
9,26.8,1,12,3,6.8,LOW,34.37
12,50.1,1,12,2,24.4,LOW,50.76
5,21.8,4,0,3,3.5,LOW,39.38
14,46.2,3,23,2,4.0,LOW,50.04
24,91.9,2,9,1,1.4,HIGH,76.0
7,23.6,2,2,2,7.6,LOW,38.7
3,18.1,1,23,2,0.8,LOW,12.43
12,48.3,2,3,1,27.6,LOW,52.49
13,36.6,2,15,1,19.3,LOW,49.05
6,15.8,3,7,1,9.6,LOW,30.06
6,19.2,4,15,2,3.1,LOW,42.08
3,15.0,2,16,1,3.5,LOW,15.45
21,74.2,1,18,2,0.7,HIGH,64.46
20,57.8,2,21,1,2.3,MEDIUM,63.93
7,23.5,2,14,1,3.5,LOW,31.8
3,15.0,1,15,1,4.8,LOW,15.37
7,29.0,4,14,1,5.0,LOW,41.13
10,30.5,5,1,1,17.3,LOW,61.33
21,65.3,4,10,1,4.8,MEDIUM,73.63
10,32.1,4,0,1,25.3,LOW,56.64
4,16.9,5,14,3,0.7,LOW,41.79
14,40.4,4,18,2,1.9,LOW,62.7
4,15.0,3,3,2,3.9,LOW,26.78
21,68.7,1,10,3,17.5,MEDIUM,69.52
7,15.0,1,4,3,1.0,LOW,28.86
6,15.0,1,2,3,3.5,LOW,25.95
10,42.9,2,12,1,1.0,LOW,44.1
18,66.1,3,9,2,11.9,MEDIUM,76.98
19,70.7,2,10,2,2.7,MEDIUM,73.02
13,42.2,2,17,2,4.6,LOW,52.0
10,34.9,1,1,2,13.6,LOW,35.41
14,51.0,1,6,1,1.5,MEDIUM,32.03
20,77.5,2,8,3,23.5,HIGH,80.44
18,63.6,1,9,1,4.0,MEDIUM,53.61
22,70.8,1,17,1,3.2,HIGH,62.74
10,38.0,2,22,1,1.7,LOW,32.94
11,20.4,2,6,1,5.0,LOW,28.76
12,35.5,1,6,1,31.6,LOW,45.19
10,34.6,3,2,1,5.4,LOW,41.64
22,78.7,2,11,3,4.8,HIGH,68.03
6,24.6,1,6,1,0.1,LOW,19.15
13,41.8,2,16,2,2.7,LOW,40.48
4,15.0,2,0,2,2.1,LOW,30.99
5,15.0,1,4,2,0.3,LOW,21.37
10,38.1,4,15,1,4.7,LOW,47.81
7,27.0,2,14,2,1.2,LOW,29.28
13,43.6,2,1,1,5.6,LOW,46.18
18,57.4,4,8,1,4.9,MEDIUM,65.97
5,19.3,4,6,2,2.0,LOW,46.17
13,44.8,1,3,3,12.8,LOW,54.82
22,83.8,3,19,2,20.9,HIGH,93.81
20,67.7,3,17,1,1.2,MEDIUM,69.8
18,59.9,1,20,1,0.8,MEDIUM,52.24
9,25.6,3,3,1,3.4,LOW,37.07
13,53.4,1,12,2,7.5,MEDIUM,41.93
14,48.1,2,0,1,8.0,MEDIUM,49.29
10,35.4,3,23,3,7.8,LOW,46.76
7,34.1,2,2,1,6.9,LOW,36.01
10,41.0,4,15,1,3.9,LOW,46.03
22,66.5,3,21,1,12.2,MEDIUM,79.36
6,27.6,4,3,1,24.5,LOW,51.83
4,20.6,2,22,2,7.1,LOW,28.48
7,15.0,1,15,3,2.0,LOW,24.16
20,77.1,3,18,1,6.6,HIGH,67.37
12,37.3,1,0,1,11.3,LOW,39.55
4,18.1,2,4,3,14.2,LOW,31.36
25,81.9,3,18,2,10.1,HIGH,82.48
13,57.8,1,21,3,17.7,MEDIUM,58.17
13,45.5,2,23,1,24.3,LOW,48.35
16,59.8,2,10,1,5.4,MEDIUM,58.58
3,15.0,1,12,1,6.2,LOW,16.61
16,48.1,2,19,1,3.3,MEDIUM,55.16
7,23.3,1,4,2,8.6,LOW,35.82
21,63.0,1,20,1,7.2,MEDIUM,61.06
7,25.6,3,3,2,1.6,LOW,35.92
12,39.6,2,3,1,9.5,LOW,46.68
14,39.3,2,3,2,13.1,LOW,53.68
5,15.0,1,3,1,1.6,LOW,15.11
20,61.5,2,19,1,1.4,MEDIUM,67.09
15,48.3,5,20,2,8.2,MEDIUM,70.48
12,39.9,2,17,1,1.0,LOW,42.08
16,58.8,2,17,1,13.3,MEDIUM,65.77
10,28.7,1,15,1,8.2,LOW,36.85
25,80.1,2,8,3,0.3,HIGH,77.36
17,59.8,4,17,2,11.8,MEDIUM,77.29
12,41.2,3,21,2,5.7,LOW,52.84
3,15.0,2,1,3,5.5,LOW,30.48
18,60.0,4,20,3,3.0,MEDIUM,69.78
13,47.5,1,3,2,2.7,LOW,45.28
20,50.6,3,11,2,5.6,MEDIUM,68.71
14,43.2,1,6,2,0.0,LOW,36.03
8,27.4,2,14,1,12.7,LOW,36.38
9,29.9,1,6,3,12.3,LOW,33.01
19,65.5,4,21,2,10.6,MEDIUM,80.34
21,76.7,3,20,1,7.4,HIGH,75.44
12,37.6,1,16,1,2.8,LOW,36.24
3,15.0,2,15,1,8.6,LOW,22.83
12,39.4,3,18,1,1.1,LOW,45.07
22,77.6,1,8,1,2.4,HIGH,61.72
14,50.5,1,13,1,0.4,MEDIUM,33.2
12,34.2,2,16,1,15.7,LOW,49.13
3,15.0,1,4,2,14.1,LOW,20.75
5,20.6,2,1,1,4.8,LOW,20.27
12,41.7,2,19,1,4.6,LOW,48.22
7,26.1,2,15,1,20.8,LOW,45.82
13,45.2,2,13,3,9.0,LOW,50.3
12,36.1,5,13,1,9.9,LOW,59.5
12,38.0,3,0,1,3.6,LOW,40.94
14,48.6,2,2,2,2.8,MEDIUM,48.18
10,33.5,2,6,1,1.0,LOW,28.21
10,30.0,1,14,1,0.6,LOW,22.45
17,53.7,1,18,1,18.9,MEDIUM,63.61
18,60.8,3,19,2,18.9,MEDIUM,73.84
6,15.0,2,1,2,2.1,LOW,30.69
23,75.2,2,18,2,0.3,HIGH,79.79
13,51.7,4,8,1,3.4,MEDIUM,57.27
22,76.4,2,18,2,24.3,HIGH,83.72
10,31.3,4,4,1,2.9,LOW,41.63
16,51.7,4,17,1,16.0,MEDIUM,68.3
12,55.2,1,15,1,13.6,MEDIUM,46.11
11,37.2,4,3,2,23.1,LOW,59.05
21,74.6,1,11,1,5.5,HIGH,61.91
4,15.0,5,6,2,20.4,LOW,45.7
12,43.8,2,13,3,10.8,LOW,48.44
3,15.0,3,22,1,16.2,LOW,31.46
12,38.4,3,11,1,10.6,LOW,56.42
11,35.7,2,2,1,4.9,LOW,39.18
14,34.7,2,4,1,20.1,LOW,50.09
9,33.4,4,16,1,12.9,LOW,52.29
23,75.2,4,9,3,8.2,HIGH,93.46
23,83.1,3,9,1,5.3,HIGH,68.68
16,52.9,3,10,2,0.8,MEDIUM,69.47
11,31.5,1,16,1,13.5,LOW,36.5
11,40.6,3,4,2,4.3,LOW,56.79
9,29.8,2,12,3,3.6,LOW,41.92
20,68.2,3,9,2,2.1,MEDIUM,73.57
20,71.1,3,8,3,6.2,MEDIUM,75.35
4,15.0,1,16,1,14.2,LOW,20.95
11,33.6,1,0,1,2.7,LOW,37.02
4,15.0,1,3,2,20.3,LOW,29.2
10,28.3,2,3,2,4.0,LOW,42.63
16,53.3,1,17,3,27.9,MEDIUM,64.08
13,44.1,2,8,1,9.0,LOW,49.93
17,66.5,1,17,1,3.7,MEDIUM,41.72
10,46.5,2,13,1,32.9,LOW,45.19
5,16.3,1,14,3,7.2,LOW,28.61
4,16.2,2,5,3,11.7,LOW,27.29
8,24.4,1,23,2,4.8,LOW,32.94
22,70.8,3,9,2,1.0,HIGH,73.96
3,15.0,1,14,2,26.6,LOW,28.57
9,27.0,1,3,2,3.1,LOW,29.25
23,73.7,4,17,1,20.0,HIGH,90.76
16,51.1,1,17,2,19.0,MEDIUM,64.69
13,40.1,3,16,1,0.8,LOW,37.61
16,54.5,5,11,2,1.0,MEDIUM,74.6
3,15.0,2,6,1,7.6,LOW,26.42
6,15.0,2,15,2,0.3,LOW,28.59
24,83.7,2,10,2,4.4,HIGH,77.42
10,33.5,2,13,2,6.0,LOW,41.73
13,43.0,2,2,2,1.8,LOW,50.09
15,53.0,1,18,2,11.8,MEDIUM,55.75
18,70.2,2,17,2,4.5,MEDIUM,59.25
12,40.0,3,9,1,4.4,LOW,52.47
9,25.0,1,5,2,2.1,LOW,26.46
13,47.3,3,12,1,17.5,LOW,51.15
17,61.1,3,9,2,0.1,MEDIUM,64.17
17,59.4,1,17,2,0.1,MEDIUM,54.31
12,40.6,1,19,2,43.1,LOW,59.78
5,15.0,2,15,2,0.2,LOW,32.41
8,20.3,3,5,2,1.3,LOW,37.17
6,18.1,2,12,2,17.2,LOW,41.51
5,15.0,3,3,1,7.7,LOW,29.83
5,21.8,3,22,3,7.8,LOW,46.34
6,15.0,3,13,2,5.2,LOW,31.79
8,26.8,1,0,1,1.3,LOW,29.08
14,46.7,2,19,2,3.7,LOW,60.48
3,15.0,1,4,2,10.1,LOW,22.37
4,17.9,1,7,3,5.3,LOW,23.64
24,77.0,2,11,2,10.5,HIGH,79.29
14,55.3,3,1,1,0.1,MEDIUM,51.19
20,61.7,5,11,1,8.5,MEDIUM,78.52
11,42.6,2,4,2,7.2,LOW,42.9
23,81.8,2,21,2,29.3,HIGH,91.35
12,29.9,1,4,2,19.0,LOW,38.67
10,27.6,3,12,1,7.3,LOW,48.68
18,66.6,2,8,2,6.9,MEDIUM,61.43
14,48.6,2,9,2,0.8,MEDIUM,56.8
14,48.0,2,0,1,22.7,MEDIUM,60.38
8,15.0,3,2,1,9.8,LOW,34.9
23,77.2,1,17,1,5.6,HIGH,69.79
22,70.8,2,11,1,15.6,HIGH,73.13
5,15.0,2,2,1,10.5,LOW,22.08
13,48.3,1,8,1,6.6,LOW,47.17
8,27.5,1,1,3,6.2,LOW,32.11
14,42.5,4,2,1,20.9,LOW,65.41
9,26.0,4,13,1,12.8,LOW,48.93
8,27.8,1,3,1,4.1,LOW,34.3
19,67.4,3,18,1,7.9,MEDIUM,70.67
4,18.1,2,12,2,1.7,LOW,27.32
8,30.4,4,6,1,21.7,LOW,53.92
13,44.0,4,11,2,9.5,LOW,75.35
3,15.0,2,2,2,25.8,LOW,38.54
12,42.8,1,22,1,2.8,LOW,34.58
12,34.9,2,22,2,3.0,LOW,41.85
25,85.6,3,8,2,14.3,HIGH,82.85
7,22.8,5,1,1,2.4,LOW,42.67
24,86.4,2,21,2,3.5,HIGH,69.42
22,79.1,3,8,2,17.3,HIGH,86.45
16,57.9,3,11,2,5.8,MEDIUM,60.2
12,43.7,1,11,1,2.9,LOW,41.42
5,16.4,2,14,3,4.2,LOW,28.89
12,50.1,1,1,1,10.0,LOW,40.2
21,74.9,3,17,1,1.4,HIGH,75.83
14,56.5,2,12,1,26.2,MEDIUM,59.02
5,23.3,5,13,2,5.4,LOW,43.11
5,15.0,4,4,2,11.6,LOW,31.34
12,37.5,1,9,1,9.7,LOW,43.33
17,60.8,1,11,1,9.1,MEDIUM,57.7
22,67.6,3,9,2,4.4,MEDIUM,73.05
8,25.1,3,23,3,0.3,LOW,44.02
15,46.9,3,10,1,10.8,MEDIUM,61.38
5,16.8,1,1,2,24.6,LOW,37.52
14,34.9,3,4,1,5.6,LOW,51.95
4,26.4,2,6,2,24.6,LOW,38.73
8,31.4,1,5,2,6.1,LOW,31.56
16,60.6,1,21,1,1.5,MEDIUM,43.63
11,38.3,4,22,2,2.2,LOW,44.95
4,20.8,2,2,3,16.0,LOW,31.68
6,23.8,5,12,1,7.8,LOW,47.52
13,49.2,3,2,1,4.3,MEDIUM,52.23
13,47.1,1,23,1,12.9,LOW,40.97
22,82.9,2,20,1,8.2,HIGH,76.92
7,19.6,1,5,2,16.5,LOW,39.25
21,80.8,2,10,1,28.3,HIGH,83.09
6,19.4,2,16,2,8.4,LOW,34.43
14,42.8,2,9,1,28.2,LOW,59.18
21,74.0,2,11,3,5.1,HIGH,68.77
13,37.6,1,16,1,14.7,LOW,38.1
7,20.9,1,3,1,19.0,LOW,37.28
11,35.7,2,1,1,0.4,LOW,36.58
24,80.3,5,10,2,16.0,HIGH,101.76
12,46.6,2,6,1,4.2,LOW,33.7
11,42.4,3,1,1,4.1,LOW,42.45
16,52.5,1,17,3,12.2,MEDIUM,55.43
13,46.9,2,20,3,2.3,LOW,53.98
5,29.6,2,3,2,0.3,LOW,33.46
7,16.6,3,7,1,2.5,LOW,38.42
15,45.0,2,19,1,8.4,MEDIUM,52.97
5,17.3,2,13,2,24.5,LOW,41.99
13,60.5,3,11,1,4.0,MEDIUM,58.52
17,52.9,2,21,1,12.8,MEDIUM,59.63
12,37.3,1,20,1,1.8,LOW,43.25
19,68.0,2,17,3,15.3,MEDIUM,72.04
20,73.7,1,10,1,11.6,HIGH,65.04
6,20.4,5,7,2,4.8,LOW,42.93
8,28.6,2,1,1,18.0,LOW,33.3
4,15.0,2,14,2,0.3,LOW,24.66
20,69.1,4,8,2,12.3,MEDIUM,78.63
13,35.5,4,18,1,0.3,LOW,61.68
22,75.8,2,19,1,16.0,HIGH,80.22
10,34.2,4,7,2,1.6,LOW,44.92
18,63.4,1,18,1,0.3,MEDIUM,53.85
10,30.8,4,4,2,3.0,LOW,55.38
21,74.4,2,10,2,1.6,HIGH,71.05
3,15.1,2,14,2,8.4,LOW,27.21
6,35.5,1,7,1,5.1,LOW,24.85
18,58.4,5,18,1,1.1,MEDIUM,75.38
10,28.1,1,22,2,19.8,LOW,42.59
3,15.0,2,7,1,3.7,LOW,21.83
21,74.5,2,18,3,2.7,HIGH,79.14
20,68.7,2,17,3,9.6,MEDIUM,76.53
22,75.6,3,9,1,4.0,HIGH,79.42
8,23.9,3,6,1,1.3,LOW,37.75
25,75.6,3,8,1,7.0,HIGH,80.75
13,51.7,1,0,3,0.2,MEDIUM,46.88
24,91.3,2,18,1,7.9,HIGH,80.95
7,19.4,2,4,1,16.2,LOW,32.67
12,37.2,5,18,2,2.4,LOW,63.19
8,17.7,2,0,1,15.3,LOW,33.78
9,28.2,1,14,1,2.2,LOW,34.42
10,36.1,2,15,1,1.8,LOW,41.89
5,15.0,2,22,2,10.1,LOW,33.4
12,45.3,1,6,1,0.5,LOW,44.16
22,69.2,3,11,2,0.3,HIGH,72.07
7,27.6,1,7,3,4.9,LOW,34.54
13,46.1,2,4,2,0.3,LOW,41.14
21,69.3,2,9,2,5.5,MEDIUM,65.85
19,63.1,2,20,1,8.4,MEDIUM,59.54
14,51.9,4,4,1,2.1,MEDIUM,49.14
10,50.3,2,16,1,18.3,LOW,46.36
5,16.2,2,4,2,1.8,LOW,27.17
19,70.6,4,21,1,2.2,MEDIUM,78.8
12,50.6,1,14,1,19.5,LOW,45.27
6,16.4,1,12,1,9.3,LOW,24.34
13,38.9,1,0,1,6.0,LOW,45.01
13,44.3,2,10,2,3.2,LOW,56.06
10,35.1,2,22,2,11.7,LOW,43.46
3,15.0,2,0,1,7.1,LOW,20.34
19,59.8,1,10,2,3.3,MEDIUM,53.98
16,58.9,1,17,1,14.0,MEDIUM,55.38
23,71.5,2,17,2,12.7,HIGH,83.97
21,71.3,1,20,2,22.6,HIGH,68.68
14,49.5,2,15,1,42.2,MEDIUM,55.42
10,25.8,2,12,1,0.1,LOW,27.43
5,19.6,5,6,2,3.1,LOW,43.82
6,19.0,1,0,3,1.7,LOW,28.62
12,38.1,2,15,2,1.9,LOW,47.67
6,22.2,2,0,2,16.0,LOW,41.54
6,15.0,3,16,2,29.5,LOW,43.51
4,16.0,4,5,2,22.5,LOW,44.82
8,20.0,4,1,2,9.5,LOW,49.74
10,36.1,2,16,1,6.5,LOW,37.32
11,38.0,2,5,2,8.1,LOW,40.33
3,19.2,2,13,2,15.5,LOW,28.94
18,70.2,2,17,2,0.1,MEDIUM,69.63
11,42.0,3,5,1,4.5,LOW,42.73
20,67.6,1,9,1,5.7,MEDIUM,56.28
6,20.3,3,23,2,20.6,LOW,45.06
12,33.9,4,17,2,1.5,LOW,58.85
21,60.6,1,8,3,10.9,MEDIUM,61.3
4,20.1,3,7,1,20.6,LOW,40.81
13,41.6,1,9,1,11.6,LOW,46.12
3,15.0,1,16,1,0.1,LOW,22.44
13,33.6,1,22,2,8.6,LOW,38.7
9,31.4,1,5,1,1.9,LOW,29.75
8,25.6,1,13,3,7.4,LOW,37.29
18,57.1,2,21,1,6.8,MEDIUM,63.71
24,77.2,3,21,3,25.2,HIGH,90.61
6,22.0,1,5,2,1.7,LOW,20.94
3,15.0,4,6,3,0.4,LOW,38.97
20,57.7,3,11,1,7.6,MEDIUM,69.1
11,32.0,3,2,2,3.4,LOW,50.59
3,15.4,2,13,1,11.1,LOW,27.5
15,46.4,1,21,1,39.9,MEDIUM,66.06
16,59.9,3,18,1,4.1,MEDIUM,58.77
8,27.2,4,22,2,1.3,LOW,48.29
7,20.8,2,15,1,6.5,LOW,35.37
8,24.7,3,6,3,3.4,LOW,43.31
3,15.0,1,7,1,12.7,LOW,20.37
21,65.7,3,17,1,6.1,MEDIUM,73.11
13,36.1,1,12,1,19.1,LOW,39.65
18,56.8,2,20,2,14.6,MEDIUM,57.95
25,77.4,2,8,1,19.6,HIGH,70.06
16,47.9,2,9,3,2.8,MEDIUM,54.7
17,51.2,1,20,2,18.6,MEDIUM,59.68
8,28.0,4,22,3,16.1,LOW,59.95
20,56.2,2,8,1,7.9,MEDIUM,64.35
11,37.9,2,14,1,19.3,LOW,48.67
12,40.0,2,19,2,0.4,LOW,48.03
7,28.0,4,1,2,12.3,LOW,45.55
9,32.4,1,12,1,1.3,LOW,27.26
7,25.4,4,1,3,3.3,LOW,43.52
21,65.3,1,18,1,10.5,MEDIUM,59.19
3,15.0,1,1,2,1.9,LOW,22.11
9,21.4,3,2,1,2.1,LOW,36.06
10,41.0,5,5,1,1.9,LOW,49.64
8,35.2,1,2,1,4.9,LOW,30.26
22,77.5,2,9,3,0.7,HIGH,77.71
14,40.2,2,23,3,17.4,LOW,52.33
9,34.4,1,5,1,10.5,LOW,37.27
11,34.5,5,22,3,5.8,LOW,61.14
4,15.0,2,15,2,0.7,LOW,29.2
7,21.5,3,16,2,1.1,LOW,41.95
25,91.1,2,18,1,0.8,HIGH,70.79
14,46.2,2,2,2,0.1,LOW,40.21
18,61.8,2,17,1,8.8,MEDIUM,60.22
5,15.0,2,6,1,5.7,LOW,24.8
17,56.3,3,8,2,3.9,MEDIUM,67.02
16,52.7,1,19,2,3.4,MEDIUM,54.41
19,58.4,2,11,2,5.0,MEDIUM,72.95
10,35.0,4,4,3,5.2,LOW,45.19
5,15.3,3,2,2,1.2,LOW,33.09
19,67.8,1,10,1,6.1,MEDIUM,62.97
6,17.2,4,3,1,0.4,LOW,31.82
13,45.0,2,4,2,22.3,LOW,53.02
7,19.3,3,0,3,10.0,LOW,47.72
23,68.5,1,17,3,0.1,HIGH,61.95
24,87.9,2,11,2,2.7,HIGH,79.31
12,37.9,3,12,2,32.5,LOW,67.07
14,42.0,2,8,2,0.4,LOW,43.35
10,37.0,1,1,1,1.3,LOW,28.98
6,20.4,2,4,1,5.2,LOW,35.28
7,15.8,1,12,2,3.5,LOW,28.06
5,15.6,3,15,3,33.7,LOW,50.86
7,15.0,1,15,3,6.2,LOW,33.66
13,40.1,1,23,1,22.7,LOW,41.57
9,38.6,4,2,2,3.8,LOW,47.98
14,41.1,2,21,3,2.5,LOW,54.51
5,15.0,2,3,2,2.7,LOW,28.72
23,79.3,2,10,1,8.1,HIGH,71.67
4,15.0,1,22,2,7.4,LOW,15.62
6,16.0,1,13,2,6.5,LOW,27.71
14,53.7,2,2,2,1.7,MEDIUM,45.71
11,31.8,3,15,2,2.4,LOW,46.04
24,80.0,4,21,2,2.7,HIGH,86.23
12,36.5,3,14,1,16.1,LOW,48.45
23,75.1,4,9,1,13.6,HIGH,82.22
23,79.0,5,8,2,1.8,HIGH,97.58
22,74.8,3,10,1,1.3,HIGH,79.73
6,16.7,4,15,3,0.9,LOW,41.91
16,53.6,3,9,1,0.6,MEDIUM,63.59
9,36.1,1,16,1,33.4,LOW,46.44
12,40.2,1,18,3,13.3,LOW,54.89
13,44.1,1,1,1,0.1,LOW,37.15
8,22.8,4,23,2,0.1,LOW,46.47
13,47.3,3,22,2,9.4,LOW,58.85
6,15.0,3,1,1,3.0,LOW,35.39
9,38.5,2,5,3,0.8,LOW,32.99
19,63.9,2,18,1,5.0,MEDIUM,63.27
13,42.3,1,7,2,0.2,LOW,46.78
12,47.9,4,2,1,4.4,LOW,56.44
5,21.2,4,13,1,2.2,LOW,32.1
5,25.4,3,15,3,2.5,LOW,31.32
14,53.0,1,0,2,2.7,MEDIUM,44.38
24,78.0,1,20,1,2.9,HIGH,58.85
14,44.6,2,2,2,0.2,LOW,47.69
19,66.0,1,21,2,6.8,MEDIUM,61.74
16,52.4,3,17,3,6.4,MEDIUM,64.61
17,63.6,1,8,1,8.4,MEDIUM,61.55
8,21.5,2,5,3,1.4,LOW,34.82
11,36.6,2,22,2,42.1,LOW,55.7
16,52.1,2,20,2,1.2,MEDIUM,61.76
11,35.0,1,0,3,13.4,LOW,44.39
20,67.8,5,20,1,2.0,MEDIUM,77.91
14,45.1,2,9,1,4.6,LOW,45.7
12,38.4,3,5,1,3.1,LOW,45.07
12,34.1,1,22,1,2.9,LOW,30.49
18,60.9,3,11,1,5.3,MEDIUM,69.18
14,43.3,1,3,2,2.2,LOW,35.74
4,15.0,3,12,1,6.3,LOW,34.91
11,36.7,2,16,1,2.3,LOW,43.02
7,25.3,1,7,1,28.9,LOW,36.04
18,71.5,1,19,1,2.2,MEDIUM,59.95
4,15.0,4,2,1,11.6,LOW,42.17
21,75.7,1,11,2,5.1,HIGH,63.26
8,25.5,3,6,1,0.3,LOW,37.84
19,73.5,3,11,3,1.3,MEDIUM,77.46
3,21.9,2,1,1,21.1,LOW,29.0
8,21.3,1,23,3,13.7,LOW,40.19
11,38.2,1,13,1,1.2,LOW,35.12
25,87.1,2,21,2,0.4,HIGH,81.75
11,45.7,2,22,2,1.3,LOW,45.29
7,18.2,4,4,2,7.0,LOW,48.74
15,57.1,2,8,2,8.0,MEDIUM,61.23
14,47.8,3,20,3,3.8,MEDIUM,60.58
18,50.1,1,10,2,2.6,MEDIUM,54.3
10,33.5,3,4,2,1.9,LOW,42.14
11,41.5,1,2,3,4.6,LOW,39.22
6,28.6,1,16,2,0.2,LOW,29.54
13,45.2,3,1,2,0.1,LOW,49.79
14,47.2,3,23,1,12.8,MEDIUM,55.55
5,15.0,2,0,3,6.0,LOW,24.21
4,15.6,3,6,1,12.2,LOW,34.12
7,19.9,2,13,2,1.0,LOW,31.82
4,15.0,4,4,1,13.5,LOW,39.53
13,49.5,1,18,1,20.5,MEDIUM,45.82
23,81.4,1,10,2,6.1,HIGH,68.75
12,43.6,3,22,2,0.9,LOW,42.39
13,38.9,2,1,1,1.1,LOW,38.56
11,28.9,2,7,1,1.7,LOW,35.64
20,63.8,2,8,1,1.6,MEDIUM,63.27
6,15.0,4,2,2,23.2,LOW,47.59
14,54.1,3,1,1,12.9,MEDIUM,55.26
14,48.7,2,6,2,3.1,MEDIUM,47.33
11,48.5,3,4,2,13.6,LOW,48.95
16,57.1,4,20,3,11.8,MEDIUM,73.63
9,39.1,1,4,1,3.5,LOW,34.32
20,70.6,2,19,1,0.2,MEDIUM,68.91
11,44.0,2,12,2,0.1,LOW,41.28
14,47.7,1,20,2,3.2,MEDIUM,50.89
13,51.7,2,19,1,0.4,MEDIUM,48.14
14,52.8,1,5,2,1.0,MEDIUM,40.78
15,42.7,1,19,1,2.3,LOW,43.6
24,87.0,4,17,1,1.6,HIGH,93.02
7,27.9,1,1,1,1.3,LOW,21.01
4,15.0,2,5,3,2.4,LOW,31.4
14,46.8,2,8,1,10.7,MEDIUM,49.76
5,23.3,2,2,1,4.7,LOW,36.71
8,15.0,1,0,1,8.7,LOW,30.67
11,41.4,2,0,2,21.1,LOW,51.43
13,46.4,4,18,2,0.0,LOW,68.18
12,41.1,2,4,1,24.2,LOW,51.47
7,42.8,2,12,1,2.6,LOW,37.17
22,79.1,2,18,1,2.7,HIGH,74.59
25,81.8,1,11,2,7.9,HIGH,73.97
7,22.1,2,15,1,3.6,LOW,29.81
16,59.8,1,18,3,0.7,MEDIUM,56.74
5,20.6,2,2,1,9.9,LOW,25.3
13,42.6,3,11,1,1.6,LOW,51.99
4,19.6,2,4,1,21.2,LOW,30.96
12,34.6,2,1,2,35.3,LOW,60.55
21,76.8,1,21,2,1.6,HIGH,60.3
9,27.9,4,6,3,11.2,LOW,56.57
6,24.3,2,12,1,38.5,LOW,46.05
5,27.9,5,14,1,24.9,LOW,47.53
24,70.5,1,21,2,6.7,HIGH,72.9
11,35.3,4,2,2,3.0,LOW,54.08
23,65.1,2,20,2,0.1,MEDIUM,67.65
18,65.0,1,19,1,18.3,MEDIUM,62.46
8,34.2,5,4,1,0.3,LOW,44.34
13,40.2,1,23,1,6.9,LOW,45.64
14,50.2,3,7,2,1.6,MEDIUM,52.77
13,46.2,4,21,2,2.2,LOW,62.4
11,39.5,1,0,2,0.2,LOW,36.29
8,31.1,2,7,1,0.3,LOW,33.89
7,27.1,2,23,2,3.4,LOW,35.3
19,61.9,3,17,1,16.8,MEDIUM,73.51
20,65.8,4,19,1,6.7,MEDIUM,74.76
3,15.0,3,15,3,6.2,LOW,35.82
18,48.4,2,17,2,7.7,MEDIUM,64.63
15,50.8,3,19,2,6.1,MEDIUM,65.48
23,88.4,5,11,2,2.9,HIGH,94.0
3,15.0,1,12,1,17.0,LOW,24.12
8,23.7,1,12,2,5.2,LOW,33.22
18,61.6,2,9,3,11.2,MEDIUM,64.48
7,21.8,4,6,1,19.4,LOW,41.49
9,30.4,1,13,2,0.0,LOW,23.22
3,15.0,4,23,2,5.2,LOW,37.63
3,15.0,5,15,1,7.4,LOW,47.76
10,28.3,1,14,1,5.6,LOW,35.72
16,48.1,2,11,1,18.6,MEDIUM,60.38
16,55.7,2,8,2,22.5,MEDIUM,68.09
8,19.1,2,7,2,1.2,LOW,29.15
15,57.5,2,17,2,2.9,MEDIUM,62.65
12,42.5,3,22,1,2.5,LOW,46.56
23,85.0,2,17,2,5.5,HIGH,75.29
14,50.6,5,12,2,3.9,MEDIUM,62.84
23,77.8,2,17,1,3.6,HIGH,72.53
5,23.1,2,14,2,6.1,LOW,25.76
14,47.5,3,3,2,5.4,MEDIUM,51.59
6,18.0,2,16,1,5.0,LOW,31.88
3,15.0,2,4,1,1.0,LOW,13.06
15,50.1,3,21,2,6.2,MEDIUM,57.07
11,32.6,4,15,2,0.5,LOW,53.75
14,43.1,2,8,3,7.7,LOW,62.84
21,68.4,2,9,2,7.8,MEDIUM,75.54
3,15.0,5,23,1,2.4,LOW,37.49
19,58.4,1,17,1,1.2,MEDIUM,55.86
4,15.0,2,16,2,12.8,LOW,34.33
14,36.8,2,17,1,11.8,LOW,51.24
12,43.4,1,6,2,23.4,LOW,47.48
13,48.3,2,3,1,4.7,LOW,39.81
14,44.4,1,4,1,3.0,LOW,35.45
4,15.0,4,22,1,2.9,LOW,35.41
9,35.8,3,15,1,1.6,LOW,39.51
6,19.5,1,2,2,3.4,LOW,22.99
18,63.4,1,17,1,1.1,MEDIUM,59.62
9,32.0,3,22,3,16.4,LOW,48.36
15,45.0,2,20,2,3.4,MEDIUM,53.51
4,16.1,2,13,1,6.3,LOW,25.49
11,38.4,1,14,1,0.6,LOW,32.12
12,37.4,1,16,2,2.6,LOW,36.65
12,38.8,1,0,1,2.0,LOW,30.25
18,52.9,1,20,3,17.4,MEDIUM,66.94
3,15.0,2,16,2,1.6,LOW,24.11
13,45.3,3,22,1,12.7,LOW,54.51
23,79.0,2,10,2,2.7,HIGH,74.36
6,20.9,2,16,1,1.9,LOW,34.9
11,39.7,2,13,1,0.1,LOW,42.36
25,76.0,2,19,3,2.8,HIGH,74.71
19,81.1,1,18,1,0.6,HIGH,68.59
21,75.7,2,20,2,3.6,HIGH,69.1
9,32.8,3,6,3,0.4,LOW,42.2
11,48.5,3,23,1,0.5,LOW,43.16
4,15.7,2,12,1,3.5,LOW,22.13
13,55.8,2,17,1,4.8,MEDIUM,49.92
7,36.5,1,22,1,3.2,LOW,29.38
7,32.0,4,13,1,0.2,LOW,43.38
14,47.6,4,0,2,1.6,MEDIUM,57.21
3,15.0,2,6,2,22.4,LOW,31.24
11,35.2,2,7,2,6.8,LOW,43.38
15,55.9,2,17,1,15.4,MEDIUM,59.86
17,51.6,2,8,2,0.4,MEDIUM,51.5
12,39.9,4,0,2,0.1,LOW,55.52
17,44.7,3,21,1,12.2,MEDIUM,63.44
10,27.7,3,16,1,3.9,LOW,44.89
17,58.4,2,18,1,3.7,MEDIUM,53.77
7,27.3,1,5,3,2.2,LOW,31.16
14,53.6,1,2,2,1.4,MEDIUM,46.86
3,15.0,1,23,2,14.1,LOW,28.52
9,27.3,1,4,2,0.5,LOW,29.03
13,40.7,5,1,2,5.5,LOW,56.36
16,50.5,2,19,1,3.6,MEDIUM,55.87
3,22.4,4,3,2,2.6,LOW,33.55
24,79.0,3,9,2,11.4,HIGH,81.8
22,77.1,3,9,1,16.9,HIGH,76.98
9,29.2,1,23,3,1.7,LOW,38.82
17,61.4,2,20,1,0.6,MEDIUM,55.59
12,35.0,2,10,1,3.8,LOW,46.35
10,30.8,5,15,2,4.6,LOW,50.55
9,33.3,4,16,2,0.4,LOW,50.88
7,19.8,1,15,1,5.1,LOW,25.32
10,38.0,2,6,2,24.2,LOW,54.82
4,16.8,2,15,1,3.9,LOW,21.36
8,27.2,1,2,2,18.4,LOW,36.64
6,19.1,3,15,1,15.1,LOW,35.63
9,29.5,3,7,1,4.6,LOW,37.81
20,72.9,3,11,1,9.8,HIGH,76.91
14,50.7,3,2,1,1.9,MEDIUM,51.14
8,36.6,2,16,1,1.2,LOW,30.07
12,33.3,2,20,2,0.0,LOW,40.16
12,32.2,3,17,1,0.6,LOW,49.16
19,62.5,4,10,1,7.9,MEDIUM,73.27
4,15.0,1,3,1,17.3,LOW,29.44
13,43.7,2,15,1,30.5,LOW,60.33
9,39.7,1,16,1,5.3,LOW,34.22
14,49.6,3,8,1,1.2,MEDIUM,58.33
10,35.3,1,5,1,0.0,LOW,27.96
6,17.1,3,23,1,33.5,LOW,47.28
22,73.9,2,19,2,13.6,HIGH,79.35
13,45.1,3,1,2,5.9,LOW,51.69
18,60.3,2,8,1,2.3,MEDIUM,63.03
23,79.2,2,20,1,5.8,HIGH,71.56
12,43.3,2,5,1,14.6,LOW,46.49
5,22.5,2,2,1,6.5,LOW,31.22
25,90.5,3,19,1,43.2,HIGH,94.32
4,15.8,3,5,2,0.9,LOW,29.12
12,48.4,2,6,1,32.4,LOW,65.53
9,32.5,2,0,3,7.0,LOW,35.99
14,42.9,1,22,1,6.7,LOW,44.83
12,31.2,3,0,2,3.6,LOW,44.47
4,21.9,1,4,2,0.3,LOW,17.82
9,27.2,4,5,1,11.4,LOW,46.03
5,22.5,2,12,1,2.6,LOW,20.38
3,19.1,2,1,2,3.4,LOW,23.0
13,38.6,1,14,3,6.1,LOW,48.24
10,29.0,1,14,1,0.5,LOW,34.57
10,39.6,2,12,1,0.1,LOW,32.47
12,43.4,2,13,1,0.9,LOW,39.7
21,69.9,1,21,1,10.6,MEDIUM,66.07
13,46.0,3,6,3,1.7,LOW,56.69
8,31.7,2,13,2,5.8,LOW,42.81
6,25.5,1,23,1,1.6,LOW,21.47
18,70.0,3,9,1,2.7,MEDIUM,67.18
10,30.2,4,16,1,0.3,LOW,39.89
10,41.2,2,13,2,3.7,LOW,39.21
9,42.4,3,7,3,1.2,LOW,45.2
7,27.0,3,3,1,6.5,LOW,34.66
8,36.4,5,15,1,14.5,LOW,57.03
10,32.9,1,23,3,16.9,LOW,51.28
7,25.0,5,12,1,21.7,LOW,49.71
23,81.3,2,21,1,1.1,HIGH,70.13
20,69.1,2,19,1,5.8,MEDIUM,65.6
17,53.6,2,17,1,1.0,MEDIUM,62.19
12,34.3,1,13,1,2.9,LOW,32.94
15,56.9,3,17,3,2.1,MEDIUM,65.62
9,36.0,2,4,2,0.1,LOW,37.2
13,34.1,2,8,1,21.5,LOW,59.15
8,31.4,1,2,1,12.2,LOW,36.16
9,33.0,2,7,2,5.9,LOW,37.05
20,64.8,2,19,1,3.4,MEDIUM,61.74
21,73.7,2,21,1,4.2,HIGH,70.26
23,72.5,2,9,1,1.8,HIGH,74.62
25,82.5,1,21,2,27.6,HIGH,77.13
15,46.1,2,18,1,2.7,MEDIUM,50.77
22,80.2,3,20,1,0.6,HIGH,74.18
9,28.7,1,2,1,6.6,LOW,22.51
18,58.3,1,10,1,11.1,MEDIUM,55.78
18,57.0,2,10,3,28.4,MEDIUM,76.54
14,52.1,2,16,2,7.8,MEDIUM,47.44
6,24.2,2,15,1,1.6,LOW,22.34
3,15.0,4,6,1,4.0,LOW,34.21
9,33.3,3,3,2,3.0,LOW,44.29
9,15.0,3,22,1,0.2,LOW,31.97
22,69.8,2,18,2,4.0,HIGH,73.01
25,92.2,1,11,2,12.9,HIGH,69.5
4,15.0,2,14,1,4.2,LOW,26.2
15,44.2,4,10,3,15.3,LOW,78.99
8,37.8,4,4,1,10.9,LOW,53.41
14,37.8,2,4,1,10.2,LOW,46.52
11,30.1,1,14,2,3.8,LOW,39.5
15,45.8,1,17,2,0.4,MEDIUM,48.11
20,63.6,1,10,2,17.1,MEDIUM,71.3
19,72.7,3,11,2,8.1,MEDIUM,70.28
8,26.0,1,1,1,0.8,LOW,25.68
21,85.3,2,19,1,0.7,HIGH,74.93
8,15.6,3,14,1,7.6,LOW,38.47
14,53.6,1,19,2,4.4,MEDIUM,54.09
8,24.8,2,3,1,1.7,LOW,32.91
17,55.4,1,21,1,2.2,MEDIUM,51.01
16,51.6,2,17,3,3.9,MEDIUM,66.1
7,22.1,1,5,1,11.1,LOW,24.55
6,25.7,2,22,1,1.8,LOW,25.31
19,60.7,3,18,1,9.7,MEDIUM,71.27
21,71.4,3,10,1,1.6,HIGH,78.49
7,30.4,2,23,1,11.5,LOW,28.22
7,15.0,3,1,1,18.4,LOW,35.39
5,29.3,1,7,1,4.7,LOW,24.44
16,61.8,3,10,1,8.2,MEDIUM,66.74
9,33.6,1,4,1,2.5,LOW,31.07
24,84.1,2,17,1,21.0,HIGH,83.06
4,15.1,1,22,1,4.4,LOW,16.88
17,54.3,1,17,1,5.5,MEDIUM,52.18
7,29.0,4,13,1,2.4,LOW,41.69
23,77.1,1,21,3,1.7,HIGH,77.46
21,65.5,2,9,3,2.1,MEDIUM,75.97
9,38.3,2,2,1,5.2,LOW,44.86
22,69.7,2,8,1,1.2,HIGH,67.47
14,53.0,4,2,2,3.9,MEDIUM,56.81
16,53.5,4,10,2,3.9,MEDIUM,65.62
22,78.3,2,11,3,4.5,HIGH,76.85
17,52.1,1,11,1,4.4,MEDIUM,54.22
5,15.0,1,2,2,2.6,LOW,29.08
21,76.0,2,20,3,3.7,HIGH,69.7
10,43.3,1,6,1,18.6,LOW,37.04
14,54.9,2,13,1,0.3,MEDIUM,49.93
12,42.8,3,23,1,0.7,LOW,41.46
18,54.6,2,10,1,21.1,MEDIUM,67.01
4,15.0,1,6,1,2.5,LOW,24.72
23,89.6,2,20,2,2.9,HIGH,79.87
25,81.8,3,9,1,3.4,HIGH,80.84
24,89.6,2,10,1,0.9,HIGH,76.11
6,23.9,1,14,3,11.7,LOW,24.97
22,62.2,2,18,1,1.4,MEDIUM,71.87
9,29.6,2,15,1,9.7,LOW,30.0
13,47.0,1,21,1,2.1,LOW,42.06
25,75.0,5,20,1,9.2,HIGH,88.95
18,58.9,3,19,1,28.6,MEDIUM,76.6
23,71.7,3,11,2,5.7,HIGH,76.53
12,49.3,4,17,1,3.1,LOW,55.95
14,42.7,3,22,2,3.8,LOW,49.38
14,50.3,3,12,1,3.9,MEDIUM,63.82
14,42.6,2,4,3,1.1,LOW,48.1
4,15.0,2,3,2,13.7,LOW,32.0
11,36.4,1,13,3,3.8,LOW,42.46
7,24.4,1,7,1,10.1,LOW,28.46
18,61.5,2,8,2,2.5,MEDIUM,57.9
14,37.6,2,18,3,3.5,LOW,58.46
5,22.5,2,2,2,17.4,LOW,35.53
3,19.5,2,4,1,4.4,LOW,21.13
20,69.1,3,20,1,3.5,MEDIUM,65.77
23,77.4,1,17,1,3.0,HIGH,65.33
14,54.2,1,0,1,17.9,MEDIUM,56.36
10,37.3,1,7,2,4.4,LOW,34.58
14,47.6,1,18,2,16.8,MEDIUM,48.96
4,15.0,2,16,2,2.9,LOW,25.85
7,24.0,3,16,1,30.6,LOW,53.56
12,30.2,1,10,1,5.6,LOW,43.38
10,35.7,3,1,1,1.4,LOW,38.38
6,29.4,4,5,1,4.4,LOW,35.01
19,52.2,2,21,2,9.2,MEDIUM,73.0
6,15.0,3,13,1,17.5,LOW,34.88
12,45.9,1,2,2,1.1,LOW,33.25
18,74.4,3,11,1,6.5,MEDIUM,70.01
9,42.7,1,3,3,6.1,LOW,37.66
20,66.8,3,11,1,3.2,MEDIUM,72.79
9,34.7,2,12,1,4.2,LOW,40.72
12,48.3,4,1,1,2.9,LOW,51.0
5,15.0,2,1,1,2.9,LOW,18.85
7,15.0,1,14,2,6.1,LOW,27.81
10,32.9,2,22,2,0.5,LOW,39.18
8,22.0,3,16,1,5.3,LOW,47.28
10,36.1,2,6,1,3.1,LOW,32.58
7,21.8,5,13,2,5.0,LOW,54.41
12,51.9,3,11,1,29.5,MEDIUM,73.09
11,41.8,2,16,1,10.8,LOW,37.58
13,43.4,1,13,2,15.8,LOW,43.69
8,15.1,1,5,1,3.7,LOW,25.33
25,87.9,5,18,2,9.8,HIGH,95.83
11,39.4,4,23,2,5.0,LOW,54.2
6,19.2,1,5,2,7.3,LOW,28.5
24,78.3,2,17,2,4.6,HIGH,76.97
10,31.0,3,23,1,1.1,LOW,40.5
7,33.0,2,4,1,23.6,LOW,42.52
4,22.0,3,23,3,9.8,LOW,35.2
8,25.4,1,23,1,7.3,LOW,31.57
5,19.8,4,5,2,6.6,LOW,43.51
3,15.0,2,1,2,10.3,LOW,32.27
14,40.2,2,7,2,6.1,LOW,47.61
8,23.3,2,14,1,1.9,LOW,23.98
13,52.5,2,14,1,0.1,MEDIUM,47.2
18,55.4,2,10,1,3.9,MEDIUM,64.12
14,44.5,3,21,1,6.6,LOW,53.22
18,60.3,2,21,3,3.7,MEDIUM,59.99
8,26.1,3,23,2,6.1,LOW,39.15
12,35.5,2,0,2,8.7,LOW,35.12
23,76.3,4,17,1,13.3,HIGH,85.75
17,46.4,1,11,1,2.8,MEDIUM,52.69
13,48.2,2,11,1,8.0,LOW,50.43
13,43.7,1,10,1,17.8,LOW,48.76
8,18.8,2,7,1,1.3,LOW,32.05
9,27.2,1,6,1,9.4,LOW,30.33
4,15.0,4,22,1,19.7,LOW,41.44
14,40.8,1,20,1,8.9,LOW,53.11
6,15.0,2,1,3,0.8,LOW,31.2
14,61.5,3,10,1,2.7,MEDIUM,61.82
23,80.0,1,21,2,1.7,HIGH,68.58
20,68.3,3,9,1,19.5,MEDIUM,77.94
12,35.3,4,2,1,38.7,LOW,59.82
23,80.0,3,19,1,4.5,HIGH,67.19
18,62.3,1,9,2,18.1,MEDIUM,63.03
12,45.6,1,17,1,1.2,LOW,46.16
6,17.6,1,13,1,0.0,LOW,22.16
25,81.5,1,17,2,6.7,HIGH,73.21
10,30.3,1,23,1,35.0,LOW,46.8
12,39.4,4,7,1,6.6,LOW,50.85
18,62.2,2,9,1,31.5,MEDIUM,75.28
16,62.3,2,21,1,4.8,MEDIUM,55.04
7,31.4,1,12,2,3.9,LOW,27.43
12,39.7,2,20,2,21.2,LOW,53.16
7,38.8,2,7,1,0.4,LOW,27.65
10,37.1,4,3,1,3.2,LOW,45.76
6,23.9,1,3,2,4.7,LOW,32.76
7,28.8,4,4,1,0.7,LOW,40.34
13,51.9,3,0,3,5.8,MEDIUM,56.25
6,26.4,5,16,1,3.8,LOW,50.62
4,15.0,1,1,2,4.6,LOW,17.62
6,18.4,1,7,3,9.3,LOW,27.39
13,36.4,2,6,2,0.6,LOW,41.28
7,27.3,4,14,1,26.1,LOW,52.46
8,33.0,3,4,2,5.9,LOW,50.54
6,26.6,2,1,2,14.6,LOW,45.67
13,45.9,1,6,2,3.1,LOW,40.84
12,44.7,2,7,1,3.0,LOW,37.77
14,37.8,2,6,2,18.7,LOW,50.3
6,17.9,2,6,1,1.0,LOW,24.24
8,24.2,1,13,1,0.9,LOW,30.62
25,93.8,1,20,2,9.6,HIGH,81.35
14,49.7,2,17,1,5.0,MEDIUM,54.27
6,22.3,4,5,2,10.1,LOW,38.7
7,15.8,3,3,3,4.5,LOW,42.47
19,57.0,3,9,3,1.9,MEDIUM,62.24
21,70.2,5,17,2,10.0,HIGH,84.28
16,59.1,1,11,1,0.3,MEDIUM,48.44
7,18.6,1,15,1,4.8,LOW,28.04
6,29.2,3,6,1,4.9,LOW,39.42
8,22.6,2,5,1,0.6,LOW,29.37
7,27.1,2,4,1,2.2,LOW,27.51
10,30.0,1,2,2,2.4,LOW,34.05
17,65.4,2,11,1,17.9,MEDIUM,64.26
8,38.8,2,14,1,5.8,LOW,35.77
12,44.6,2,9,2,8.9,LOW,51.86
18,57.5,2,19,1,0.5,MEDIUM,59.93
25,79.8,2,18,1,0.9,HIGH,69.71
6,16.2,4,15,1,6.6,LOW,37.07
23,75.5,5,10,2,14.4,HIGH,88.62
8,23.8,3,7,2,0.4,LOW,35.57
5,24.8,5,2,2,32.8,LOW,61.07
9,31.4,1,22,1,17.3,LOW,35.37
5,20.4,3,6,2,16.5,LOW,28.55
12,33.4,2,22,2,0.1,LOW,40.31
6,18.4,3,6,1,4.2,LOW,32.72
11,41.2,1,13,1,12.7,LOW,43.55
9,28.0,3,1,2,11.4,LOW,46.54
18,63.2,1,9,1,3.4,MEDIUM,63.25
12,38.4,1,18,2,16.8,LOW,54.44
14,54.8,3,8,1,8.1,MEDIUM,56.02
10,34.1,3,15,2,40.9,LOW,70.74
23,74.6,2,18,1,3.3,HIGH,68.99
18,63.1,3,17,1,8.3,MEDIUM,66.39
25,86.9,1,8,1,4.4,HIGH,66.51
8,33.0,3,15,3,8.3,LOW,42.55
9,23.3,1,12,2,2.4,LOW,19.68
12,35.3,3,9,2,3.9,LOW,56.95
18,62.7,2,19,2,21.5,MEDIUM,75.7
6,17.1,4,13,1,2.7,LOW,38.94
18,62.1,2,11,2,7.8,MEDIUM,65.06
17,59.3,2,18,1,20.1,MEDIUM,63.42
5,15.0,2,6,1,5.2,LOW,26.36
3,15.0,2,22,1,9.5,LOW,24.94
5,15.0,1,14,1,11.0,LOW,27.53
3,15.0,3,15,1,6.3,LOW,29.35
7,23.7,2,7,1,3.8,LOW,26.9
17,55.3,2,9,1,13.2,MEDIUM,63.53
11,33.6,1,3,2,6.5,LOW,35.23
25,85.7,1,18,1,1.0,HIGH,73.05
21,74.4,2,18,1,16.6,HIGH,73.72
25,81.7,4,20,2,2.8,HIGH,94.66
3,15.3,2,14,1,5.4,LOW,24.18
9,25.0,1,13,2,1.9,LOW,37.17
5,15.0,1,0,2,5.4,LOW,23.85
3,19.1,4,15,1,1.1,LOW,35.8
19,59.9,3,9,1,6.7,MEDIUM,67.84
19,64.5,5,18,1,5.9,MEDIUM,76.4
19,60.0,1,21,1,13.6,MEDIUM,56.81
8,35.9,4,2,1,6.6,LOW,47.6
8,22.1,3,4,1,4.2,LOW,39.08
17,67.9,4,8,1,5.0,MEDIUM,68.12
22,81.3,1,17,2,7.4,HIGH,66.83
23,80.7,3,10,1,14.6,HIGH,87.69
6,25.6,2,15,2,0.3,LOW,35.95
6,32.2,2,1,1,20.9,LOW,41.11
17,54.6,2,11,2,0.7,MEDIUM,61.43
19,65.6,3,21,1,3.4,MEDIUM,72.15
7,23.8,5,5,2,3.3,LOW,54.27
16,49.7,3,10,1,6.1,MEDIUM,63.78
5,15.0,3,7,2,3.5,LOW,37.93
14,49.3,3,11,1,2.0,MEDIUM,53.44
14,61.1,3,1,1,2.2,MEDIUM,50.2
25,78.6,2,8,1,33.8,HIGH,91.58
7,23.7,2,14,1,14.5,LOW,31.24
14,45.4,3,1,1,13.1,LOW,59.43
14,51.0,1,0,1,4.3,MEDIUM,38.11
17,61.3,3,9,1,22.0,MEDIUM,74.86
6,15.0,3,1,1,0.5,LOW,31.25
12,41.8,2,11,2,1.1,LOW,46.08
4,15.0,4,22,3,2.3,LOW,39.4
14,54.4,2,7,1,8.2,MEDIUM,49.11
6,15.0,1,4,2,1.5,LOW,24.86
19,59.1,2,21,2,3.3,MEDIUM,59.63
11,40.0,4,0,1,1.6,LOW,50.65
5,15.0,5,14,1,12.9,LOW,47.73
3,15.0,2,5,1,19.2,LOW,34.72
24,92.5,1,11,3,15.2,HIGH,76.15
12,47.2,1,7,1,0.2,LOW,38.31
8,24.3,2,12,2,3.1,LOW,32.35
18,59.8,2,18,2,8.1,MEDIUM,70.11
6,15.0,2,0,1,0.0,LOW,23.61
21,77.7,3,10,1,11.0,HIGH,76.62
19,67.6,3,19,2,16.2,MEDIUM,81.16
3,15.0,1,0,1,0.6,LOW,13.62
7,25.7,2,7,1,4.5,LOW,25.75
13,34.9,3,4,1,2.9,LOW,33.8
5,19.2,2,16,3,23.5,LOW,40.68
10,41.7,1,7,1,3.1,LOW,24.07
21,75.7,2,9,2,7.0,HIGH,66.02
9,32.3,3,1,1,0.1,LOW,37.3
13,50.6,1,8,1,14.5,MEDIUM,52.77
10,31.4,3,23,3,0.2,LOW,44.09
4,15.0,2,22,2,6.7,LOW,22.82
4,22.0,1,2,1,10.8,LOW,21.71
12,46.1,3,17,2,4.0,LOW,47.57
7,25.9,1,6,1,0.3,LOW,24.72
5,17.6,2,14,2,18.5,LOW,43.22
17,62.8,2,20,1,3.6,MEDIUM,64.5
21,76.4,3,21,2,5.0,HIGH,72.1
17,56.8,3,19,2,13.4,MEDIUM,65.59
17,65.7,1,17,1,8.6,MEDIUM,51.58
10,38.7,3,2,3,3.1,LOW,43.22
8,23.7,1,22,3,6.2,LOW,29.06
5,30.9,2,13,1,0.8,LOW,24.07
10,29.4,2,23,2,5.2,LOW,41.49
13,32.5,2,1,2,4.5,LOW,47.84
3,15.0,1,13,2,11.4,LOW,19.39
24,88.8,1,21,3,12.9,HIGH,73.41
18,68.6,2,10,1,16.5,MEDIUM,71.1
8,21.5,1,15,2,15.6,LOW,38.15
3,15.0,4,7,2,51.2,LOW,62.55
11,33.9,1,6,1,9.8,LOW,32.98
24,86.7,2,10,1,7.8,HIGH,72.06
3,15.0,2,2,1,1.3,LOW,24.82
3,16.1,2,16,2,5.1,LOW,32.53
7,24.9,3,13,2,4.5,LOW,39.14
13,41.0,2,5,1,10.6,LOW,51.42
6,17.8,1,7,1,2.6,LOW,20.15
13,42.8,3,21,1,16.4,LOW,58.59
10,32.8,1,4,1,2.0,LOW,36.2
4,15.0,2,7,2,5.3,LOW,27.9
8,39.8,3,1,1,23.1,LOW,52.03
10,37.5,1,14,2,3.4,LOW,31.17
20,73.5,2,11,2,10.4,HIGH,70.17
5,17.9,1,16,3,3.3,LOW,20.01
3,15.0,3,0,1,5.8,LOW,28.68
9,28.7,3,14,3,12.0,LOW,45.87
3,17.0,1,13,1,13.5,LOW,23.41
16,54.9,2,19,2,14.8,MEDIUM,62.75
24,77.6,3,21,2,0.8,HIGH,86.85
10,18.0,2,15,1,15.4,LOW,39.82
21,66.2,1,8,1,1.3,MEDIUM,59.96
5,16.0,2,0,1,2.5,LOW,22.21
14,47.9,3,16,2,28.3,MEDIUM,64.95
14,40.6,2,12,1,1.2,LOW,45.89
15,38.1,1,20,3,2.3,LOW,44.68
23,91.5,3,20,1,3.3,HIGH,83.64
12,40.8,1,4,3,13.1,LOW,49.4
21,69.5,2,9,1,3.1,MEDIUM,67.38
7,25.0,3,5,1,14.0,LOW,44.86
7,17.4,2,23,1,1.8,LOW,25.16
15,57.6,2,18,3,7.4,MEDIUM,56.21
14,44.7,2,12,2,25.7,LOW,59.55
3,15.0,2,0,1,0.3,LOW,14.54
18,57.6,2,19,1,19.1,MEDIUM,61.64
4,15.0,3,14,1,1.4,LOW,24.13
12,34.0,3,13,2,7.0,LOW,48.9
3,15.0,1,7,1,0.4,LOW,14.38
19,68.1,1,9,2,6.8,MEDIUM,58.24
21,63.5,1,8,2,7.6,MEDIUM,72.79
13,42.6,4,16,3,13.2,LOW,67.64
24,82.4,4,8,2,4.3,HIGH,87.83
9,27.5,1,2,1,19.8,LOW,39.39
15,55.8,2,10,3,3.7,MEDIUM,59.93
12,50.1,1,11,1,0.8,LOW,49.8
16,57.2,4,9,1,3.9,MEDIUM,77.18
14,47.6,1,16,2,2.9,MEDIUM,45.49
7,19.2,2,16,1,4.7,LOW,21.91
22,66.0,1,10,1,1.8,MEDIUM,62.13
14,42.8,2,21,1,3.7,LOW,50.83
7,28.2,1,3,1,17.4,LOW,33.18
3,15.0,2,6,1,8.5,LOW,29.16
13,51.6,2,20,1,1.8,MEDIUM,47.9
8,24.9,2,13,1,0.4,LOW,29.83
8,20.4,1,6,2,2.0,LOW,28.24
5,18.3,2,23,2,4.2,LOW,27.31
6,15.2,4,7,2,3.7,LOW,42.78
6,25.6,3,0,2,15.1,LOW,38.12
8,22.3,3,23,2,7.1,LOW,42.63
12,28.6,2,21,3,14.8,LOW,59.1
14,44.4,3,3,2,54.3,LOW,78.94
18,51.7,2,11,2,2.7,MEDIUM,60.52
11,42.1,1,23,1,5.2,LOW,40.29
7,30.0,2,2,2,9.8,LOW,31.36
10,30.5,1,12,2,5.7,LOW,35.66
16,63.8,1,19,2,3.2,MEDIUM,67.15
12,35.7,1,5,1,13.6,LOW,45.13
19,62.7,1,10,1,17.8,MEDIUM,65.78
6,15.0,2,22,1,2.6,LOW,29.92
5,15.0,3,3,3,2.6,LOW,36.53
15,53.2,2,19,2,6.7,MEDIUM,58.55
10,43.0,4,15,1,13.6,LOW,56.36
10,31.3,1,6,1,5.9,LOW,34.06
14,47.6,1,21,2,0.5,MEDIUM,52.91
22,67.3,4,10,1,2.8,MEDIUM,77.47
14,44.1,2,23,1,5.6,LOW,46.23
6,15.0,3,0,1,10.7,LOW,40.57
8,36.2,2,6,1,11.9,LOW,35.64
25,77.8,2,11,1,11.2,HIGH,77.98
6,20.4,1,6,2,0.8,LOW,28.56
13,53.7,4,22,1,7.7,MEDIUM,54.3
5,17.7,1,6,1,4.4,LOW,21.34
21,70.8,2,9,2,3.0,HIGH,61.7
11,39.3,3,15,2,14.1,LOW,50.23
12,33.1,2,7,1,3.6,LOW,36.34
23,67.3,4,8,2,1.6,HIGH,79.07
19,66.0,1,8,3,9.5,MEDIUM,72.27
3,15.0,2,1,3,1.2,LOW,19.1
3,15.0,2,12,2,2.8,LOW,28.4
12,25.6,1,12,2,4.7,LOW,34.25
11,29.3,3,22,1,1.2,LOW,42.87
13,44.9,2,22,2,2.7,LOW,42.7
6,19.4,2,3,2,8.2,LOW,36.38
12,46.2,5,23,1,6.5,LOW,57.42
23,80.0,2,11,1,14.9,HIGH,71.53
8,34.4,3,16,2,1.2,LOW,40.5
4,20.4,3,1,3,16.0,LOW,40.53
8,30.9,3,12,1,0.6,LOW,34.12
21,70.7,4,17,1,10.9,HIGH,80.48
3,15.0,1,14,2,1.9,LOW,15.61
10,36.6,3,7,1,18.7,LOW,47.64
8,34.4,2,14,2,0.3,LOW,38.27
11,35.3,3,0,1,6.9,LOW,48.1
19,67.1,2,19,1,0.1,MEDIUM,61.7
18,52.8,4,9,2,10.7,MEDIUM,74.26
20,65.7,4,11,1,0.3,MEDIUM,78.93
11,38.8,2,4,1,10.4,LOW,47.42
15,53.3,2,8,1,13.2,MEDIUM,58.65
4,17.3,3,22,1,18.1,LOW,26.57
10,29.7,1,7,2,3.6,LOW,36.59
13,44.5,1,15,2,6.3,LOW,41.48
10,31.0,2,13,1,10.6,LOW,37.5
7,34.8,2,12,1,13.8,LOW,35.7
9,21.6,1,22,1,12.2,LOW,36.91
24,94.4,2,20,2,15.1,HIGH,86.28
6,24.5,1,12,1,18.2,LOW,31.36
8,15.0,1,4,2,8.4,LOW,27.92
12,37.8,1,15,2,1.5,LOW,42.34
20,69.5,2,10,2,14.3,MEDIUM,72.17
24,81.3,1,21,2,5.0,HIGH,78.82
11,27.7,2,4,3,0.4,LOW,41.51
4,15.0,1,12,3,7.9,LOW,31.23
16,55.1,4,10,2,10.4,MEDIUM,68.95
13,35.9,2,18,1,4.9,LOW,47.12
10,39.0,1,2,3,5.7,LOW,47.45
3,15.0,1,14,1,6.4,LOW,24.89
13,47.8,3,6,2,2.3,LOW,57.39
4,15.0,1,6,2,3.7,LOW,22.31
6,15.0,4,5,3,13.2,LOW,51.68
7,30.0,2,2,3,0.2,LOW,43.64
7,23.4,2,12,1,6.5,LOW,37.28
8,17.3,5,6,2,0.3,LOW,46.94
9,25.6,2,4,1,1.8,LOW,38.91
3,15.0,4,22,1,3.7,LOW,31.34
25,76.1,4,17,1,1.7,HIGH,77.83
23,61.1,4,21,1,15.1,MEDIUM,80.92
7,15.0,3,7,2,16.3,LOW,41.35
8,31.9,1,16,3,1.3,LOW,34.73
16,43.9,2,19,2,17.8,MEDIUM,64.59
10,39.7,2,0,1,2.1,LOW,33.84
14,49.3,5,13,2,0.1,MEDIUM,58.11
8,22.7,2,16,3,10.7,LOW,40.99
18,68.1,1,9,2,5.8,MEDIUM,52.44
24,73.5,3,11,2,5.5,HIGH,84.66
11,33.6,2,15,3,0.0,LOW,41.82
14,47.1,2,13,1,30.7,MEDIUM,52.37
3,15.0,4,15,3,14.3,LOW,43.18
5,17.3,2,7,3,27.4,LOW,44.48
5,20.4,2,22,3,2.2,LOW,33.07
16,50.7,2,9,1,7.4,MEDIUM,62.4
5,25.9,2,16,3,11.0,LOW,38.98
15,45.3,1,17,1,13.0,MEDIUM,52.69
22,73.1,2,19,2,12.2,HIGH,74.69
12,43.4,1,15,2,6.8,LOW,37.91
7,22.6,2,16,1,0.3,LOW,27.49
12,32.1,2,15,1,40.9,LOW,61.22
17,57.5,2,18,2,1.0,MEDIUM,57.36
11,31.5,2,23,2,1.6,LOW,49.98
11,47.6,2,23,2,13.9,LOW,45.59
8,35.7,1,7,1,0.8,LOW,32.8
10,34.6,1,5,2,1.9,LOW,40.39
11,35.5,3,5,1,0.2,LOW,36.18
16,60.8,3,20,2,1.4,MEDIUM,69.3
17,64.9,2,8,1,8.6,MEDIUM,60.77
6,23.2,3,3,2,3.6,LOW,30.36
16,62.7,2,11,1,1.2,MEDIUM,50.52
20,70.1,4,11,3,2.5,MEDIUM,84.57
5,17.8,2,22,2,11.2,LOW,37.65
11,39.0,4,16,2,6.5,LOW,53.85
12,37.2,2,14,1,5.2,LOW,48.2
15,55.6,2,8,2,0.4,MEDIUM,49.28
4,15.0,3,6,1,5.7,LOW,30.84
13,45.9,2,9,1,5.3,LOW,53.22
9,28.8,3,15,2,4.7,LOW,45.34
21,74.0,2,11,2,5.3,HIGH,63.96
9,32.0,2,6,1,0.6,LOW,36.09
16,60.3,3,17,1,21.6,MEDIUM,70.4
5,15.0,2,14,2,2.9,LOW,30.16
9,26.9,1,5,2,8.5,LOW,28.85
25,89.1,4,11,1,3.6,HIGH,92.86
14,57.7,4,10,3,3.2,MEDIUM,71.73
22,73.1,2,19,3,10.3,HIGH,78.78
5,20.6,3,2,1,4.3,LOW,35.95
4,15.0,5,1,1,7.7,LOW,45.1
6,17.4,2,5,2,2.6,LOW,33.22
13,44.4,4,23,3,2.5,LOW,60.42
12,42.6,2,21,2,1.8,LOW,50.36
8,28.6,3,4,1,2.9,LOW,36.11
20,66.5,1,17,1,0.5,MEDIUM,55.26
11,28.7,3,15,1,0.6,LOW,40.54
10,26.3,3,7,2,15.3,LOW,52.01
17,65.6,2,19,1,2.6,MEDIUM,63.33
14,45.1,2,21,2,6.2,LOW,45.7
17,57.6,4,10,1,5.5,MEDIUM,72.78
22,75.9,4,9,1,8.0,HIGH,75.23
3,24.1,1,23,1,8.4,LOW,20.39
18,59.6,3,11,1,3.7,MEDIUM,69.05
24,87.6,1,20,3,1.1,HIGH,72.21
5,15.0,3,5,1,1.6,LOW,28.01
18,58.1,2,19,2,3.6,MEDIUM,60.7
6,23.3,1,4,1,6.6,LOW,25.63
13,47.9,1,22,1,7.6,LOW,36.65
14,49.9,2,8,1,21.5,MEDIUM,62.39
3,15.0,3,15,1,2.9,LOW,31.79
19,64.1,1,21,1,0.9,MEDIUM,63.52
5,24.6,3,13,3,6.2,LOW,37.89
12,49.8,5,21,1,0.6,LOW,69.13
11,36.8,3,7,1,1.4,LOW,42.92
12,40.5,2,19,2,6.5,LOW,49.94
13,42.5,2,18,1,20.7,LOW,57.4
5,15.0,1,13,2,1.7,LOW,22.4
6,25.0,1,6,1,3.6,LOW,25.06
13,43.2,4,4,1,4.7,LOW,47.72
17,59.1,1,17,2,24.5,MEDIUM,65.99
9,33.1,4,1,3,10.6,LOW,51.9
16,35.5,1,10,1,3.2,LOW,53.84
12,37.0,1,21,1,2.5,LOW,37.56
10,34.5,1,7,1,5.8,LOW,30.2
8,31.6,3,0,1,3.8,LOW,36.43
23,87.5,2,21,3,7.7,HIGH,79.89
14,47.7,1,11,1,6.1,MEDIUM,50.13
4,15.0,3,1,3,0.3,LOW,30.22
13,47.5,4,17,1,0.6,LOW,61.73
8,26.5,2,6,3,1.2,LOW,32.83
14,59.6,1,16,2,8.4,MEDIUM,51.57
16,61.8,1,21,3,30.3,MEDIUM,74.69
8,19.5,3,22,1,4.8,LOW,30.89
7,19.9,2,13,2,1.3,LOW,29.39
13,53.1,4,23,2,7.5,MEDIUM,63.57
14,48.2,2,6,2,7.9,MEDIUM,47.36
17,61.3,1,21,2,11.3,MEDIUM,62.06
5,15.4,2,2,2,9.9,LOW,28.15
3,21.0,3,5,3,9.3,LOW,39.86
17,58.7,2,19,1,10.3,MEDIUM,62.7
6,25.2,5,1,2,13.7,LOW,55.85
11,28.7,2,16,3,18.1,LOW,50.4
16,47.1,2,11,1,0.0,MEDIUM,56.3
25,97.4,1,11,1,8.8,HIGH,76.87
9,23.7,1,16,3,22.7,LOW,43.1
18,64.9,2,9,1,11.3,MEDIUM,72.71
14,53.2,2,2,1,0.7,MEDIUM,44.08
20,69.7,1,19,1,10.7,MEDIUM,63.13
17,63.7,1,17,3,2.3,MEDIUM,57.43
4,15.0,2,12,3,1.6,LOW,27.35
12,48.1,3,11,3,1.8,LOW,57.85
10,19.8,2,16,2,28.6,LOW,48.64
12,46.0,2,3,2,8.6,LOW,46.73
10,50.2,1,22,1,30.5,LOW,49.91
25,92.6,3,9,1,15.0,HIGH,87.11
24,82.1,3,10,1,20.7,HIGH,89.43
12,39.5,1,5,1,6.5,LOW,40.43
10,33.9,3,5,3,3.4,LOW,47.24
12,34.3,2,8,2,10.7,LOW,45.15
12,39.7,1,14,2,0.1,LOW,38.96
12,32.0,2,1,3,8.3,LOW,48.62
10,28.8,2,3,3,25.1,LOW,48.46
12,46.2,3,4,2,15.0,LOW,51.56
11,42.2,1,16,1,1.7,LOW,33.0
8,29.7,3,7,1,1.1,LOW,36.07
8,28.2,1,7,2,14.0,LOW,35.06
17,47.3,1,21,1,0.4,MEDIUM,49.13
13,41.9,2,11,1,42.9,LOW,66.42
23,77.8,2,20,3,5.0,HIGH,68.43
14,38.1,5,7,1,21.0,LOW,70.98
24,73.2,2,18,1,13.3,HIGH,71.9
3,16.0,2,2,2,9.6,LOW,26.21
25,86.9,4,17,2,1.8,HIGH,83.72
21,64.5,2,20,1,0.7,MEDIUM,73.29
24,89.8,1,18,1,8.5,HIGH,73.61
20,73.9,2,18,3,1.7,HIGH,69.85
9,29.8,4,14,1,14.1,LOW,44.72
11,29.8,3,5,2,0.6,LOW,45.85
12,50.4,3,15,1,5.9,LOW,48.81
10,44.1,3,7,1,4.4,LOW,44.84
11,44.4,3,15,1,20.7,LOW,57.53
15,57.7,3,17,2,18.3,MEDIUM,63.66
19,64.3,1,19,3,10.2,MEDIUM,68.95
5,17.6,1,15,1,11.3,LOW,19.61
19,72.8,2,10,1,9.8,MEDIUM,70.15
14,49.1,4,6,1,9.0,MEDIUM,60.55
13,39.2,3,16,2,46.3,LOW,60.14
9,25.0,2,16,1,10.7,LOW,36.82
18,67.8,1,11,1,23.3,MEDIUM,61.75
12,53.5,1,12,1,4.6,MEDIUM,43.62
25,88.2,3,9,2,50.2,HIGH,106.4
14,60.9,1,6,3,7.6,MEDIUM,46.11
6,15.0,3,13,2,18.8,LOW,39.62
8,19.8,1,22,1,0.8,LOW,29.51
6,17.3,2,0,1,7.5,LOW,27.77
14,35.7,2,16,1,39.5,LOW,55.76
12,39.5,3,3,1,0.6,LOW,50.8
12,47.9,2,20,2,23.5,LOW,61.55
11,25.2,2,4,1,1.3,LOW,34.92
20,73.5,2,19,1,44.4,HIGH,80.8
12,33.4,4,23,2,2.7,LOW,47.99
9,25.7,2,22,2,12.6,LOW,45.05
11,36.6,1,6,2,0.2,LOW,32.37
20,67.6,3,9,2,2.7,MEDIUM,70.66
13,50.2,2,16,2,7.4,MEDIUM,51.24
8,26.0,3,6,2,2.1,LOW,43.59
11,41.5,1,0,2,11.4,LOW,39.97
11,43.8,1,6,1,9.0,LOW,34.22
6,21.1,4,23,1,37.6,LOW,47.24
24,94.7,4,10,3,7.0,HIGH,102.16
15,47.3,2,8,3,11.7,MEDIUM,65.32
16,49.5,1,11,2,0.6,MEDIUM,53.84
13,39.5,2,2,2,0.4,LOW,36.78
9,44.0,1,3,1,7.0,LOW,32.06
8,32.2,2,3,2,33.8,LOW,50.89
5,24.2,2,12,3,2.5,LOW,30.72
14,51.8,3,22,3,0.0,MEDIUM,52.03
24,81.0,1,18,1,3.3,HIGH,63.17
20,68.9,2,9,1,10.7,MEDIUM,68.2
11,31.5,3,4,1,13.0,LOW,45.77
12,53.3,3,6,1,12.2,MEDIUM,51.31
9,30.0,2,23,1,0.7,LOW,31.1
13,39.0,2,15,2,11.8,LOW,50.19
10,25.2,3,0,1,0.7,LOW,33.01
20,78.4,3,11,2,34.8,HIGH,92.64
14,53.9,1,1,2,3.7,MEDIUM,40.03
3,15.0,1,6,2,9.5,LOW,25.02
13,33.0,3,10,2,5.3,LOW,45.91
14,50.0,2,12,2,2.2,MEDIUM,48.83
11,35.8,5,1,2,7.6,LOW,57.43
13,41.2,2,6,1,0.1,LOW,45.05
5,25.4,1,14,3,5.6,LOW,26.92
18,53.2,2,10,1,0.3,MEDIUM,59.18
11,28.7,2,1,3,6.7,LOW,44.28
6,15.0,2,6,1,4.9,LOW,24.2
10,28.5,3,3,1,18.0,LOW,44.58
19,56.2,3,10,1,27.1,MEDIUM,75.84
13,49.7,1,1,2,8.4,MEDIUM,48.87
14,42.2,3,15,1,1.6,LOW,50.54
6,21.6,2,6,2,5.9,LOW,29.43
4,15.0,2,12,2,0.0,LOW,25.26
7,29.7,3,4,1,11.7,LOW,34.84
13,48.5,2,16,2,0.3,LOW,42.95
24,81.9,2,20,1,13.2,HIGH,77.95
25,94.6,2,11,2,2.5,HIGH,75.44
24,78.2,3,18,2,2.3,HIGH,78.72
5,15.0,1,6,1,0.8,LOW,24.69
3,15.0,2,5,3,9.3,LOW,27.33
6,24.2,2,7,2,3.6,LOW,36.31
11,25.9,1,12,2,0.8,LOW,29.18
9,37.5,3,4,2,3.1,LOW,36.32
8,23.5,2,1,3,20.4,LOW,46.94
18,65.1,1,8,1,0.3,MEDIUM,47.31
23,73.6,2,10,1,8.8,HIGH,73.11
6,28.4,1,23,1,5.6,LOW,22.41
8,33.4,3,5,3,7.3,LOW,51.79
5,23.2,2,6,1,4.0,LOW,31.01
5,19.7,1,6,3,5.3,LOW,29.8
25,83.9,5,18,1,11.4,HIGH,95.11
12,30.6,1,5,1,5.3,LOW,36.31
21,71.7,2,10,1,3.8,HIGH,71.96
25,91.9,3,10,2,2.6,HIGH,79.91
10,38.8,2,6,3,4.8,LOW,39.3
11,33.0,5,1,1,6.9,LOW,55.57
16,72.8,3,18,2,3.8,MEDIUM,68.39
9,37.0,4,3,1,18.5,LOW,59.68
14,43.1,2,5,2,44.1,LOW,68.61
4,15.0,2,16,1,1.8,LOW,19.43
9,24.4,3,4,1,8.3,LOW,39.73
13,43.4,4,6,2,1.8,LOW,56.14
20,77.5,4,8,2,6.2,HIGH,73.9
10,36.7,4,0,1,4.0,LOW,46.6
6,30.3,3,0,1,2.3,LOW,31.96
25,94.5,1,18,2,3.3,HIGH,72.21
14,55.8,2,5,2,1.1,MEDIUM,43.89
14,57.7,1,17,3,0.7,MEDIUM,51.91
19,64.6,1,9,2,4.8,MEDIUM,68.56
19,65.6,1,10,3,13.5,MEDIUM,61.94
7,15.5,1,0,1,9.2,LOW,22.56
10,37.5,1,0,1,7.2,LOW,38.42
5,18.4,5,12,1,4.4,LOW,46.87
11,49.4,2,4,1,5.1,LOW,35.41
16,52.3,1,19,2,0.2,MEDIUM,49.93
13,38.0,3,0,2,22.5,LOW,60.07
14,38.9,3,19,1,3.0,LOW,55.96
5,25.3,2,2,2,19.7,LOW,36.34
12,41.9,1,17,2,10.1,LOW,52.3
24,79.8,1,8,2,6.6,HIGH,74.77
13,45.6,2,13,1,4.7,LOW,42.32
8,19.6,1,16,2,3.1,LOW,22.42
4,15.0,3,22,1,8.1,LOW,35.7
10,44.4,3,13,3,28.1,LOW,71.78
9,31.8,3,3,3,13.1,LOW,47.81
4,16.1,2,4,1,4.0,LOW,30.66
23,78.3,1,20,1,5.3,HIGH,67.89
7,20.0,2,16,2,5.1,LOW,33.85
21,67.6,2,21,1,2.4,MEDIUM,73.52
12,34.6,3,1,1,15.0,LOW,56.76
4,20.4,4,22,3,9.4,LOW,39.51
12,43.7,1,21,1,7.3,LOW,45.33
14,44.4,5,4,1,4.5,LOW,64.49
9,35.0,4,3,2,2.2,LOW,45.89
7,18.9,1,3,1,8.2,LOW,29.52
4,19.7,1,5,1,2.2,LOW,14.09
21,66.4,2,19,2,0.1,MEDIUM,66.14
20,68.9,2,20,1,0.6,MEDIUM,70.0
5,15.0,1,12,2,9.5,LOW,27.56
21,80.3,1,21,3,3.8,HIGH,72.72
12,49.5,4,4,3,1.8,LOW,58.93
3,15.0,1,22,1,2.2,LOW,15.72
9,30.2,2,22,1,5.5,LOW,39.72
3,15.0,3,6,2,18.9,LOW,44.94
13,45.5,4,19,2,2.5,LOW,66.11
14,43.4,2,0,3,8.5,LOW,51.35
8,32.5,1,13,2,14.0,LOW,42.97
3,15.0,3,23,1,5.4,LOW,31.62
14,48.2,3,3,1,0.2,MEDIUM,45.41
9,32.1,5,16,2,12.7,LOW,57.95
15,60.3,1,20,3,16.9,MEDIUM,62.81
5,16.7,3,13,1,0.3,LOW,31.16
14,58.4,2,15,2,1.0,MEDIUM,44.59
12,46.0,4,13,1,0.7,LOW,49.78
3,15.4,2,15,1,2.0,LOW,22.44
4,15.0,2,23,1,5.5,LOW,21.96
12,33.6,1,19,3,0.3,LOW,43.3
11,38.0,2,7,2,1.5,LOW,47.38
6,15.0,2,23,3,4.2,LOW,30.35
9,19.8,1,2,3,8.0,LOW,37.03
14,44.8,2,18,1,19.2,LOW,60.81
11,27.7,2,0,2,14.2,LOW,41.61
11,43.3,3,1,3,0.4,LOW,47.82
8,20.4,1,14,2,27.3,LOW,40.67
21,61.5,3,21,2,2.5,MEDIUM,74.6
14,44.3,3,9,1,3.6,LOW,52.79
23,81.7,1,17,2,0.6,HIGH,72.05
19,62.0,1,21,1,22.0,MEDIUM,68.72
7,28.7,3,13,1,6.3,LOW,38.36
11,41.2,1,16,1,5.8,LOW,33.55
4,15.5,1,12,1,0.1,LOW,20.23
4,15.0,2,0,1,0.0,LOW,21.76
5,19.6,2,4,1,9.2,LOW,30.92
5,15.0,2,12,1,5.3,LOW,32.63
14,46.9,5,13,1,5.7,MEDIUM,64.02
9,37.6,4,23,1,8.4,LOW,46.24
3,15.0,4,2,2,1.3,LOW,28.88
4,15.6,2,14,2,51.2,LOW,49.26
14,36.7,5,18,2,0.7,LOW,67.53
3,15.0,3,16,3,2.5,LOW,28.3
11,35.6,3,2,1,9.5,LOW,40.43
12,38.9,2,15,1,5.8,LOW,41.56
11,35.4,1,13,1,0.8,LOW,29.24
18,62.9,4,11,3,11.9,MEDIUM,86.51
21,68.8,2,11,2,28.2,MEDIUM,77.75
21,72.1,5,10,1,5.1,HIGH,80.1
3,15.0,1,16,1,2.3,LOW,16.63
7,21.3,5,7,2,0.9,LOW,44.79
5,18.8,1,16,1,1.8,LOW,16.65
17,56.8,2,20,2,3.0,MEDIUM,63.15
5,19.1,2,22,3,1.7,LOW,33.8
12,44.5,3,19,2,9.2,LOW,61.41
13,47.9,3,10,3,0.2,LOW,62.3
3,15.0,2,1,1,4.2,LOW,30.0
20,55.8,1,9,2,3.7,MEDIUM,54.46
17,50.8,2,9,3,16.8,MEDIUM,66.59
22,85.7,2,10,2,2.5,HIGH,71.82
3,16.0,3,5,2,7.0,LOW,32.83
8,24.8,1,3,2,0.0,LOW,19.73
12,44.3,2,23,3,19.9,LOW,55.77
14,44.0,5,11,1,8.1,LOW,67.69
15,54.9,1,10,1,12.6,MEDIUM,56.23
10,28.2,2,22,1,6.7,LOW,45.88
9,32.9,1,22,3,13.5,LOW,40.12
10,32.8,1,12,3,0.7,LOW,34.39
10,38.5,2,4,1,9.9,LOW,40.44
12,54.8,2,5,1,1.3,MEDIUM,43.52
5,17.5,2,0,3,6.9,LOW,33.08
4,15.0,4,5,1,34.0,LOW,47.95
19,65.8,3,17,1,1.6,MEDIUM,69.16
22,74.2,4,21,1,2.4,HIGH,82.61
25,70.7,2,8,1,1.9,HIGH,71.5
4,15.0,2,23,2,4.3,LOW,27.23
13,48.6,2,14,1,5.4,LOW,48.33
10,40.2,3,7,2,1.4,LOW,48.55
14,53.9,2,18,3,0.2,MEDIUM,60.93
14,57.4,1,23,1,3.3,MEDIUM,50.07
6,18.7,1,15,1,3.9,LOW,32.38
14,41.7,2,5,3,3.9,LOW,60.54
7,15.0,1,5,2,8.7,LOW,27.98
14,47.6,1,21,1,4.8,MEDIUM,49.19
14,44.0,3,2,1,0.9,LOW,48.33
25,79.8,1,9,1,21.5,HIGH,76.25
7,15.0,2,0,2,9.6,LOW,37.5
11,35.1,3,13,1,1.9,LOW,41.65
11,32.4,1,3,1,21.9,LOW,44.21
21,67.1,1,11,1,38.2,MEDIUM,75.04
6,30.9,1,5,2,1.8,LOW,22.17
12,40.6,2,10,1,3.8,LOW,46.39
14,46.6,3,11,2,0.6,LOW,61.09
18,66.0,2,9,1,5.3,MEDIUM,60.32
25,82.1,2,17,1,12.4,HIGH,80.57
9,33.5,2,6,2,18.7,LOW,40.47
14,51.7,3,6,2,6.3,MEDIUM,51.97
17,51.9,1,10,2,3.2,MEDIUM,58.79
3,15.0,3,3,2,6.8,LOW,29.47
17,49.0,3,19,1,1.0,MEDIUM,64.24
9,24.0,1,0,2,14.4,LOW,34.27
10,29.6,2,12,1,5.9,LOW,36.15
21,73.5,1,17,1,32.3,HIGH,78.86
22,68.3,2,8,2,4.1,HIGH,80.52
7,24.6,1,23,3,8.5,LOW,31.36
13,42.5,1,23,2,3.3,LOW,48.74
17,56.0,2,8,2,1.3,MEDIUM,58.83
10,38.5,3,22,3,11.2,LOW,51.47
25,95.2,4,8,1,8.9,HIGH,103.69
24,71.8,3,9,3,12.1,HIGH,85.78
6,23.6,2,1,2,31.3,LOW,43.94
6,32.4,5,5,2,40.2,LOW,68.57
5,22.8,1,14,2,21.2,LOW,33.35
7,27.4,1,2,2,18.0,LOW,37.47
25,74.1,2,10,2,2.9,HIGH,74.72
3,17.6,2,5,1,5.1,LOW,23.34
14,57.6,2,2,3,0.4,MEDIUM,52.71
6,24.3,3,23,1,9.2,LOW,34.4
19,70.2,1,10,1,6.3,MEDIUM,66.86
8,33.5,2,14,1,9.8,LOW,36.44
4,17.7,2,12,1,9.1,LOW,29.77
14,52.4,3,19,1,2.5,MEDIUM,61.7
18,51.5,4,9,1,4.9,MEDIUM,71.31
12,55.8,3,5,1,0.9,MEDIUM,43.8
3,16.0,2,14,1,0.7,LOW,25.55
12,46.3,3,17,1,4.9,LOW,55.59
22,77.0,1,17,1,6.5,HIGH,66.75
6,15.0,5,6,3,3.1,LOW,44.13
10,20.1,3,14,1,0.5,LOW,39.99
17,60.8,2,17,1,8.7,MEDIUM,56.74
18,61.0,3,17,1,9.1,MEDIUM,62.5
19,69.1,2,19,1,3.1,MEDIUM,63.67
17,56.0,1,8,2,0.0,MEDIUM,55.26
10,31.9,3,23,1,8.1,LOW,40.73
6,18.8,2,1,1,0.6,LOW,24.45
13,41.5,4,7,1,2.0,LOW,57.02
13,37.8,2,19,2,2.3,LOW,55.0
10,26.5,3,1,2,2.4,LOW,44.53
19,67.5,3,10,1,7.7,MEDIUM,74.09
4,17.3,4,6,1,0.7,LOW,37.25
13,26.5,1,5,1,8.3,LOW,32.04
24,80.4,2,9,2,5.3,HIGH,77.57
9,29.2,3,4,1,3.4,LOW,38.88
13,46.9,2,10,1,7.4,LOW,52.9
3,15.0,2,0,1,16.5,LOW,20.47
6,24.5,2,1,1,6.3,LOW,30.8
6,18.3,5,23,1,1.4,LOW,45.04
6,16.2,3,0,1,6.5,LOW,31.01
14,37.3,2,18,1,4.8,LOW,50.92
7,23.1,3,1,1,22.6,LOW,49.11
12,31.4,2,20,2,7.2,LOW,43.65
13,40.0,5,19,1,0.3,LOW,61.25
12,32.4,2,22,2,1.0,LOW,40.92
21,79.5,2,20,2,6.1,HIGH,66.22
7,16.1,1,23,2,12.7,LOW,31.89
10,28.8,2,3,3,0.8,LOW,36.58
14,50.9,2,11,1,6.7,MEDIUM,46.75
19,71.4,3,21,1,4.8,MEDIUM,70.12
21,67.0,4,19,2,3.6,MEDIUM,89.98
19,73.7,4,17,2,0.7,MEDIUM,72.27
11,35.7,1,0,2,16.9,LOW,45.13
10,41.0,2,0,1,11.5,LOW,40.44
7,24.1,3,23,2,20.3,LOW,51.09
7,15.9,1,13,3,1.5,LOW,27.86
11,32.2,2,3,1,6.8,LOW,32.78
7,23.1,2,4,3,0.2,LOW,40.79
19,70.9,1,10,1,1.6,MEDIUM,58.6
8,30.5,1,23,1,12.4,LOW,29.45
13,51.8,3,22,1,2.7,MEDIUM,53.83
13,40.0,2,12,1,1.8,LOW,42.78
3,15.0,3,15,2,6.3,LOW,32.35
13,47.8,3,23,2,8.5,LOW,46.48
14,50.3,1,12,2,7.5,MEDIUM,39.97
14,46.7,1,23,1,0.8,LOW,40.22
25,82.0,1,21,1,21.3,HIGH,75.77
3,15.0,2,1,1,1.6,LOW,26.51
4,15.0,4,15,3,20.8,LOW,41.61
8,29.2,3,5,1,5.3,LOW,36.76
7,27.6,1,13,3,0.9,LOW,30.39
4,21.4,1,0,1,1.3,LOW,19.39
8,27.2,3,16,1,4.5,LOW,41.49
20,70.0,2,10,1,49.9,MEDIUM,90.62
21,61.5,3,18,1,17.4,MEDIUM,75.78
13,44.9,1,2,3,31.4,LOW,54.74
13,47.9,2,10,2,4.9,LOW,51.16
6,15.6,2,4,3,9.1,LOW,39.47
12,49.3,3,16,2,5.9,LOW,55.29
18,56.4,1,21,2,0.2,MEDIUM,51.45
9,32.2,1,6,2,1.2,LOW,31.1
23,79.3,2,9,2,2.7,HIGH,74.13
24,76.4,1,10,2,3.0,HIGH,69.64
11,36.5,3,2,1,9.5,LOW,50.3
17,58.1,1,19,1,10.2,MEDIUM,54.76
18,61.8,1,9,2,4.8,MEDIUM,62.78
25,75.7,4,9,1,3.8,HIGH,80.58
10,36.1,2,13,1,1.6,LOW,35.16
12,46.8,1,11,3,0.3,LOW,45.85
7,29.1,1,14,1,7.0,LOW,26.92
14,52.1,4,9,2,3.4,MEDIUM,69.74
16,48.5,3,9,1,5.2,MEDIUM,64.57
14,51.7,5,18,2,18.5,MEDIUM,82.15
8,18.2,3,0,1,8.8,LOW,33.77
13,43.1,3,23,3,12.1,LOW,54.52
17,51.0,2,9,3,1.6,MEDIUM,56.99
14,53.5,3,1,3,0.0,MEDIUM,58.53
8,27.8,2,16,1,1.2,LOW,34.61
9,18.9,3,23,1,11.7,LOW,39.37
11,35.3,3,6,3,4.7,LOW,50.89
5,15.0,3,6,2,1.9,LOW,30.99
20,64.6,2,19,3,26.1,MEDIUM,76.75
21,69.3,2,8,2,5.3,MEDIUM,70.29
20,71.9,2,21,1,3.7,MEDIUM,61.85
7,29.2,2,1,1,30.2,LOW,34.89
6,15.0,5,13,2,1.1,LOW,45.82
10,32.2,2,16,2,7.3,LOW,37.37
5,15.0,1,0,1,11.1,LOW,22.8
16,46.7,2,8,1,22.6,MEDIUM,58.23
15,49.3,3,19,2,14.4,MEDIUM,69.79
24,86.8,4,20,2,2.7,HIGH,90.33
13,37.9,2,18,1,2.4,LOW,50.35
14,52.7,1,3,1,0.8,MEDIUM,34.78
6,15.0,1,7,1,1.5,LOW,28.86
12,50.3,1,12,1,10.5,LOW,42.27
14,47.4,1,3,3,2.7,MEDIUM,47.23
16,49.9,3,8,2,4.7,MEDIUM,57.63
23,82.0,2,8,2,9.4,HIGH,78.07
13,59.1,2,21,2,8.7,MEDIUM,57.71
21,79.5,3,17,1,12.6,HIGH,72.22
12,40.4,2,11,2,0.5,LOW,45.87
18,68.9,1,9,3,6.8,MEDIUM,70.15
18,74.9,2,10,2,17.8,MEDIUM,69.74
8,24.9,1,6,1,3.7,LOW,26.1
21,72.4,2,8,2,1.7,HIGH,66.79
9,25.7,3,5,3,0.6,LOW,44.97
12,38.5,4,18,1,22.5,LOW,69.06
7,22.1,1,15,1,0.0,LOW,26.43
9,28.0,2,14,3,12.6,LOW,43.95
14,54.7,3,6,3,2.5,MEDIUM,61.99
6,15.0,2,15,1,2.2,LOW,22.82
7,24.0,2,4,1,1.4,LOW,28.45
9,30.3,1,15,1,1.7,LOW,27.31
8,24.4,3,0,1,5.8,LOW,42.71
20,72.9,4,18,3,16.7,HIGH,79.7
3,15.0,5,4,1,3.7,LOW,32.14
4,15.0,3,6,1,10.9,LOW,26.3
21,73.3,1,18,3,2.3,HIGH,66.72
23,77.9,3,21,1,18.8,HIGH,82.13
5,20.7,2,4,2,19.6,LOW,29.67
3,19.6,4,16,1,0.9,LOW,35.67
12,47.2,4,21,2,14.6,LOW,70.09
4,27.0,5,7,3,9.7,LOW,51.04
14,52.6,4,0,1,4.0,MEDIUM,51.9
4,15.0,2,1,2,14.4,LOW,42.12
9,34.5,3,14,3,18.7,LOW,56.37
13,39.8,5,19,3,5.5,LOW,75.03
15,58.9,2,17,1,5.7,MEDIUM,52.61
20,66.4,3,10,1,9.7,MEDIUM,68.61
18,53.2,4,9,1,2.2,MEDIUM,63.57
12,42.8,2,23,1,0.6,LOW,38.54
7,22.1,1,23,1,6.0,LOW,24.13
5,19.5,1,3,1,3.1,LOW,19.9
3,15.0,1,4,2,1.0,LOW,22.63
3,15.0,2,3,2,1.2,LOW,27.4
4,15.8,2,12,3,1.9,LOW,32.11
13,49.4,2,12,2,3.3,MEDIUM,52.18
16,55.5,2,17,1,4.6,MEDIUM,57.76
5,16.3,5,23,2,25.1,LOW,61.51
13,42.7,1,1,2,5.3,LOW,41.87
12,38.7,4,15,1,19.6,LOW,60.17
12,39.2,1,0,1,6.3,LOW,33.18
23,83.4,2,18,3,1.4,HIGH,73.97
18,69.2,2,8,1,14.8,MEDIUM,68.39
6,25.2,3,2,3,0.1,LOW,38.02
12,42.7,2,6,3,6.6,LOW,54.51
12,41.4,1,9,1,3.3,LOW,37.94
8,28.6,2,0,2,4.6,LOW,30.88
19,66.1,1,9,1,12.8,MEDIUM,63.05
25,81.5,2,20,3,0.0,HIGH,76.88
12,36.5,2,8,2,1.6,LOW,47.99
8,27.7,2,14,1,13.4,LOW,38.53
7,18.7,3,14,2,6.3,LOW,39.85
13,39.5,4,2,2,2.4,LOW,52.97
8,23.2,2,4,1,5.5,LOW,30.42
17,64.9,1,8,3,4.1,MEDIUM,64.35
23,87.2,3,21,1,11.7,HIGH,82.36
19,64.6,2,8,2,11.3,MEDIUM,70.89
5,17.4,2,22,1,5.0,LOW,26.23
3,15.0,2,6,2,2.6,LOW,23.92
6,15.0,3,23,2,0.1,LOW,30.44
9,31.3,4,22,2,5.1,LOW,51.11
25,96.9,5,11,2,7.2,HIGH,99.61
12,40.4,4,8,2,7.4,LOW,58.12
6,19.8,3,5,1,16.2,LOW,42.2
11,36.9,4,22,1,5.0,LOW,43.8
13,42.8,1,1,1,10.2,LOW,45.15
16,57.0,3,8,1,1.1,MEDIUM,57.71
11,39.2,1,16,1,11.6,LOW,38.77
14,35.3,3,0,3,4.7,LOW,54.02
17,61.3,1,18,3,9.5,MEDIUM,57.97
4,15.0,2,5,1,14.4,LOW,27.35
9,34.6,1,4,1,2.3,LOW,35.18
9,30.8,2,1,1,8.8,LOW,40.22
14,48.4,2,8,2,1.1,MEDIUM,58.42
12,42.1,1,13,1,0.9,LOW,31.92
13,41.0,3,3,2,2.7,LOW,47.46
11,33.8,4,3,2,1.1,LOW,49.17
13,48.7,3,20,2,4.8,LOW,58.73
4,15.0,3,14,1,16.2,LOW,31.4
5,15.0,3,7,1,0.6,LOW,29.31
14,50.5,4,3,1,3.6,MEDIUM,58.04
4,16.2,2,15,1,1.9,LOW,27.9
12,40.6,2,20,3,4.9,LOW,53.73
9,31.9,4,3,1,8.0,LOW,48.84
10,34.7,2,15,1,15.3,LOW,39.04
22,78.5,1,21,3,0.2,HIGH,62.5
12,45.8,3,11,1,6.7,LOW,59.5
13,47.3,1,15,1,9.4,LOW,41.9
19,70.0,2,18,3,1.2,MEDIUM,72.09
6,30.1,1,7,2,22.2,LOW,34.55
3,15.0,3,5,1,0.7,LOW,21.75
22,74.5,5,9,2,3.1,HIGH,81.68
7,15.0,1,4,2,2.2,LOW,21.76
22,67.0,1,17,1,0.6,MEDIUM,57.1
19,66.8,1,9,2,9.6,MEDIUM,65.41
16,52.9,3,9,2,5.7,MEDIUM,64.18
7,20.9,2,6,3,4.5,LOW,39.38
13,47.6,2,17,3,1.8,LOW,53.83
12,45.1,1,0,1,4.7,LOW,42.92
11,39.4,2,6,2,18.5,LOW,51.47
25,82.6,2,20,1,3.5,HIGH,74.99
10,45.8,2,0,1,5.7,LOW,37.67
5,16.5,1,14,1,21.1,LOW,34.51
5,22.5,2,3,2,9.4,LOW,30.75
22,73.5,2,19,2,0.3,HIGH,72.87
21,65.1,2,9,1,3.2,MEDIUM,68.71
6,20.9,2,22,2,30.0,LOW,48.02
24,96.6,3,8,2,16.0,HIGH,86.84
6,26.3,2,1,2,17.1,LOW,47.95
13,43.6,4,13,1,21.8,LOW,69.17
6,23.8,1,15,2,8.0,LOW,30.52
14,45.7,1,0,3,12.1,LOW,43.85
9,34.8,1,1,1,8.5,LOW,35.84
9,42.3,2,6,1,6.0,LOW,41.66
21,68.2,1,9,3,5.9,MEDIUM,62.49
25,86.6,1,21,2,0.1,HIGH,71.51
19,66.9,2,19,2,2.1,MEDIUM,69.95
9,28.3,3,0,1,0.2,LOW,29.06
10,31.4,3,12,2,4.8,LOW,46.26
10,35.1,2,0,1,10.2,LOW,41.18
9,26.8,2,4,1,22.3,LOW,37.74
3,16.4,3,15,1,0.1,LOW,28.66
6,19.4,2,14,1,5.4,LOW,28.77
5,16.3,3,16,2,9.6,LOW,36.31
14,42.0,5,22,3,8.8,LOW,69.41
11,32.5,4,15,1,11.2,LOW,51.32
14,44.7,2,12,2,14.9,LOW,52.13
23,75.3,2,10,1,19.6,HIGH,76.34
10,27.9,3,16,1,1.6,LOW,40.52
11,42.5,2,16,3,24.8,LOW,52.26
7,32.4,3,1,1,13.1,LOW,49.91
7,22.9,2,12,1,18.4,LOW,32.88
12,35.4,3,13,1,3.4,LOW,47.26
22,69.8,1,10,2,52.4,HIGH,83.54
15,52.3,1,9,1,0.1,MEDIUM,60.65
9,31.2,2,2,1,16.4,LOW,37.57
10,24.7,2,16,2,9.1,LOW,47.41
7,15.0,1,14,1,1.2,LOW,19.67
17,58.4,2,8,1,14.2,MEDIUM,66.39
24,86.0,1,9,1,12.6,HIGH,73.46
6,27.6,2,7,1,6.2,LOW,32.13
21,67.7,2,20,2,8.0,MEDIUM,72.6
10,40.8,1,12,2,1.1,LOW,37.7
22,73.3,2,17,2,4.9,HIGH,74.64
7,16.8,1,4,1,0.3,LOW,21.44
11,48.3,3,5,1,6.9,LOW,48.51
10,24.3,1,16,1,4.8,LOW,30.51
20,67.0,3,10,1,0.7,MEDIUM,68.54
24,77.8,1,19,1,4.2,HIGH,67.28
10,36.3,2,15,1,4.6,LOW,39.71
15,56.7,2,8,1,10.7,MEDIUM,56.93
3,15.0,1,1,2,0.4,LOW,22.58
8,23.5,1,4,1,7.6,LOW,33.54
4,19.3,2,0,1,5.8,LOW,24.73
8,22.1,1,3,1,2.6,LOW,27.87
13,35.0,2,3,1,10.9,LOW,43.36
19,62.0,2,21,2,6.6,MEDIUM,63.55
4,15.0,1,2,1,5.9,LOW,17.45
20,72.8,2,8,1,24.4,HIGH,72.25
21,71.9,5,21,1,13.5,HIGH,81.09
12,36.5,4,22,1,1.8,LOW,58.83
14,53.4,1,11,2,3.9,MEDIUM,50.39
15,51.0,1,9,3,8.7,MEDIUM,57.72
3,15.0,2,1,1,6.4,LOW,21.51
24,77.7,1,10,2,4.5,HIGH,69.45
18,58.2,1,9,1,31.8,MEDIUM,62.28
12,52.7,1,21,1,1.5,MEDIUM,46.88
6,19.4,1,5,1,3.3,LOW,20.48
22,67.1,2,17,3,4.0,MEDIUM,80.92
10,33.1,2,1,1,0.6,LOW,33.39
9,34.8,1,1,3,5.0,LOW,38.24
16,54.0,2,9,1,5.9,MEDIUM,52.83
8,33.7,2,15,1,2.5,LOW,33.45
24,86.2,2,11,2,26.1,HIGH,80.47
7,27.9,5,0,3,6.1,LOW,49.01
14,51.7,5,20,2,7.0,MEDIUM,77.73
9,38.3,2,7,2,17.9,LOW,51.48
12,47.3,3,15,1,2.6,LOW,47.92
18,54.6,1,17,1,8.0,MEDIUM,55.99
3,15.0,2,12,1,4.8,LOW,26.68
8,30.8,3,14,1,3.7,LOW,39.58
14,42.2,2,20,3,3.8,LOW,53.14
21,64.8,1,11,2,0.2,MEDIUM,64.75
5,22.3,1,7,2,13.8,LOW,31.66
18,58.7,2,9,1,7.0,MEDIUM,67.07
7,28.1,2,13,2,21.6,LOW,46.69
7,27.4,5,4,3,14.9,LOW,50.07
14,47.8,1,17,1,33.5,MEDIUM,56.22
19,69.8,4,18,1,0.3,MEDIUM,83.71
6,23.4,1,14,2,8.4,LOW,26.99
14,52.8,4,5,2,24.7,MEDIUM,69.37
23,69.9,3,10,3,11.7,HIGH,83.75
19,63.6,1,20,1,3.1,MEDIUM,55.67
22,66.5,1,10,1,1.0,MEDIUM,69.12
13,42.2,1,19,1,8.8,LOW,46.8
15,45.0,5,19,1,8.6,MEDIUM,66.46
18,55.3,2,20,2,2.8,MEDIUM,60.41
17,58.1,3,17,1,13.1,MEDIUM,71.82
23,87.9,1,17,3,8.0,HIGH,72.83
20,70.0,4,9,3,4.3,MEDIUM,84.34
7,25.4,1,1,1,5.0,LOW,23.72
19,56.1,1,8,1,2.3,MEDIUM,54.37
9,40.9,2,13,2,6.2,LOW,46.39
24,82.9,2,18,2,5.6,HIGH,80.9
15,57.7,1,9,1,23.0,MEDIUM,61.35
3,15.0,2,22,1,5.7,LOW,19.7
13,48.2,1,3,2,12.0,LOW,50.15
6,15.0,2,5,2,7.6,LOW,27.74
7,25.7,2,13,1,2.0,LOW,29.36
6,24.8,1,3,2,0.4,LOW,26.15
8,37.3,2,14,3,9.7,LOW,48.61
11,49.6,3,15,1,13.0,LOW,52.69
14,52.5,1,6,2,16.6,MEDIUM,51.56
3,15.0,2,16,1,9.2,LOW,22.33
24,78.7,3,18,1,4.6,HIGH,83.44
24,78.8,1,18,1,5.4,HIGH,69.25
4,20.9,2,16,1,11.4,LOW,22.0
3,15.0,1,5,2,1.6,LOW,29.26
13,46.0,1,10,2,4.8,LOW,44.82
4,25.8,3,15,1,0.4,LOW,24.57
11,36.7,1,7,1,0.9,LOW,30.87
23,72.1,2,10,2,2.1,HIGH,77.27
12,44.0,3,6,1,8.0,LOW,58.64
3,15.0,1,23,1,20.2,LOW,25.71
18,56.6,2,21,2,3.6,MEDIUM,65.12
13,44.1,4,18,3,5.6,LOW,64.68
13,57.6,2,9,1,6.8,MEDIUM,59.68
23,76.3,1,8,2,2.7,HIGH,65.96
11,41.2,2,3,1,9.4,LOW,46.15
14,46.2,1,22,2,1.9,LOW,51.62
12,41.8,1,14,2,1.7,LOW,42.68
12,49.1,3,12,2,1.8,LOW,51.7
4,18.1,1,1,2,5.2,LOW,20.75
8,27.4,1,1,1,2.3,LOW,25.57
4,15.0,2,15,1,4.5,LOW,17.55
24,90.7,5,8,1,3.8,HIGH,92.96
14,58.2,1,12,2,14.2,MEDIUM,51.65
12,41.3,1,2,3,2.0,LOW,36.32
21,76.7,2,8,2,2.9,HIGH,72.07
11,44.0,2,12,2,24.4,LOW,52.05
25,80.7,2,20,1,2.2,HIGH,69.35
24,80.6,4,21,1,12.8,HIGH,85.69
10,38.5,1,1,1,1.2,LOW,27.11
5,18.8,1,7,1,7.1,LOW,21.77
12,37.1,1,8,1,0.8,LOW,40.53
13,40.6,3,15,2,4.2,LOW,47.51
12,45.6,2,1,1,24.9,LOW,45.46
10,28.4,3,5,2,8.2,LOW,48.62
16,52.2,5,21,2,1.9,MEDIUM,69.24
10,29.1,1,7,1,13.2,LOW,37.49
8,30.4,5,4,2,8.5,LOW,53.53
18,68.2,1,8,1,21.0,MEDIUM,66.86
4,15.0,2,0,1,2.1,LOW,22.38
23,71.9,3,8,1,1.0,HIGH,79.39
25,82.9,3,9,1,8.1,HIGH,92.0
8,32.6,3,22,2,19.6,LOW,50.76
4,15.0,2,3,3,12.0,LOW,25.63
3,15.0,4,2,1,4.2,LOW,37.02
14,56.4,3,9,1,4.5,MEDIUM,56.7
13,44.8,2,14,1,3.2,LOW,32.48
16,56.8,4,10,2,19.9,MEDIUM,76.05
12,40.5,5,13,1,13.4,LOW,66.27
12,31.5,2,5,2,2.5,LOW,45.47
23,75.3,3,11,2,3.1,HIGH,77.07
4,19.2,3,12,1,10.8,LOW,40.63
13,49.2,3,16,3,4.4,MEDIUM,52.43
11,41.6,1,15,1,7.5,LOW,44.36
14,46.7,2,2,3,1.4,LOW,47.94
7,27.8,5,1,1,14.0,LOW,49.85
20,68.3,1,10,1,6.5,MEDIUM,53.4
22,64.5,3,8,2,14.0,MEDIUM,78.13
14,42.3,2,2,2,10.0,LOW,51.91
17,54.0,1,17,2,4.5,MEDIUM,54.57
22,67.2,1,19,1,9.1,MEDIUM,58.41
7,23.3,3,14,3,0.5,LOW,40.45
3,15.0,2,13,1,4.6,LOW,23.02
14,58.6,2,1,1,4.6,MEDIUM,48.77
6,16.6,2,16,1,4.4,LOW,30.55
20,64.3,2,21,2,1.0,MEDIUM,65.65
4,19.1,1,7,2,5.3,LOW,23.88
17,53.9,3,9,1,11.5,MEDIUM,72.08
25,91.7,3,17,1,3.1,HIGH,79.65
19,64.7,1,18,1,13.7,MEDIUM,65.53
8,25.3,2,7,1,7.0,LOW,34.07
4,15.0,2,7,1,10.3,LOW,24.65
3,20.7,1,2,2,18.2,LOW,33.54
6,20.0,4,2,2,5.3,LOW,39.21
18,53.6,2,11,3,14.9,MEDIUM,71.88
24,92.6,1,21,1,1.2,HIGH,65.46
13,48.9,2,16,1,12.1,LOW,43.43
3,15.0,2,3,1,14.4,LOW,31.13
7,15.0,1,16,2,18.7,LOW,24.14
11,33.5,1,13,1,0.7,LOW,26.2
16,53.9,1,18,3,1.0,MEDIUM,60.84
22,66.9,2,8,2,0.2,MEDIUM,77.77
17,54.9,2,20,1,5.6,MEDIUM,63.51
21,65.2,4,11,1,1.7,MEDIUM,70.55
3,15.0,2,4,2,6.7,LOW,28.76
24,86.6,3,10,2,17.8,HIGH,83.24
21,76.0,3,19,1,3.2,HIGH,72.05
14,52.2,2,2,1,0.0,MEDIUM,42.37
24,77.6,3,20,2,17.6,HIGH,92.58
13,54.5,2,14,2,7.8,MEDIUM,49.98
9,32.2,2,13,1,1.8,LOW,24.89
25,73.2,2,10,1,9.4,HIGH,77.84
18,64.6,3,19,1,8.0,MEDIUM,66.85
3,15.0,2,7,3,3.8,LOW,26.43
7,22.3,2,3,1,1.9,LOW,34.72
15,52.6,1,11,2,39.1,MEDIUM,68.05
6,22.8,2,7,2,8.2,LOW,27.88
14,54.0,1,5,1,0.0,MEDIUM,38.13
7,25.0,5,14,2,1.1,LOW,45.54
12,48.8,2,11,1,2.3,LOW,47.77
9,28.1,1,15,2,13.4,LOW,32.89
4,20.1,1,15,2,5.1,LOW,23.55
15,43.3,1,20,1,0.5,LOW,47.25
13,36.4,1,19,1,2.5,LOW,44.31
15,54.0,4,19,2,31.6,MEDIUM,81.32
3,15.0,4,3,1,11.7,LOW,37.0
19,69.9,5,10,1,0.0,MEDIUM,79.44
9,33.0,3,12,1,14.6,LOW,50.89
13,50.3,2,8,3,1.7,MEDIUM,48.59
4,17.8,4,3,2,3.2,LOW,35.47
14,54.3,4,11,2,1.0,MEDIUM,66.06
17,64.3,4,8,1,0.1,MEDIUM,67.68
13,45.6,4,12,1,5.6,LOW,51.86
8,26.7,3,15,1,2.7,LOW,28.8
4,20.3,1,5,1,3.6,LOW,23.62
20,78.7,2,9,2,1.5,HIGH,71.77
5,15.4,2,12,2,13.1,LOW,27.78
11,44.2,2,6,1,1.5,LOW,46.96
12,39.5,3,18,2,5.8,LOW,56.54
14,45.6,3,23,1,5.1,LOW,48.51
22,78.5,2,18,1,20.2,HIGH,72.39
4,18.5,1,16,3,35.2,LOW,36.36
5,20.5,2,12,2,18.9,LOW,35.18
7,24.8,1,12,2,10.6,LOW,31.27
24,82.8,2,20,1,4.5,HIGH,75.19
8,19.5,2,1,1,1.1,LOW,30.83
19,65.4,1,9,1,16.3,MEDIUM,65.85
19,72.8,1,21,3,10.1,MEDIUM,65.96
3,17.2,2,12,2,1.1,LOW,26.41
18,57.6,3,8,1,0.7,MEDIUM,60.28
9,34.3,1,0,2,9.0,LOW,36.19
12,43.8,3,13,1,18.9,LOW,52.45
9,40.8,2,15,2,1.9,LOW,40.75
24,87.3,1,19,1,4.2,HIGH,67.13
8,29.3,2,14,1,26.7,LOW,38.94
11,41.6,5,0,1,23.3,LOW,63.67
4,15.0,2,16,1,9.6,LOW,25.05
3,15.0,3,23,2,5.1,LOW,31.38
13,56.5,3,12,2,3.7,MEDIUM,51.01
8,27.7,3,14,2,4.0,LOW,36.72
8,25.0,1,15,3,5.6,LOW,29.12
11,45.1,3,15,1,9.3,LOW,42.75
13,42.3,4,1,3,5.7,LOW,65.6
12,35.5,3,16,3,2.1,LOW,48.94
13,53.5,3,10,1,11.2,MEDIUM,61.85
13,41.6,2,7,1,4.8,LOW,51.12
14,47.3,2,19,2,6.8,MEDIUM,49.28
14,46.3,3,2,1,12.0,LOW,52.89
23,89.8,2,11,2,3.9,HIGH,82.86
17,45.8,4,19,1,21.3,MEDIUM,72.9
14,51.2,5,15,2,5.7,MEDIUM,70.62
8,19.7,3,13,2,9.7,LOW,30.8
7,30.3,5,15,1,11.3,LOW,49.94
16,51.2,2,20,1,3.6,MEDIUM,46.83
8,25.6,4,16,1,2.4,LOW,42.54
15,49.5,2,10,1,20.5,MEDIUM,61.45
6,21.0,1,16,2,3.0,LOW,20.73
12,35.2,2,18,1,0.9,LOW,44.69
23,84.6,2,21,2,5.5,HIGH,79.35
7,20.2,4,0,1,13.9,LOW,47.54
12,38.3,2,11,2,2.7,LOW,52.37
4,15.0,4,14,3,5.4,LOW,47.75
23,84.4,1,17,1,3.6,HIGH,72.08
10,32.9,3,22,3,0.2,LOW,42.54
8,36.5,3,13,2,1.2,LOW,41.28
11,19.0,3,0,1,12.8,LOW,45.68
7,28.7,2,12,3,21.8,LOW,43.19
10,26.9,3,14,1,0.0,LOW,36.51
9,26.2,2,6,1,15.8,LOW,42.12
13,44.2,3,14,2,10.3,LOW,49.07
19,68.6,2,19,2,9.2,MEDIUM,66.03
23,95.2,1,9,2,4.5,HIGH,77.99
9,26.1,1,13,1,3.2,LOW,26.58
6,16.4,2,5,3,4.2,LOW,33.93
8,23.4,4,13,2,7.4,LOW,49.0
11,35.1,2,23,3,23.5,LOW,56.68
22,81.1,3,21,1,1.9,HIGH,72.88
24,82.1,2,11,2,29.1,HIGH,88.66
12,50.7,5,10,3,2.1,LOW,65.67
25,93.2,2,19,1,15.0,HIGH,82.92
22,79.0,1,21,3,8.6,HIGH,67.79
12,38.7,3,23,1,10.9,LOW,48.31
22,64.0,3,18,1,14.3,MEDIUM,77.78
14,47.0,2,1,3,0.1,MEDIUM,44.86
16,49.9,2,21,3,10.3,MEDIUM,67.4
14,47.2,1,19,1,43.6,MEDIUM,61.28
10,32.1,2,0,1,5.5,LOW,34.04
12,38.5,3,7,2,6.2,LOW,45.05
7,23.7,2,13,3,0.9,LOW,36.72
17,47.3,2,8,2,3.3,MEDIUM,63.24
7,20.8,2,1,2,7.6,LOW,33.04
7,31.4,1,22,2,1.0,LOW,22.32
7,29.9,3,4,1,3.2,LOW,31.88
14,47.5,3,22,3,3.4,MEDIUM,54.94
5,15.0,1,7,1,13.4,LOW,22.18
14,45.8,1,15,2,6.2,LOW,37.79
14,44.3,1,21,1,6.5,LOW,47.97
11,38.5,5,15,1,2.7,LOW,52.88
7,24.7,2,12,2,3.0,LOW,35.79
14,50.6,2,19,3,4.8,MEDIUM,59.13
4,15.0,2,14,2,13.6,LOW,31.52
7,15.0,5,0,2,3.0,LOW,45.45
12,38.2,3,21,1,3.1,LOW,51.82
10,27.7,1,2,2,6.7,LOW,40.4
8,28.4,2,5,1,14.6,LOW,29.79
19,65.0,3,21,1,5.6,MEDIUM,69.79
9,23.1,2,13,1,1.1,LOW,30.95
4,15.3,2,3,2,19.8,LOW,30.78
19,68.7,5,17,3,5.1,MEDIUM,87.69
5,26.6,4,14,2,11.9,LOW,42.89
16,47.6,4,8,1,0.4,MEDIUM,57.96
17,56.6,1,17,1,14.5,MEDIUM,53.66
11,33.8,1,2,2,0.5,LOW,36.38
17,69.2,2,9,1,27.4,MEDIUM,72.21
4,15.0,3,16,1,17.7,LOW,29.41
12,45.3,3,6,2,2.5,LOW,42.52
7,21.3,3,14,3,2.0,LOW,38.12
4,15.0,4,0,1,12.2,LOW,21.79
18,60.0,3,10,1,1.3,MEDIUM,70.24
8,28.4,1,16,2,16.2,LOW,35.18
14,36.4,1,4,2,0.3,LOW,42.33
14,46.0,2,6,3,8.4,LOW,56.26
19,62.7,2,18,1,2.4,MEDIUM,57.64
7,15.0,1,23,1,14.8,LOW,28.89
4,18.6,3,14,3,3.8,LOW,36.22
9,24.5,1,2,1,4.5,LOW,27.87
9,38.2,3,14,2,1.3,LOW,38.45
4,15.0,3,4,1,7.9,LOW,34.13
12,27.9,1,22,2,5.1,LOW,34.27
14,56.6,1,11,2,0.1,MEDIUM,46.04
22,67.3,1,19,1,10.5,MEDIUM,69.17
12,37.2,1,4,2,1.1,LOW,34.62
5,15.0,2,2,1,6.0,LOW,25.37
16,51.1,3,8,3,6.2,MEDIUM,68.96
25,86.0,2,8,1,2.8,HIGH,76.56
10,41.0,2,6,1,2.1,LOW,32.26
9,18.5,2,1,1,3.0,LOW,25.78
13,43.0,2,22,2,4.1,LOW,47.61
10,40.2,1,22,2,21.8,LOW,44.47
22,75.1,1,20,1,8.8,HIGH,65.55
3,15.0,4,15,2,26.9,LOW,40.52
15,57.4,2,8,2,0.7,MEDIUM,56.72
13,35.0,3,12,2,0.4,LOW,48.9
16,55.4,1,18,2,0.5,MEDIUM,41.28
14,52.5,1,19,2,15.7,MEDIUM,53.9
7,26.5,2,16,2,14.4,LOW,38.79
4,15.0,4,5,1,4.6,LOW,35.11
13,33.4,3,3,1,4.6,LOW,54.39
6,22.1,1,0,3,4.5,LOW,33.14
18,57.8,4,17,1,23.1,MEDIUM,80.39
15,54.6,2,18,1,2.4,MEDIUM,57.75
19,59.8,1,8,3,10.1,MEDIUM,65.47
4,21.9,1,12,1,0.9,LOW,21.18
11,43.6,2,7,2,2.4,LOW,47.5
13,36.7,2,22,2,7.3,LOW,39.83
14,57.5,1,12,3,7.3,MEDIUM,57.49
7,15.8,4,14,1,6.5,LOW,39.26
18,64.8,3,10,1,1.1,MEDIUM,69.15
23,76.7,3,11,3,11.2,HIGH,87.22
12,40.0,2,13,1,9.9,LOW,45.46
5,23.6,3,3,2,9.1,LOW,42.58
11,39.6,2,0,2,1.1,LOW,41.89
5,15.0,3,23,1,2.0,LOW,34.16
6,17.3,5,3,3,19.3,LOW,56.78
24,84.5,2,18,2,5.3,HIGH,74.06
20,74.4,2,8,1,4.3,HIGH,62.04
16,59.5,1,9,1,16.5,MEDIUM,59.62
10,32.7,5,3,1,2.8,LOW,48.71
14,45.5,1,19,1,14.0,LOW,52.74
15,63.0,3,8,2,4.7,MEDIUM,61.28
3,15.6,2,12,1,7.8,LOW,29.27
24,80.4,2,11,1,3.6,HIGH,79.38
23,78.4,3,10,3,19.9,HIGH,92.27
20,61.7,1,11,2,0.9,MEDIUM,59.23
22,72.8,2,17,1,2.0,HIGH,67.59
16,50.9,1,11,3,1.8,MEDIUM,56.33
4,15.0,3,15,1,2.4,LOW,36.25
13,50.9,1,4,3,4.8,MEDIUM,46.84
23,70.5,1,19,2,1.0,HIGH,69.68
25,83.8,3,11,2,0.3,HIGH,78.87
18,55.5,2,20,2,6.7,MEDIUM,63.35
19,66.1,1,10,2,5.6,MEDIUM,67.7
16,62.5,2,8,2,3.3,MEDIUM,67.68
19,68.9,2,17,2,1.5,MEDIUM,61.05
6,21.7,2,2,1,1.0,LOW,27.19
25,91.1,4,19,1,17.6,HIGH,98.31
5,22.4,3,16,3,4.6,LOW,43.11
7,21.2,1,13,2,24.4,LOW,35.95
13,33.9,2,0,3,3.1,LOW,46.54
8,34.2,1,16,2,7.6,LOW,31.21
4,15.0,1,7,2,6.7,LOW,16.91
9,23.6,4,4,1,1.4,LOW,41.6
9,29.0,2,4,1,5.4,LOW,36.95
20,64.5,4,8,2,5.3,MEDIUM,71.97
14,40.5,1,2,2,5.6,LOW,53.58
15,50.5,1,18,2,2.9,MEDIUM,50.99
6,18.6,2,22,2,2.2,LOW,36.68
15,53.9,2,8,2,4.2,MEDIUM,60.04
13,44.3,3,21,2,20.5,LOW,70.06
17,59.7,2,17,1,6.7,MEDIUM,55.34
5,16.1,2,15,2,5.1,LOW,32.18
6,22.4,2,0,1,1.7,LOW,25.08
5,15.0,3,1,1,20.8,LOW,38.69
10,33.2,4,13,1,8.6,LOW,51.99
10,28.9,2,13,1,35.8,LOW,50.92
12,35.6,3,0,1,1.5,LOW,42.79
10,34.3,2,15,1,4.0,LOW,37.57
7,34.8,3,14,1,3.2,LOW,41.04
9,33.2,4,14,3,3.2,LOW,50.17
19,61.7,1,11,1,0.3,MEDIUM,56.74
5,15.0,2,15,2,6.2,LOW,29.04
10,38.2,5,13,2,7.5,LOW,53.24
12,47.7,2,23,1,0.4,LOW,47.63
4,16.7,4,14,1,17.0,LOW,43.88
10,36.7,1,22,1,1.8,LOW,29.82
8,18.7,2,14,2,1.3,LOW,28.74
17,58.6,4,18,1,1.6,MEDIUM,65.68
14,44.1,2,7,1,4.4,LOW,47.42
8,30.9,2,1,1,0.7,LOW,32.52
13,37.8,1,1,2,13.9,LOW,48.05
17,57.4,1,9,2,9.1,MEDIUM,53.78
4,18.1,2,2,1,5.1,LOW,26.45
5,15.0,3,22,1,5.6,LOW,30.77
13,42.0,4,16,1,4.2,LOW,51.36
7,29.0,3,7,1,10.1,LOW,45.71
3,20.8,3,22,1,24.5,LOW,36.87
11,41.7,3,3,2,6.5,LOW,49.17
12,41.2,3,13,2,6.6,LOW,43.29
17,54.1,3,20,2,5.9,MEDIUM,71.89
15,49.6,2,9,2,19.3,MEDIUM,59.75
3,15.0,2,0,1,8.1,LOW,18.22
8,24.1,1,3,1,16.6,LOW,35.98
3,15.0,3,0,1,7.0,LOW,33.62
5,15.0,1,16,2,9.6,LOW,28.35
9,42.7,1,16,1,8.5,LOW,27.26
6,26.2,2,6,3,4.6,LOW,36.94
11,35.0,5,22,2,1.2,LOW,44.46
13,52.3,3,19,1,4.4,MEDIUM,51.78
7,26.1,2,14,2,16.4,LOW,37.84
11,31.9,3,12,1,8.5,LOW,49.43
5,15.0,4,1,1,23.0,LOW,45.68
25,79.0,2,18,1,2.6,HIGH,79.35
10,36.0,2,23,1,5.1,LOW,35.51
10,46.9,2,12,2,10.9,LOW,41.06
6,20.4,2,23,2,1.1,LOW,29.48
25,81.2,4,10,1,0.8,HIGH,82.5
20,67.0,3,21,1,11.2,MEDIUM,73.88
11,47.6,3,14,1,8.8,LOW,51.1
12,45.3,2,9,2,5.2,LOW,55.85
14,48.6,5,8,1,0.6,MEDIUM,66.94
24,72.2,1,8,1,7.9,HIGH,69.23
13,45.6,1,19,1,8.8,LOW,45.58
5,15.0,1,0,1,2.9,LOW,20.99
4,22.0,3,16,2,0.8,LOW,39.78
20,62.1,3,11,2,5.6,MEDIUM,70.75
21,66.4,2,9,2,5.3,MEDIUM,69.04
13,47.7,3,4,2,2.8,LOW,56.42
14,48.1,2,17,2,6.6,MEDIUM,63.7
5,15.0,1,14,1,7.5,LOW,17.95
9,24.0,1,5,1,20.5,LOW,31.76
12,51.8,2,6,1,11.9,MEDIUM,43.7
5,16.5,3,16,2,13.2,LOW,30.23
10,34.6,3,5,3,1.6,LOW,47.19
11,38.1,1,7,1,4.9,LOW,41.41
22,63.7,1,11,1,1.9,MEDIUM,64.59
18,66.3,4,20,1,1.7,MEDIUM,70.85
7,20.0,1,13,2,5.6,LOW,32.68
19,60.8,2,11,2,2.6,MEDIUM,71.96
12,41.1,1,22,1,1.9,LOW,35.52
16,41.7,2,9,2,10.3,LOW,58.93
20,57.5,2,21,2,0.3,MEDIUM,61.05
23,83.2,1,19,1,11.2,HIGH,74.13
10,38.0,2,14,1,18.3,LOW,50.58
4,15.0,2,6,2,9.8,LOW,33.69
14,54.3,1,8,1,1.7,MEDIUM,42.96
23,86.3,3,9,1,10.7,HIGH,84.83
18,53.1,3,9,1,5.6,MEDIUM,61.6
13,46.2,1,15,2,8.1,LOW,34.95
11,34.2,1,6,2,4.0,LOW,36.27
4,15.0,1,4,2,1.7,LOW,25.45
3,15.0,2,22,1,0.2,LOW,18.45
9,32.8,3,2,1,10.8,LOW,41.19
22,69.3,1,17,2,4.5,HIGH,68.94
13,50.8,2,10,1,2.2,MEDIUM,50.55
12,41.9,1,14,2,7.8,LOW,40.41
17,70.5,2,20,1,12.6,MEDIUM,62.15
22,65.2,1,19,2,6.0,MEDIUM,69.23
6,30.6,4,4,3,11.5,LOW,48.77
13,50.6,3,23,3,3.3,MEDIUM,53.69
14,46.6,2,11,1,8.5,LOW,54.93
11,46.1,4,3,2,7.7,LOW,50.94
3,15.0,1,14,1,1.5,LOW,15.56
20,77.5,1,8,2,10.7,HIGH,68.85
7,18.8,4,6,1,11.4,LOW,45.15
21,72.4,2,9,2,8.6,HIGH,73.67
8,26.6,4,22,1,3.8,LOW,38.25
4,15.0,2,12,3,6.3,LOW,24.04
13,38.9,5,7,2,4.6,LOW,60.23
13,45.5,3,11,1,0.0,LOW,47.84
19,63.5,1,21,3,0.1,MEDIUM,69.42
13,46.1,4,23,1,1.8,LOW,46.38
22,69.7,1,18,3,19.5,HIGH,77.7
6,15.0,3,0,2,8.0,LOW,34.66
8,23.9,2,15,3,4.0,LOW,44.03
22,76.3,3,21,1,7.5,HIGH,78.14
5,15.7,3,16,1,0.5,LOW,34.18
18,58.6,3,17,2,0.9,MEDIUM,63.6
22,78.9,3,10,3,0.7,HIGH,74.75
24,84.3,3,17,1,13.6,HIGH,80.26
5,19.7,2,6,1,73.1,LOW,52.21
18,60.7,4,17,1,2.0,MEDIUM,69.57
3,15.0,3,7,3,5.3,LOW,28.88
7,16.3,3,5,2,1.1,LOW,34.86
11,35.5,5,6,1,17.1,LOW,58.57
11,38.1,1,22,1,1.4,LOW,38.94
21,76.6,2,21,2,6.0,HIGH,70.35
18,59.5,3,9,1,7.0,MEDIUM,68.24
18,54.1,1,10,2,5.2,MEDIUM,59.13
5,15.0,2,12,1,0.5,LOW,24.93
18,62.4,4,8,2,9.3,MEDIUM,73.95
10,38.8,1,6,3,17.4,LOW,44.85
16,46.5,4,8,2,0.8,MEDIUM,70.88
3,17.1,5,12,1,10.4,LOW,44.62
11,30.5,2,2,2,13.8,LOW,49.19
10,29.7,3,2,1,1.4,LOW,37.17
10,40.1,1,0,3,41.0,LOW,60.52
23,75.3,3,20,1,2.8,HIGH,74.46
20,67.1,2,19,2,3.0,MEDIUM,71.48
10,36.4,4,1,1,6.7,LOW,54.28
4,20.8,1,2,1,13.7,LOW,18.25
8,26.7,3,14,1,4.9,LOW,38.63
14,48.3,3,23,3,6.3,MEDIUM,53.26
13,43.2,1,5,3,7.7,LOW,44.36
10,25.6,3,12,1,12.6,LOW,48.98
20,75.7,5,20,1,8.3,HIGH,79.15
13,26.6,2,0,1,1.5,LOW,38.85
14,49.4,3,19,1,7.3,MEDIUM,60.56
24,88.5,2,18,2,1.9,HIGH,83.66
7,31.6,2,0,1,4.6,LOW,26.37
16,49.4,1,20,2,16.1,MEDIUM,59.25
12,43.2,2,21,2,1.1,LOW,48.45
4,15.0,2,1,2,3.6,LOW,29.27
14,43.5,3,14,2,6.6,LOW,53.63
7,30.7,1,13,1,16.4,LOW,33.48
20,68.5,1,18,1,12.1,MEDIUM,64.05
12,42.4,3,10,2,4.4,LOW,59.55
9,35.7,1,14,1,5.5,LOW,35.5
3,16.6,2,5,1,15.0,LOW,25.76
15,49.9,1,19,3,16.8,MEDIUM,53.7
22,64.8,2,8,2,6.0,MEDIUM,72.45
8,25.4,5,4,1,1.8,LOW,45.21
20,71.7,4,19,2,5.5,MEDIUM,77.5
3,15.0,1,1,1,20.9,LOW,27.25
5,15.0,2,5,3,7.5,LOW,44.9
24,79.1,4,17,1,11.9,HIGH,84.25
11,38.8,4,22,2,0.2,LOW,49.03
15,47.2,1,18,2,8.0,MEDIUM,48.55
18,61.5,3,8,1,7.3,MEDIUM,65.57
20,61.1,1,20,2,5.1,MEDIUM,50.23
9,33.5,2,23,3,9.1,LOW,44.37
13,46.8,1,5,2,15.9,LOW,40.48
9,50.8,5,13,1,21.2,LOW,61.15
10,28.0,3,23,2,2.4,LOW,43.65
13,41.7,1,12,3,5.6,LOW,40.78
17,65.7,3,10,1,2.9,MEDIUM,69.92
14,38.0,1,11,2,4.3,LOW,46.69
15,67.5,1,18,1,5.5,MEDIUM,49.87
17,54.8,2,18,1,12.3,MEDIUM,61.3
22,65.6,2,20,1,19.8,MEDIUM,82.39
17,60.4,1,18,3,7.1,MEDIUM,58.52
8,27.5,2,23,2,38.9,LOW,45.14
11,31.4,2,12,1,6.7,LOW,39.43
14,43.6,2,13,3,13.1,LOW,55.48
8,31.3,1,23,2,1.2,LOW,32.11
13,36.3,1,17,2,0.1,LOW,34.78
15,54.9,2,11,1,0.2,MEDIUM,62.52
14,43.6,2,3,3,17.8,LOW,53.82
17,73.6,2,9,2,0.6,MEDIUM,72.28
4,22.8,4,16,2,7.6,LOW,37.01
10,26.3,1,3,1,6.9,LOW,25.15
18,58.8,3,11,1,12.1,MEDIUM,71.28
9,36.0,1,12,1,3.0,LOW,27.5
8,15.0,1,3,3,3.5,LOW,32.55
18,55.7,2,9,1,3.5,MEDIUM,62.37
11,34.5,3,2,2,1.5,LOW,39.51
4,15.0,4,14,1,1.9,LOW,32.79
6,20.5,3,1,1,1.8,LOW,34.75
4,15.0,1,16,1,1.3,LOW,22.85
8,22.2,3,5,2,11.8,LOW,39.62
14,56.0,3,7,2,7.5,MEDIUM,54.87
9,35.7,2,2,3,6.7,LOW,43.82
18,66.2,5,17,3,9.0,MEDIUM,81.66
15,51.2,1,21,1,3.4,MEDIUM,46.77
8,29.2,3,0,2,10.5,LOW,39.4
7,34.1,2,15,1,2.6,LOW,29.75
12,33.7,3,6,3,13.6,LOW,58.39
13,38.0,3,2,1,7.6,LOW,52.67
14,54.2,2,22,2,13.8,MEDIUM,50.51
12,44.0,5,3,1,0.4,LOW,66.88
25,81.6,1,8,1,14.8,HIGH,78.45
12,43.5,1,4,1,0.9,LOW,33.8
12,34.0,4,18,1,8.8,LOW,55.72
6,22.8,1,14,1,2.1,LOW,23.87
6,16.3,2,7,2,0.4,LOW,28.13
7,33.0,3,5,2,2.4,LOW,37.23
16,56.3,3,17,1,4.1,MEDIUM,58.25
17,57.9,5,18,1,1.2,MEDIUM,70.9
5,15.3,3,23,1,0.8,LOW,33.61
9,32.4,3,14,3,40.6,LOW,66.54
3,15.3,4,6,1,0.7,LOW,38.85
23,76.5,2,9,2,1.7,HIGH,76.69
9,42.4,2,5,1,2.3,LOW,38.77
8,26.3,3,13,1,3.1,LOW,40.04
4,16.9,1,16,1,1.1,LOW,16.48
25,87.1,1,8,1,14.6,HIGH,77.22
15,36.9,3,18,1,20.7,LOW,63.75
14,53.8,5,4,1,6.4,MEDIUM,62.93
7,38.0,2,22,1,6.7,LOW,31.61
14,50.0,1,6,2,40.6,MEDIUM,59.66
15,53.3,2,18,1,17.2,MEDIUM,59.97
15,52.6,2,19,1,4.2,MEDIUM,52.89
12,34.7,2,6,1,11.4,LOW,46.89
8,27.5,2,23,3,2.5,LOW,36.29
14,48.9,1,1,2,0.4,MEDIUM,38.06
14,52.4,2,22,2,0.2,MEDIUM,44.17
3,15.0,4,15,1,6.2,LOW,32.84
4,16.9,3,12,1,5.5,LOW,26.61
6,18.1,1,7,1,1.3,LOW,21.57
5,23.9,2,5,1,15.3,LOW,35.2
11,46.1,1,5,2,7.0,LOW,36.56
15,52.8,5,8,3,3.8,MEDIUM,79.5
9,32.8,1,3,3,5.6,LOW,30.94
24,77.7,4,10,1,0.8,HIGH,82.44
11,41.0,3,4,1,18.4,LOW,45.79
8,27.2,2,16,1,2.7,LOW,37.94
18,58.4,2,19,1,1.5,MEDIUM,59.89
9,28.7,4,6,3,4.4,LOW,54.52
10,34.8,1,14,1,2.6,LOW,34.29
5,17.7,1,14,3,2.9,LOW,33.74
7,32.2,1,13,2,13.9,LOW,33.69
6,17.0,2,12,1,6.3,LOW,31.81
18,64.1,2,10,1,21.5,MEDIUM,67.64
11,31.4,5,12,2,24.0,LOW,61.71
17,51.5,1,21,1,38.2,MEDIUM,67.86
14,36.4,3,23,1,1.1,LOW,52.45
20,74.5,1,8,1,18.2,HIGH,66.18
25,90.7,2,9,1,2.8,HIGH,73.88
5,15.0,1,3,2,7.9,LOW,22.65
4,15.0,5,16,1,16.8,LOW,40.96
7,21.2,1,13,2,0.8,LOW,24.25
8,29.0,3,23,2,1.3,LOW,35.55
22,75.4,1,17,1,10.6,HIGH,68.45
19,63.3,3,10,2,3.4,MEDIUM,72.59
6,15.0,2,15,1,8.5,LOW,35.46
6,16.5,1,0,2,1.0,LOW,25.69
3,15.0,3,6,1,28.7,LOW,37.54
19,62.3,1,9,1,5.6,MEDIUM,53.55
25,89.8,2,8,1,16.4,HIGH,83.26
3,20.6,1,2,2,9.0,LOW,19.88
14,42.9,3,21,1,24.2,LOW,69.58
12,44.8,2,22,1,6.8,LOW,41.54
11,25.6,1,13,1,2.9,LOW,36.41
3,15.0,3,14,1,7.6,LOW,30.28
14,48.6,1,1,2,46.2,MEDIUM,59.95
9,35.4,2,23,2,13.5,LOW,44.36
4,16.7,2,13,3,4.9,LOW,29.86
12,37.8,4,15,1,13.6,LOW,53.59
14,55.6,1,6,1,9.7,MEDIUM,49.07
13,40.6,3,3,2,22.3,LOW,59.16
24,79.4,2,17,2,3.6,HIGH,74.1
6,22.1,2,23,1,0.3,LOW,32.35
5,19.8,2,4,2,0.7,LOW,32.27
14,40.9,1,5,2,11.7,LOW,41.66
13,37.7,2,6,1,9.4,LOW,43.02
9,35.6,3,14,2,10.6,LOW,44.45
8,24.7,2,0,1,8.8,LOW,45.56
13,48.5,1,23,3,4.9,LOW,45.35
12,33.4,1,3,2,0.6,LOW,36.0
10,31.7,2,0,1,14.4,LOW,39.23
17,64.5,2,10,1,1.6,MEDIUM,54.33
15,58.0,1,17,3,36.7,MEDIUM,75.59
9,27.4,2,13,2,1.8,LOW,36.35
23,65.6,3,21,1,0.7,MEDIUM,78.18
14,51.7,1,10,2,3.8,MEDIUM,49.82
18,62.5,3,9,2,3.1,MEDIUM,66.98
11,39.4,5,16,1,30.0,LOW,62.65
10,26.9,1,3,1,4.0,LOW,28.47
8,26.5,1,23,2,0.4,LOW,28.48
10,34.6,2,14,1,34.8,LOW,53.58
11,46.7,1,15,1,12.4,LOW,41.84
20,75.3,3,20,2,49.5,HIGH,96.06
8,33.7,2,12,1,3.1,LOW,33.22
25,86.4,1,8,1,1.0,HIGH,72.77
13,39.0,1,10,1,4.1,LOW,45.42
19,63.2,1,10,2,1.2,MEDIUM,63.01
7,16.2,1,5,2,1.3,LOW,27.14
12,40.2,2,0,2,18.6,LOW,59.51
21,66.3,1,21,1,40.8,MEDIUM,75.68
11,37.3,2,5,2,41.5,LOW,59.97
13,43.7,1,12,3,4.6,LOW,54.9
16,48.7,3,21,1,2.2,MEDIUM,57.94
9,34.0,1,23,1,1.5,LOW,35.21
21,63.8,1,21,2,3.9,MEDIUM,62.36
9,46.4,1,4,1,7.3,LOW,34.26
14,55.0,3,14,1,10.9,MEDIUM,55.37
15,43.8,2,17,1,5.8,LOW,52.71
14,49.2,1,19,1,14.8,MEDIUM,55.96
7,22.9,1,13,1,20.2,LOW,35.43
12,40.0,5,14,1,17.3,LOW,59.29
12,38.0,3,4,3,3.7,LOW,52.19
8,32.7,2,3,2,24.1,LOW,50.11
14,42.9,2,1,2,20.5,LOW,47.64
10,40.7,2,6,1,4.2,LOW,38.95
23,87.7,1,9,2,4.4,HIGH,72.43
3,15.0,3,15,1,0.7,LOW,29.96
24,86.7,3,9,2,22.1,HIGH,92.56
20,72.3,2,17,2,0.7,MEDIUM,68.27
10,22.4,3,16,2,5.4,LOW,41.81
14,57.8,2,20,1,10.2,MEDIUM,57.77
11,34.6,1,12,2,16.9,LOW,43.16
8,28.0,1,0,1,6.8,LOW,35.55
13,52.7,2,0,1,9.2,MEDIUM,44.63
6,25.1,1,14,1,9.9,LOW,22.3
4,15.0,2,0,3,0.1,LOW,25.46
14,52.4,1,5,1,22.8,MEDIUM,48.64
11,44.4,1,12,2,3.6,LOW,39.06
3,15.0,4,0,1,1.6,LOW,36.37
7,19.7,5,4,1,5.1,LOW,46.35
19,66.7,2,8,2,10.6,MEDIUM,66.84
6,15.5,2,16,1,14.1,LOW,26.33
3,16.5,3,15,2,10.2,LOW,33.81
6,15.1,3,7,2,4.1,LOW,40.33
7,19.5,1,16,2,9.2,LOW,27.84
7,29.8,2,14,2,4.5,LOW,34.91
14,47.7,2,23,1,34.7,MEDIUM,64.06
3,15.0,2,0,1,45.2,LOW,34.84
23,82.3,1,11,1,2.3,HIGH,66.08
8,23.0,3,4,1,5.3,LOW,39.54
12,37.9,1,23,3,6.9,LOW,41.15
7,32.6,1,5,2,8.1,LOW,32.23
11,41.3,1,0,2,4.6,LOW,39.28
9,28.4,1,0,2,5.9,LOW,34.36
25,86.7,3,9,1,6.5,HIGH,88.81
14,46.5,2,9,2,3.9,LOW,53.43
14,52.8,3,2,2,3.1,MEDIUM,55.9
11,38.4,2,16,1,8.1,LOW,41.24
25,84.4,2,18,2,4.7,HIGH,86.3
17,51.3,2,10,2,28.6,MEDIUM,71.74
22,78.7,2,17,1,3.8,HIGH,72.49
14,45.6,2,1,2,1.7,LOW,49.53
15,56.9,2,8,1,4.4,MEDIUM,52.92
11,26.9,5,23,1,8.6,LOW,56.19
14,44.5,4,16,2,4.7,LOW,62.83
4,17.3,1,13,3,2.7,LOW,15.2
14,47.6,1,3,2,5.5,MEDIUM,40.92
8,23.5,3,16,2,4.7,LOW,46.34
4,20.5,1,16,3,23.1,LOW,26.06
18,67.0,1,11,3,0.2,MEDIUM,66.71
16,49.8,1,19,1,4.0,MEDIUM,48.24
25,84.1,2,17,1,3.3,HIGH,76.31
4,15.0,2,2,1,2.0,LOW,26.38
20,66.5,2,10,2,6.3,MEDIUM,70.48
24,80.4,5,17,3,7.6,HIGH,96.39
8,24.5,2,3,1,0.1,LOW,29.02
6,24.6,1,16,2,9.0,LOW,27.26
20,72.4,2,17,2,3.9,HIGH,62.41
9,37.6,1,4,1,20.5,LOW,41.84
4,15.9,4,13,1,10.9,LOW,40.74
16,44.6,1,9,1,5.8,MEDIUM,46.38
9,30.6,5,14,1,24.2,LOW,58.69
4,18.2,2,0,2,9.3,LOW,23.96
8,28.0,3,15,1,13.2,LOW,45.09
25,90.1,2,10,2,25.1,HIGH,87.98
8,33.9,4,22,1,17.7,LOW,47.74
22,66.2,2,19,2,0.6,MEDIUM,72.09
10,38.0,2,5,1,1.9,LOW,37.58
9,33.0,3,23,3,7.9,LOW,50.6
17,67.7,3,21,1,1.4,MEDIUM,61.62
6,16.8,4,15,3,5.0,LOW,37.32
7,30.8,1,1,2,5.2,LOW,27.13
10,33.5,1,0,2,5.0,LOW,34.28
6,21.6,1,23,1,13.8,LOW,27.86
11,37.6,2,23,1,5.4,LOW,36.97
23,88.5,3,8,1,16.2,HIGH,82.09
24,76.2,1,21,1,11.9,HIGH,74.88
25,86.6,2,11,3,8.2,HIGH,82.8
8,34.2,3,16,1,6.9,LOW,48.92
7,36.0,3,14,3,2.1,LOW,41.65
21,65.5,2,18,2,11.7,MEDIUM,72.61
15,57.1,1,21,1,13.1,MEDIUM,56.79
21,69.8,5,9,2,5.4,MEDIUM,84.18
25,90.5,1,11,1,2.0,HIGH,62.34
9,26.6,3,13,1,11.4,LOW,48.09
24,89.4,1,8,1,12.9,HIGH,73.68
6,18.4,1,12,3,6.7,LOW,28.08
14,53.4,4,2,1,9.6,MEDIUM,59.51
25,84.7,3,20,2,11.9,HIGH,90.93
6,15.0,2,13,1,2.8,LOW,28.16
19,66.1,2,20,2,2.7,MEDIUM,60.72
14,41.3,2,9,1,9.8,LOW,53.01
3,15.0,1,15,1,5.7,LOW,18.24
6,36.7,3,6,1,5.7,LOW,34.56
4,15.5,3,3,1,25.5,LOW,34.24
18,61.6,4,19,2,12.8,MEDIUM,74.16
12,33.3,2,22,1,2.4,LOW,36.86
12,29.5,3,10,3,4.2,LOW,52.27
4,15.0,2,15,1,14.2,LOW,31.54
19,61.1,2,19,1,0.6,MEDIUM,66.76
12,35.2,2,3,1,3.1,LOW,40.37
21,67.3,4,21,1,3.3,MEDIUM,75.3
25,76.0,1,21,3,4.0,HIGH,69.58
6,18.1,1,22,2,2.4,LOW,22.1
7,15.0,2,16,2,8.2,LOW,35.06
5,17.9,1,12,3,4.0,LOW,31.06
15,44.8,4,10,2,6.3,MEDIUM,63.02
7,22.5,1,2,2,2.5,LOW,31.4
14,49.9,3,8,2,15.8,MEDIUM,62.2
14,40.9,2,5,1,1.8,LOW,47.06
18,53.8,1,21,2,16.8,MEDIUM,58.02
19,66.1,3,20,2,1.6,MEDIUM,72.74
25,79.1,2,10,1,3.7,HIGH,71.73
3,15.0,1,15,3,12.1,LOW,35.26
21,68.2,1,18,1,5.4,MEDIUM,63.11
5,24.1,2,4,3,2.2,LOW,27.85
7,34.1,2,13,1,8.7,LOW,34.55
14,41.7,2,16,1,1.1,LOW,44.8
7,17.4,2,2,1,1.9,LOW,27.07
9,21.5,2,3,3,2.4,LOW,38.55
11,40.9,2,15,1,7.0,LOW,36.44
12,44.4,2,15,2,6.4,LOW,45.23
12,47.8,1,20,2,5.9,LOW,41.15
8,39.7,2,3,1,0.8,LOW,32.82
18,60.5,2,18,3,12.1,MEDIUM,77.78
14,39.6,1,16,1,1.1,LOW,38.45
10,39.7,1,12,2,22.3,LOW,39.49
25,79.4,1,21,1,0.5,HIGH,66.56
9,22.1,2,22,1,17.0,LOW,36.92
8,36.0,2,23,1,2.8,LOW,40.96
10,19.5,2,0,2,9.6,LOW,34.74
15,57.5,5,11,3,3.2,MEDIUM,74.74
7,26.2,2,3,1,10.2,LOW,29.47
24,78.6,3,10,1,5.2,HIGH,83.89
5,20.4,1,4,3,6.0,LOW,20.82
11,40.5,1,1,1,10.1,LOW,33.39
11,32.8,1,16,2,1.1,LOW,35.35
5,15.0,2,7,2,2.5,LOW,32.44
12,56.7,2,5,1,14.7,MEDIUM,53.75
24,86.5,2,20,2,12.5,HIGH,84.97
20,81.0,3,8,3,37.1,HIGH,94.52
7,22.5,1,12,1,0.2,LOW,23.66
14,43.3,2,10,2,1.2,LOW,57.53
9,33.1,1,15,2,3.3,LOW,37.9
14,44.3,2,15,1,9.5,LOW,46.08
10,34.9,3,1,1,3.0,LOW,40.6
12,35.3,3,9,2,3.4,LOW,48.42
16,53.7,1,11,1,2.1,MEDIUM,50.91
11,29.7,1,7,1,19.2,LOW,40.18
20,66.8,2,10,3,6.3,MEDIUM,66.5
22,77.7,1,9,2,1.4,HIGH,68.54
13,45.9,5,12,3,7.0,LOW,62.41
9,33.8,2,16,1,1.4,LOW,33.52
13,39.8,4,6,2,2.5,LOW,59.57
10,32.7,4,23,2,9.5,LOW,57.71
10,27.2,2,2,3,11.4,LOW,40.18
25,89.0,1,19,3,4.5,HIGH,75.01
10,47.3,3,12,3,1.5,LOW,53.37
13,43.2,1,18,3,1.9,LOW,51.13
3,15.0,2,6,1,6.2,LOW,26.35
16,40.3,1,8,2,7.1,LOW,40.58
12,36.9,2,18,1,16.2,LOW,47.33
9,35.1,1,12,2,2.5,LOW,34.78
22,76.7,1,21,3,7.6,HIGH,77.88
5,22.6,3,7,1,0.0,LOW,28.14
12,51.2,5,21,2,5.1,MEDIUM,68.5
25,82.5,1,17,2,4.1,HIGH,68.58
6,15.0,2,22,1,1.0,LOW,31.95
12,45.2,2,1,1,17.7,LOW,44.3
18,61.7,1,17,1,0.9,MEDIUM,57.55
18,54.9,2,17,1,2.5,MEDIUM,54.54
21,63.8,3,10,2,10.6,MEDIUM,67.06
6,25.6,1,0,2,1.6,LOW,27.34
11,38.6,3,13,1,0.6,LOW,42.74
9,22.9,3,15,3,27.9,LOW,56.99
17,58.8,1,10,2,2.8,MEDIUM,56.46
8,20.5,2,0,2,0.5,LOW,28.18
13,48.3,2,6,1,1.2,LOW,42.15
7,29.5,3,15,2,2.0,LOW,43.32
14,53.5,2,13,1,25.4,MEDIUM,59.68
4,15.7,1,14,2,0.1,LOW,22.34
4,15.1,3,13,2,12.6,LOW,44.36
20,67.2,2,20,1,12.1,MEDIUM,70.68
13,39.1,3,10,3,5.5,LOW,63.76
14,54.8,1,15,1,21.6,MEDIUM,43.96
12,44.7,3,18,1,0.1,LOW,55.64
3,15.0,2,16,3,5.5,LOW,30.4
9,21.1,3,5,1,2.3,LOW,40.04
19,61.4,2,10,2,11.5,MEDIUM,69.13
12,48.8,2,16,2,1.5,LOW,48.18
20,71.0,1,8,1,16.6,MEDIUM,67.09
22,76.2,3,17,3,4.2,HIGH,81.34
12,48.7,2,16,1,1.2,LOW,48.99
19,52.3,5,11,1,0.3,MEDIUM,75.37
10,33.5,2,22,3,9.4,LOW,51.5
12,48.2,3,21,2,21.1,LOW,66.99
22,68.8,2,21,2,28.0,HIGH,87.32
9,25.3,2,4,2,16.6,LOW,42.52
17,56.5,3,10,1,3.9,MEDIUM,60.94
13,41.0,1,3,1,18.9,LOW,42.15
13,41.9,2,3,1,8.3,LOW,43.93
8,28.2,2,2,3,0.5,LOW,28.79
11,34.0,2,23,1,1.5,LOW,33.71
13,42.2,2,22,1,3.9,LOW,47.33
14,42.6,2,16,1,2.9,LOW,47.83
12,39.6,2,6,1,3.3,LOW,42.32
12,42.0,1,3,2,10.6,LOW,50.18
11,38.1,3,22,3,0.5,LOW,45.9
8,23.6,1,12,1,7.4,LOW,30.01
12,36.3,2,11,1,3.3,LOW,48.99
11,35.1,3,0,2,17.1,LOW,51.67
21,68.9,1,20,1,0.5,MEDIUM,58.1
13,37.5,2,18,3,28.5,LOW,64.54
19,58.8,2,20,2,0.7,MEDIUM,61.05
19,67.7,3,19,1,4.6,MEDIUM,77.79
22,60.7,2,17,3,15.6,MEDIUM,76.69
24,85.1,1,10,1,3.1,HIGH,71.02
16,56.5,2,19,1,15.2,MEDIUM,60.18
12,46.1,1,2,1,26.4,LOW,55.29
10,33.5,3,16,3,1.0,LOW,46.49
16,61.3,3,11,2,5.2,MEDIUM,61.13
14,53.1,3,9,1,2.1,MEDIUM,53.96
10,48.4,2,7,2,11.7,LOW,50.02
4,27.4,3,14,2,0.9,LOW,34.2
7,19.0,2,4,1,11.9,LOW,36.81
9,49.8,1,3,2,9.0,LOW,43.15
25,94.1,1,20,2,8.0,HIGH,76.41
16,53.0,3,19,2,4.6,MEDIUM,64.12
14,40.0,4,18,1,5.6,LOW,59.89
20,65.1,1,20,1,0.8,MEDIUM,59.62
6,18.0,4,3,2,2.5,LOW,34.64
12,44.2,3,14,2,19.6,LOW,56.68
12,35.4,2,16,2,4.7,LOW,41.69
23,78.0,3,11,2,4.1,HIGH,80.11
8,31.4,1,2,2,0.4,LOW,28.28
24,75.8,3,9,3,17.3,HIGH,91.16
4,15.0,3,14,1,11.2,LOW,37.57
22,70.0,2,9,1,0.8,HIGH,72.48
5,27.7,4,23,1,1.3,LOW,36.33
6,16.2,1,22,1,1.1,LOW,25.09
21,73.3,3,17,2,8.5,HIGH,68.29
6,15.0,1,0,3,1.4,LOW,28.6
12,35.8,3,2,1,42.5,LOW,57.58
17,55.5,2,20,3,6.8,MEDIUM,69.01
17,50.2,3,11,2,16.3,MEDIUM,75.4
5,17.9,2,0,2,10.5,LOW,34.78
3,15.0,4,2,2,0.2,LOW,32.9
11,37.7,2,2,1,4.4,LOW,35.61
4,15.0,1,4,1,3.6,LOW,18.99
22,75.7,2,18,2,24.3,HIGH,80.89
4,18.5,3,0,3,3.3,LOW,35.58
8,33.3,2,3,2,9.3,LOW,40.06
8,22.0,2,3,1,7.1,LOW,37.5
3,15.0,3,16,1,10.7,LOW,28.11
6,20.5,3,13,3,0.5,LOW,32.88
18,67.0,1,17,1,21.4,MEDIUM,64.57
7,20.8,2,0,3,39.7,LOW,51.19
21,61.1,1,21,2,6.5,MEDIUM,64.3
8,26.0,4,15,2,1.4,LOW,45.72
7,23.5,3,2,2,16.3,LOW,44.12
5,24.0,3,22,1,8.3,LOW,31.55
13,49.4,3,20,2,7.8,MEDIUM,61.56
21,63.9,2,8,2,17.3,MEDIUM,80.44
8,34.1,2,22,2,10.5,LOW,39.95
6,15.0,2,3,2,20.2,LOW,38.07
13,39.1,1,20,1,25.3,LOW,57.87
5,17.9,4,4,2,3.4,LOW,35.56
24,82.7,2,10,1,1.8,HIGH,72.7
18,60.3,4,20,1,3.9,MEDIUM,75.27
21,70.6,4,8,2,27.4,HIGH,94.04
12,33.0,3,2,1,1.7,LOW,47.0
5,16.4,2,5,2,7.2,LOW,20.97
8,34.5,1,23,1,0.7,LOW,24.91
20,67.5,2,10,1,14.3,MEDIUM,63.78
13,54.9,2,8,1,8.8,MEDIUM,59.89
8,27.2,1,14,1,5.9,LOW,30.36
13,39.2,1,22,2,8.0,LOW,41.83
11,32.0,3,2,2,1.0,LOW,41.79
5,23.5,4,0,3,15.8,LOW,47.47
16,56.1,4,19,1,3.3,MEDIUM,75.51
16,46.0,1,21,2,1.5,MEDIUM,50.94
15,51.9,4,18,2,0.1,MEDIUM,63.28
5,20.2,3,13,1,0.5,LOW,25.75
4,15.0,3,16,2,8.9,LOW,41.76
21,70.0,2,21,2,10.1,MEDIUM,72.45
6,15.3,3,13,1,1.3,LOW,29.79
10,31.3,3,16,2,7.4,LOW,40.7
9,24.6,2,13,1,5.3,LOW,30.5
18,49.6,2,11,1,22.1,MEDIUM,71.05
11,29.1,3,15,1,8.8,LOW,38.48
10,39.9,4,0,3,5.9,LOW,50.21
9,27.2,4,12,1,2.7,LOW,42.49
8,38.1,1,5,1,5.0,LOW,32.27
5,15.0,2,16,2,2.3,LOW,28.16
15,52.5,2,11,2,9.1,MEDIUM,57.4
6,21.8,3,22,2,7.2,LOW,35.8
14,47.5,3,18,1,2.8,MEDIUM,54.02
14,54.6,1,5,2,0.1,MEDIUM,42.9
4,15.0,4,6,1,32.5,LOW,44.09
14,54.2,3,0,2,0.4,MEDIUM,54.8
8,25.1,1,0,2,6.3,LOW,35.94
3,15.0,2,4,2,15.3,LOW,35.0
9,29.7,1,5,2,7.8,LOW,27.63
6,29.2,2,15,2,7.1,LOW,30.32
14,42.2,1,15,2,10.0,LOW,46.98
3,15.0,3,13,1,2.9,LOW,28.1
7,28.0,3,0,1,3.9,LOW,37.48
7,24.7,2,12,3,0.7,LOW,40.84
19,66.7,1,19,1,0.0,MEDIUM,65.29
17,65.3,2,9,2,2.5,MEDIUM,65.38
10,35.4,2,23,2,13.5,LOW,38.49
14,45.9,4,9,1,7.6,LOW,62.83
19,64.4,2,8,3,1.2,MEDIUM,72.7
9,42.4,1,12,2,4.4,LOW,42.34
13,46.2,2,2,2,0.2,LOW,44.35
20,72.6,3,17,1,13.0,HIGH,77.37
22,70.0,1,19,2,4.9,HIGH,69.23
10,39.1,2,1,1,2.6,LOW,41.08
7,21.4,3,16,2,11.7,LOW,45.96
25,74.6,1,18,2,28.1,HIGH,71.72
6,21.7,1,22,1,4.1,LOW,26.25
14,48.4,3,12,2,11.6,MEDIUM,57.11
4,15.7,3,12,1,3.1,LOW,29.93
9,29.0,3,0,2,11.4,LOW,42.05
7,30.1,2,1,2,26.8,LOW,41.65
11,39.2,2,0,1,8.4,LOW,40.64
9,28.6,2,23,1,2.2,LOW,36.0
11,43.8,3,4,3,9.4,LOW,48.25
14,49.8,2,23,1,14.9,MEDIUM,51.47
12,41.7,2,2,1,4.1,LOW,48.3
12,37.9,2,6,1,7.8,LOW,51.35
7,35.7,3,23,1,2.3,LOW,37.92
13,38.3,2,21,2,4.8,LOW,50.23
8,25.1,1,12,2,1.5,LOW,27.28
10,31.9,1,22,1,14.4,LOW,38.73
21,70.3,4,17,1,0.8,HIGH,78.47
8,30.8,5,23,1,0.5,LOW,46.44
13,46.8,2,20,3,6.1,LOW,53.66
6,23.7,2,6,2,7.0,LOW,28.51
4,15.0,1,0,2,20.0,LOW,28.32
8,34.1,1,4,2,1.8,LOW,35.53
14,43.0,2,16,3,12.0,LOW,50.97
11,32.3,1,7,3,8.3,LOW,38.43
10,26.7,3,14,1,10.8,LOW,43.1
16,51.8,2,19,3,1.4,MEDIUM,56.86
7,24.4,3,3,3,4.7,LOW,49.81
8,23.8,3,1,1,3.5,LOW,39.02
9,27.6,1,4,2,9.6,LOW,37.51
4,20.3,1,0,2,7.2,LOW,19.8
8,23.1,4,4,2,27.4,LOW,54.48
4,15.0,3,5,1,1.2,LOW,31.1
10,36.3,2,1,2,5.1,LOW,42.07
9,20.6,1,0,1,9.5,LOW,41.05
4,15.0,4,3,2,3.7,LOW,40.19
6,25.0,1,6,3,20.5,LOW,34.62
21,60.3,1,21,2,15.3,MEDIUM,67.62
11,28.5,4,0,2,16.5,LOW,57.77
5,15.0,3,0,2,7.5,LOW,39.39
12,38.7,3,7,1,5.1,LOW,36.86
19,56.9,1,19,2,3.7,MEDIUM,55.13
10,28.9,2,15,2,1.0,LOW,38.69
17,64.7,3,20,1,23.7,MEDIUM,64.71
10,32.8,3,12,1,2.4,LOW,46.12
6,21.7,2,22,2,13.0,LOW,35.88
6,22.5,5,23,1,0.1,LOW,42.03
13,50.6,1,22,3,3.8,MEDIUM,39.67
17,54.9,1,17,1,6.8,MEDIUM,60.45
17,57.3,2,19,1,3.0,MEDIUM,52.71
16,53.0,3,9,2,1.7,MEDIUM,67.47
18,55.2,3,11,2,0.6,MEDIUM,74.77
12,39.8,3,0,2,36.2,LOW,70.79
16,56.2,1,9,2,17.4,MEDIUM,61.33
25,90.2,4,8,2,3.0,HIGH,88.95
14,42.3,1,2,2,0.1,LOW,44.29
13,50.7,1,18,1,6.2,MEDIUM,46.51
17,55.4,2,8,1,3.1,MEDIUM,58.8
16,61.8,1,9,1,1.0,MEDIUM,46.57
21,71.2,2,18,1,12.5,HIGH,74.54
12,42.5,2,15,1,3.3,LOW,38.86
8,24.9,1,23,1,28.9,LOW,43.78
24,91.0,1,17,3,9.8,HIGH,73.87
14,42.2,2,13,1,14.6,LOW,47.4
10,40.2,2,2,1,7.8,LOW,39.25
8,20.5,2,1,2,6.6,LOW,32.79
9,26.5,3,0,1,4.5,LOW,37.2
15,61.2,1,17,1,0.7,MEDIUM,49.99
5,20.8,2,23,1,10.7,LOW,27.45
13,45.8,3,8,1,3.3,LOW,51.91
5,18.2,3,12,1,1.8,LOW,29.54
7,30.5,3,1,1,1.0,LOW,39.32
6,22.6,1,6,3,0.7,LOW,32.65
7,24.0,1,15,1,5.2,LOW,23.39
24,84.4,2,20,1,14.5,HIGH,80.09
14,46.4,3,18,2,1.1,LOW,59.79
11,35.0,1,14,1,5.8,LOW,40.1
19,60.3,2,21,1,3.8,MEDIUM,70.05
22,68.5,3,10,2,6.2,HIGH,67.81
9,33.4,3,0,3,0.5,LOW,37.28
21,70.4,3,20,2,6.1,HIGH,75.49
3,15.0,1,6,1,6.4,LOW,13.91
13,41.8,1,19,3,16.3,LOW,51.59
12,42.5,2,7,1,1.8,LOW,34.88
21,67.2,1,9,1,13.5,MEDIUM,66.49
10,35.7,4,4,1,11.1,LOW,49.57
15,37.6,1,8,2,19.7,LOW,60.23
7,33.1,1,0,1,19.5,LOW,33.47
6,22.0,1,1,2,11.6,LOW,30.02
21,59.9,2,18,3,20.7,MEDIUM,84.19
9,15.0,2,13,1,2.4,LOW,31.68
19,66.1,3,19,2,1.4,MEDIUM,70.45
25,79.4,4,9,1,2.6,HIGH,79.8
15,52.8,2,8,1,14.7,MEDIUM,59.69
21,76.4,1,9,1,3.0,HIGH,60.27
7,19.1,3,5,2,13.7,LOW,42.07
4,18.0,3,16,1,3.7,LOW,23.83
10,39.4,1,5,2,12.9,LOW,38.77
4,16.3,1,3,3,15.0,LOW,25.1
14,55.5,3,19,3,9.1,MEDIUM,73.31
14,42.1,2,2,1,31.1,LOW,60.7
7,15.6,2,22,1,10.5,LOW,31.65
24,71.7,3,18,1,2.2,HIGH,76.32
20,68.4,1,17,2,33.3,MEDIUM,75.8
12,43.4,3,23,3,9.2,LOW,59.85
10,37.8,1,3,2,4.6,LOW,33.48
11,37.1,1,7,2,5.4,LOW,51.35
5,18.9,3,16,1,11.6,LOW,34.28
5,19.0,1,4,2,11.2,LOW,20.86
9,33.2,3,12,1,14.7,LOW,46.19
5,20.1,1,0,1,2.2,LOW,21.28
13,49.6,1,12,3,23.7,MEDIUM,52.22
12,33.3,1,3,2,2.4,LOW,32.77
21,67.0,3,21,1,5.2,MEDIUM,65.42
7,26.7,2,23,1,1.9,LOW,27.58
12,30.9,2,13,1,4.6,LOW,41.28
6,19.6,2,2,2,8.4,LOW,36.46
13,50.3,2,4,1,5.4,MEDIUM,53.1
11,46.5,1,6,3,2.3,LOW,48.13
13,48.0,4,0,1,3.9,LOW,49.93
14,50.0,5,22,1,7.2,MEDIUM,58.0
16,60.1,2,11,1,18.2,MEDIUM,60.64
14,50.1,2,10,1,4.4,MEDIUM,53.22
11,41.3,4,23,2,6.8,LOW,51.25
8,38.5,2,7,2,19.3,LOW,44.23
4,15.0,4,5,1,14.7,LOW,38.56
21,70.0,1,21,2,1.6,MEDIUM,65.05
3,18.1,2,1,2,3.6,LOW,26.18
13,43.5,5,18,1,12.4,LOW,71.92
23,81.1,1,19,1,10.5,HIGH,68.75
23,82.9,1,19,1,11.7,HIGH,74.65
9,23.8,2,23,2,1.4,LOW,27.57
7,23.6,4,13,1,4.9,LOW,39.55
12,37.7,1,0,1,9.5,LOW,39.67
21,69.1,4,9,2,4.2,MEDIUM,79.33
9,35.7,3,15,3,6.6,LOW,41.04
14,40.7,5,3,1,11.4,LOW,58.41
19,63.0,3,10,1,5.6,MEDIUM,64.95
8,28.8,3,15,2,7.5,LOW,38.4
16,53.9,3,19,1,3.4,MEDIUM,61.04
14,49.8,1,0,1,3.6,MEDIUM,36.3
12,44.2,4,15,2,1.7,LOW,58.4
22,78.7,1,18,3,38.5,HIGH,83.15
24,88.2,1,20,2,7.5,HIGH,70.25
17,71.9,3,21,1,1.7,MEDIUM,69.6
22,80.3,1,8,2,1.4,HIGH,66.58
21,71.1,3,8,1,2.1,HIGH,67.69
17,60.5,3,8,1,10.1,MEDIUM,69.08
7,21.9,1,16,3,5.5,LOW,27.43
17,64.4,1,11,3,6.1,MEDIUM,62.96
10,35.7,2,12,1,9.5,LOW,38.24
3,19.8,4,7,1,10.4,LOW,29.17
6,18.4,3,15,1,11.0,LOW,34.16
17,56.2,1,17,2,0.7,MEDIUM,62.96
4,15.0,5,0,3,14.3,LOW,56.88
13,41.1,1,0,1,1.5,LOW,39.74
14,51.0,2,11,1,8.1,MEDIUM,61.16
6,21.9,1,5,1,2.0,LOW,22.6
23,80.3,2,8,1,14.0,HIGH,78.49
12,28.9,2,22,2,11.6,LOW,44.72
12,34.9,2,4,2,1.5,LOW,38.24
9,30.1,3,15,1,6.4,LOW,37.06
16,55.1,2,17,1,10.2,MEDIUM,61.93
3,19.8,1,16,1,1.5,LOW,11.31
12,35.1,2,17,1,1.3,LOW,42.82
10,27.2,1,0,1,3.8,LOW,33.65
16,48.0,2,18,2,20.1,MEDIUM,71.81
20,68.6,2,21,1,0.6,MEDIUM,67.5
13,48.5,1,7,1,3.6,LOW,35.63
12,37.5,2,2,2,13.1,LOW,48.08
14,48.5,4,4,1,3.4,MEDIUM,53.18
5,15.0,2,22,2,0.5,LOW,26.67
7,16.2,4,7,2,8.0,LOW,47.9
25,82.3,2,18,2,25.3,HIGH,83.2
16,59.5,5,17,1,6.9,MEDIUM,73.31
13,40.0,2,17,2,13.5,LOW,46.1
15,49.9,3,20,1,0.1,MEDIUM,55.44
5,15.0,2,0,3,8.6,LOW,33.59
7,17.4,1,14,2,1.3,LOW,21.75
23,80.9,3,17,1,9.6,HIGH,72.35
11,33.9,3,6,1,6.8,LOW,41.96
5,15.0,3,15,3,2.0,LOW,29.86
12,32.1,1,15,3,7.0,LOW,51.7
3,16.2,3,14,3,9.0,LOW,35.16
7,15.0,1,5,2,18.6,LOW,36.7
12,47.5,1,8,2,17.6,LOW,48.25
4,17.5,4,6,2,22.0,LOW,42.13
14,45.0,2,13,1,14.7,LOW,44.8
18,65.5,5,10,1,6.2,MEDIUM,79.07
20,66.8,2,20,2,15.1,MEDIUM,69.06
11,39.9,5,15,1,10.2,LOW,58.36
8,16.0,2,5,2,10.7,LOW,35.76
25,85.9,2,21,1,1.3,HIGH,76.62
4,15.0,2,15,2,1.6,LOW,23.13
14,44.6,3,19,1,1.6,LOW,53.56
8,32.6,3,15,1,1.9,LOW,46.39
23,90.9,2,11,1,4.3,HIGH,69.54
12,48.6,3,16,1,3.0,LOW,48.08
5,24.0,2,4,3,0.4,LOW,31.83
9,25.6,3,12,2,10.3,LOW,42.56
14,51.6,5,7,3,4.1,MEDIUM,61.83
3,15.0,1,23,1,0.6,LOW,12.26
8,24.4,2,4,1,12.4,LOW,33.67
21,84.3,2,11,1,0.2,HIGH,66.47
21,59.4,2,8,1,6.6,MEDIUM,61.66
13,47.1,4,2,1,11.3,LOW,56.51
10,36.5,2,2,1,3.7,LOW,38.24
10,39.0,1,0,3,6.8,LOW,34.24
15,55.9,3,21,3,0.4,MEDIUM,63.66
24,84.7,2,17,3,2.2,HIGH,78.87
4,16.1,2,23,3,8.7,LOW,31.27
23,73.6,1,11,1,12.5,HIGH,73.47
12,41.2,1,8,2,1.0,LOW,48.16
12,45.9,1,8,1,27.1,LOW,55.61
19,60.6,3,17,1,4.0,MEDIUM,70.45
14,49.9,2,17,2,20.7,MEDIUM,64.52
7,28.9,2,6,3,6.2,LOW,39.74
3,15.0,1,3,2,8.3,LOW,18.04
9,40.0,1,12,2,1.5,LOW,32.97
5,20.4,1,16,1,17.3,LOW,32.99
12,31.3,3,23,1,0.7,LOW,41.5
12,41.4,1,1,1,35.0,LOW,49.64
10,29.3,5,13,3,4.0,LOW,61.45
11,31.3,2,2,3,1.4,LOW,42.02
10,28.3,2,4,2,7.4,LOW,39.65
13,55.7,2,13,1,16.1,MEDIUM,51.53
14,42.8,2,2,1,4.0,LOW,43.28
4,15.0,3,22,1,0.1,LOW,28.69
9,32.6,4,6,3,16.5,LOW,54.89
17,53.6,1,17,1,7.0,MEDIUM,51.13
6,15.5,3,12,1,0.8,LOW,33.35
7,20.1,3,22,1,18.9,LOW,37.97
25,81.5,5,21,3,11.9,HIGH,105.89
25,88.2,2,9,2,6.1,HIGH,73.94
7,18.7,1,12,2,4.7,LOW,18.62
13,53.4,2,15,1,9.8,MEDIUM,46.66
20,66.7,2,8,1,3.6,MEDIUM,65.63
14,57.3,3,1,1,8.5,MEDIUM,49.17
4,15.0,4,22,2,1.3,LOW,37.13
4,15.0,1,4,3,1.2,LOW,23.26
18,57.4,3,21,1,3.0,MEDIUM,68.53
7,27.0,4,16,1,17.4,LOW,47.14
14,41.3,4,22,2,15.2,LOW,61.99
15,50.8,3,21,2,5.4,MEDIUM,64.2
12,42.9,3,3,1,7.0,LOW,49.63
12,43.1,1,16,1,7.9,LOW,37.87
13,47.6,4,8,2,3.7,LOW,58.16
19,66.0,2,19,2,9.7,MEDIUM,69.75
5,15.0,1,1,3,7.5,LOW,31.66
3,15.0,2,23,3,3.5,LOW,21.95
22,74.9,3,17,1,2.7,HIGH,69.76
24,84.3,2,20,2,31.6,HIGH,86.63
17,53.4,3,21,1,2.7,MEDIUM,64.84
25,84.8,2,10,2,1.5,HIGH,78.6
8,38.7,1,12,2,14.4,LOW,32.92
9,36.2,1,7,2,13.3,LOW,38.09
10,39.3,2,0,3,2.2,LOW,40.45
10,33.7,1,16,2,15.1,LOW,37.77
20,69.1,2,11,3,19.4,MEDIUM,74.76
6,20.5,1,3,1,3.2,LOW,19.22
21,74.3,4,20,1,3.2,HIGH,71.6
13,36.8,2,12,2,1.1,LOW,45.62
12,36.0,2,8,3,7.5,LOW,62.45
13,35.8,1,6,1,9.5,LOW,38.46
11,41.9,1,22,1,0.6,LOW,34.95
14,52.0,3,23,1,1.9,MEDIUM,52.09
7,19.9,3,4,2,2.5,LOW,38.56
7,19.6,1,4,2,4.7,LOW,23.34
11,41.8,1,16,2,13.9,LOW,41.06
23,82.5,4,8,3,2.0,HIGH,85.94
5,26.7,2,5,2,13.2,LOW,37.55
22,69.9,1,18,1,17.6,HIGH,69.59
7,23.1,1,15,2,1.8,LOW,30.65
14,48.3,3,20,2,39.6,MEDIUM,77.05
11,40.8,3,1,3,5.8,LOW,56.2
24,87.4,2,9,1,6.4,HIGH,79.32
12,40.1,1,15,1,7.7,LOW,37.38
13,45.5,2,4,1,13.0,LOW,41.8
9,28.7,2,14,2,8.5,LOW,41.47
3,15.0,2,12,1,10.6,LOW,29.95
13,39.1,1,12,2,4.6,LOW,40.49
13,41.4,1,12,2,7.1,LOW,41.49
6,23.8,3,14,1,2.3,LOW,32.56
4,15.0,2,13,2,3.6,LOW,26.08
5,20.5,3,7,3,8.0,LOW,39.18
24,85.1,2,10,2,0.3,HIGH,79.62
19,61.9,5,17,1,6.9,MEDIUM,77.5
4,25.0,5,23,1,6.4,LOW,45.09
12,42.3,1,3,2,1.7,LOW,40.24
20,69.4,2,9,1,21.7,MEDIUM,73.95
13,43.2,3,0,2,0.7,LOW,54.78
6,15.0,3,4,3,0.4,LOW,31.1
11,33.5,4,12,2,15.8,LOW,51.39
13,39.5,3,0,1,14.7,LOW,49.47
13,48.2,2,22,1,4.0,LOW,42.48
11,34.2,2,7,3,29.6,LOW,57.59
14,49.4,2,2,3,29.7,MEDIUM,62.06
11,27.7,4,2,1,1.1,LOW,43.93
5,25.2,5,6,1,5.2,LOW,49.48
3,15.0,1,3,2,0.4,LOW,17.65
3,15.0,2,2,1,3.5,LOW,23.52
5,15.0,2,14,1,0.6,LOW,23.3
12,45.8,2,7,1,1.4,LOW,48.38
10,30.9,4,2,1,17.9,LOW,54.61
6,17.2,2,6,1,14.9,LOW,35.02
24,80.2,2,17,1,15.6,HIGH,76.75
16,63.2,2,10,1,0.3,MEDIUM,62.73
22,71.0,2,10,2,6.7,HIGH,75.16
10,38.1,2,16,2,11.9,LOW,40.63
4,15.0,1,5,1,9.4,LOW,21.99
10,21.3,1,7,3,5.6,LOW,41.91
11,39.8,2,0,1,1.0,LOW,44.19
18,56.0,3,9,1,11.9,MEDIUM,59.11
23,76.4,2,18,1,17.7,HIGH,76.33
8,32.2,3,2,2,2.5,LOW,40.32
5,15.0,4,3,1,6.2,LOW,36.52
18,58.7,4,10,1,5.4,MEDIUM,66.34
11,41.3,2,14,2,10.6,LOW,46.15
10,31.3,1,0,2,20.8,LOW,38.95
18,61.7,2,8,2,4.8,MEDIUM,69.0
13,43.3,2,10,2,5.0,LOW,51.3
14,46.7,4,18,3,2.1,LOW,59.51
7,22.6,3,12,1,1.6,LOW,38.73
4,16.3,2,15,1,0.3,LOW,18.42
7,15.0,2,3,3,13.6,LOW,41.92
7,22.2,2,0,2,4.1,LOW,26.92
13,39.5,5,19,2,0.6,LOW,60.34
13,48.3,3,12,1,6.4,LOW,43.74
12,48.0,3,0,1,3.3,LOW,48.24
3,15.0,2,4,1,28.5,LOW,39.69
7,22.8,2,4,1,4.8,LOW,23.74
8,30.2,1,13,1,0.9,LOW,22.92
9,31.4,1,22,1,8.1,LOW,36.43
13,43.3,1,13,2,12.6,LOW,50.77
4,15.0,5,7,1,7.0,LOW,42.03
8,25.2,1,3,1,11.9,LOW,28.15
14,51.9,1,6,1,2.9,MEDIUM,42.77
14,58.1,2,19,1,6.1,MEDIUM,54.85
22,73.8,2,18,1,14.0,HIGH,76.37
5,19.6,4,14,1,0.6,LOW,35.24
13,32.4,1,21,1,2.4,LOW,38.58
13,33.8,5,3,2,7.9,LOW,57.1
21,72.7,1,18,1,5.6,HIGH,59.53
14,45.4,5,8,2,11.7,LOW,73.91
22,70.5,2,20,3,1.6,HIGH,68.89
9,33.3,3,12,2,15.0,LOW,52.02
11,35.7,2,13,1,7.7,LOW,36.43
3,15.0,2,22,1,1.8,LOW,20.74
7,24.5,3,13,2,0.5,LOW,26.52
12,45.3,1,21,3,32.1,LOW,61.3
23,77.4,1,9,3,4.7,HIGH,73.82
7,23.7,5,15,1,2.5,LOW,48.17
8,25.5,2,4,2,1.6,LOW,34.5
10,31.2,4,22,3,2.2,LOW,51.73
9,33.3,3,5,2,5.4,LOW,43.95
7,18.2,2,1,1,15.3,LOW,31.67
13,50.5,1,12,1,1.9,MEDIUM,39.86
7,17.9,5,12,1,3.7,LOW,51.49
25,83.0,2,18,1,12.8,HIGH,83.04
25,82.5,1,17,2,8.7,HIGH,76.6
21,74.8,3,18,3,0.2,HIGH,76.71
8,34.5,1,0,3,2.3,LOW,33.97
5,18.9,4,7,1,1.1,LOW,39.71
14,56.9,1,21,2,0.3,MEDIUM,53.31
10,29.8,1,15,1,23.5,LOW,43.44
6,18.8,1,1,2,7.8,LOW,34.13
7,15.5,1,7,2,6.2,LOW,29.75
11,30.7,2,5,1,15.7,LOW,49.84
6,26.0,3,15,1,7.2,LOW,46.98
3,15.0,3,22,1,6.9,LOW,22.88
22,72.0,3,10,1,1.8,HIGH,73.14
8,21.9,2,16,3,7.7,LOW,35.55
13,48.3,2,22,1,8.8,LOW,46.4
23,75.7,4,18,1,17.1,HIGH,94.88
16,47.5,2,10,1,4.4,MEDIUM,60.97
12,40.9,1,7,3,1.8,LOW,42.13
15,54.1,2,21,1,6.7,MEDIUM,57.54
13,43.2,1,3,1,28.8,LOW,46.91
20,64.8,1,10,2,0.6,MEDIUM,65.34
7,24.2,3,7,1,0.0,LOW,31.65
22,66.6,4,8,1,0.3,MEDIUM,78.92
3,15.0,2,1,2,14.2,LOW,27.53
6,22.6,3,15,1,0.0,LOW,29.49
5,23.1,1,5,3,2.0,LOW,31.04
25,80.0,2,20,2,31.9,HIGH,88.89
25,75.6,2,20,2,11.0,HIGH,80.87
19,55.7,2,18,1,2.0,MEDIUM,58.4
4,15.0,1,7,2,2.0,LOW,22.11
5,15.0,3,13,2,4.9,LOW,34.12
14,50.7,3,23,1,0.6,MEDIUM,51.03
11,34.5,2,15,1,8.5,LOW,41.87
25,83.5,1,11,1,5.5,HIGH,76.88
6,16.8,1,4,2,4.3,LOW,22.83
6,19.4,2,23,3,5.4,LOW,44.76
5,21.0,1,23,2,2.5,LOW,22.11
12,50.1,3,18,2,1.9,LOW,53.8
21,76.8,3,17,1,0.6,HIGH,71.32
24,81.8,2,8,2,7.9,HIGH,80.73
3,15.0,4,1,3,5.5,LOW,35.34
24,88.9,1,19,1,9.9,HIGH,77.23
16,48.8,3,11,1,18.0,MEDIUM,65.81
10,33.9,1,1,1,39.7,LOW,38.54
23,71.2,1,9,1,2.1,HIGH,67.96
5,24.0,1,0,2,1.5,LOW,22.64
7,32.1,5,3,3,19.5,LOW,58.23
19,56.8,2,11,1,4.1,MEDIUM,64.1
21,63.2,1,8,1,13.0,MEDIUM,63.8
6,17.4,2,3,1,1.2,LOW,23.04
18,64.5,1,8,3,2.8,MEDIUM,58.94
12,36.0,1,5,1,0.1,LOW,28.21
10,29.5,3,0,1,36.7,LOW,56.54
20,71.7,1,9,1,0.0,MEDIUM,61.88
13,45.7,4,13,1,1.5,LOW,60.5
24,81.0,2,21,2,6.5,HIGH,71.47
22,75.1,1,17,1,15.2,HIGH,70.29
4,15.1,1,5,2,12.6,LOW,24.03
16,59.2,2,17,2,2.3,MEDIUM,61.07
16,59.4,2,19,1,17.0,MEDIUM,63.37
6,17.2,2,15,1,0.6,LOW,21.08
10,33.3,3,14,3,3.2,LOW,45.62
7,20.1,3,15,2,2.4,LOW,38.05
4,16.0,3,7,2,8.5,LOW,33.27
13,38.1,4,12,2,0.3,LOW,46.48
6,15.0,1,22,3,15.4,LOW,31.16
20,65.1,1,10,1,26.0,MEDIUM,71.77
12,28.1,3,6,1,2.2,LOW,46.31
7,15.0,2,16,1,18.6,LOW,38.85
15,53.2,2,17,1,18.9,MEDIUM,60.78
22,77.5,3,21,1,7.9,HIGH,74.62
7,17.7,2,22,3,5.7,LOW,36.93
21,70.3,1,18,3,11.9,HIGH,70.24
10,42.7,3,12,1,5.8,LOW,39.45
4,15.0,3,14,1,10.9,LOW,28.47
3,17.5,1,22,1,0.8,LOW,18.99
14,43.2,2,21,3,2.7,LOW,54.83
20,68.7,2,21,1,4.0,MEDIUM,61.05
12,43.3,1,0,2,1.8,LOW,35.29
10,30.7,1,15,3,2.1,LOW,37.39
9,28.4,1,4,1,11.5,LOW,25.08
11,36.0,3,2,2,1.5,LOW,45.45
3,15.0,2,22,1,1.0,LOW,23.16
20,68.9,5,9,2,2.6,MEDIUM,86.77
16,61.3,1,18,1,1.4,MEDIUM,51.44
7,30.5,5,4,1,1.8,LOW,38.88
8,38.6,2,6,3,12.2,LOW,46.56
13,41.3,1,13,2,4.7,LOW,42.37
9,27.2,1,2,1,4.6,LOW,34.92
5,20.4,2,12,1,6.0,LOW,33.71
9,38.6,3,12,1,0.7,LOW,40.46
25,91.2,3,9,2,34.9,HIGH,95.39
8,30.9,3,1,1,15.0,LOW,45.8
10,29.0,1,5,2,2.8,LOW,36.84
9,26.0,1,7,1,0.5,LOW,27.33
7,26.7,1,3,1,7.7,LOW,26.72
15,53.4,1,11,2,7.2,MEDIUM,60.16
8,26.2,3,14,1,3.0,LOW,33.61
6,23.1,4,7,3,3.3,LOW,42.6
4,15.0,1,6,2,6.0,LOW,24.39
9,35.1,3,13,1,16.9,LOW,45.76
6,16.9,1,22,2,0.9,LOW,24.86
12,32.2,1,18,1,5.7,LOW,45.0
12,33.1,1,13,1,4.6,LOW,30.09
20,63.6,1,21,1,5.0,MEDIUM,57.11
4,15.0,1,12,2,19.2,LOW,35.07
12,40.6,2,20,1,6.3,LOW,49.35
8,22.1,2,0,1,9.5,LOW,33.62
16,47.8,2,18,1,19.5,MEDIUM,59.83
3,15.0,2,0,1,2.9,LOW,25.33
12,41.9,2,3,1,3.6,LOW,38.03
18,61.0,5,9,1,2.1,MEDIUM,78.99
8,28.3,3,2,1,8.4,LOW,38.05
14,44.7,4,19,1,2.3,LOW,57.31
16,65.1,2,8,1,2.1,MEDIUM,52.9
14,40.5,3,2,2,34.6,LOW,65.68
10,34.3,1,5,2,9.6,LOW,37.25
3,15.0,3,5,1,13.5,LOW,28.42
7,26.2,1,22,3,27.7,LOW,39.18
16,49.8,1,11,1,28.3,MEDIUM,52.86
8,19.1,1,22,1,3.2,LOW,23.7
6,23.1,2,0,2,5.9,LOW,42.32
12,33.5,1,15,2,20.6,LOW,36.2
13,39.2,5,23,3,0.2,LOW,63.32
14,53.4,1,4,3,19.8,MEDIUM,56.13
19,65.5,4,8,1,15.6,MEDIUM,76.88
24,79.3,2,9,3,5.0,HIGH,79.86
10,34.8,3,12,3,5.8,LOW,45.81
7,21.3,3,14,1,0.4,LOW,30.64
14,51.4,2,11,3,6.5,MEDIUM,61.71
8,26.2,2,4,1,1.1,LOW,21.23
11,31.7,3,4,2,2.5,LOW,43.41
20,59.0,2,17,1,13.0,MEDIUM,68.34
22,81.5,2,11,1,5.6,HIGH,70.56
14,39.1,2,2,2,11.2,LOW,54.55
3,15.0,1,6,1,21.5,LOW,25.74
5,15.0,2,16,2,1.5,LOW,28.01
15,47.0,1,18,2,2.4,MEDIUM,51.4
24,89.0,4,17,1,7.1,HIGH,83.44
14,43.5,3,0,1,23.9,LOW,60.97
7,22.1,1,23,2,12.1,LOW,38.16
14,54.5,2,4,2,8.2,MEDIUM,44.32
6,24.0,2,1,2,9.1,LOW,30.18
7,27.7,2,0,2,4.5,LOW,35.82
6,15.4,3,6,2,4.1,LOW,34.07
17,52.5,3,10,1,34.6,MEDIUM,75.8
17,61.1,3,10,1,15.5,MEDIUM,70.29
14,47.6,4,17,3,11.4,MEDIUM,66.1
3,15.0,2,16,2,10.2,LOW,25.13
4,15.0,2,1,1,6.7,LOW,26.43
7,19.6,3,6,1,3.2,LOW,32.01
10,23.7,3,6,1,4.5,LOW,34.47
19,65.3,4,9,2,0.5,MEDIUM,72.49
19,67.1,3,21,1,0.7,MEDIUM,67.91
24,87.1,1,20,2,3.9,HIGH,79.17
13,35.5,4,2,1,1.0,LOW,49.27
18,65.2,3,11,1,4.1,MEDIUM,67.26
8,26.8,1,2,3,1.9,LOW,27.45
22,81.0,3,10,1,3.4,HIGH,67.35
15,40.2,2,11,3,3.8,LOW,52.6
12,50.2,3,3,1,12.7,LOW,51.93
9,29.3,5,15,1,9.3,LOW,55.1
16,55.6,1,19,1,13.5,MEDIUM,52.69
18,56.2,4,17,2,3.6,MEDIUM,72.14
9,24.7,3,3,2,14.0,LOW,47.56
15,54.0,3,21,1,23.9,MEDIUM,59.82
8,25.2,2,5,1,2.6,LOW,34.68
15,60.7,1,20,2,10.1,MEDIUM,53.03
6,18.6,2,14,1,0.5,LOW,28.75
5,22.0,1,0,1,5.9,LOW,25.13
5,15.7,2,2,1,1.4,LOW,29.32
3,15.0,3,4,2,14.3,LOW,36.33
21,68.8,5,21,1,4.3,MEDIUM,83.96
14,52.0,1,16,1,7.4,MEDIUM,48.12
5,17.9,1,13,1,7.0,LOW,18.57
19,61.5,3,8,1,0.9,MEDIUM,66.67
3,15.0,2,2,2,0.8,LOW,23.98
11,45.0,4,12,2,6.8,LOW,61.01
13,50.6,3,2,1,3.0,MEDIUM,47.55
22,66.1,3,10,1,0.9,MEDIUM,75.04
6,20.5,1,1,1,3.0,LOW,22.59
14,48.6,1,23,2,1.7,MEDIUM,39.94
11,30.8,2,14,1,0.3,LOW,40.76
4,15.0,1,12,3,3.8,LOW,23.17
12,35.0,3,18,1,9.1,LOW,50.58
14,42.2,2,21,1,1.0,LOW,45.8
6,15.0,2,15,1,7.0,LOW,32.24
14,46.4,3,17,2,1.3,LOW,59.59
13,48.4,2,6,2,0.6,LOW,42.17
3,15.0,2,12,1,0.8,LOW,21.91
7,33.6,3,3,1,1.9,LOW,37.05
15,58.7,2,8,1,5.0,MEDIUM,59.19
23,76.3,1,9,1,4.7,HIGH,71.14
15,49.4,2,8,1,5.2,MEDIUM,51.13
7,31.4,2,6,1,3.8,LOW,27.53
12,36.5,2,14,2,17.0,LOW,53.46
12,42.2,1,7,1,17.3,LOW,42.78
20,73.6,1,18,1,8.6,HIGH,65.04
23,75.1,2,10,1,3.1,HIGH,69.12
6,19.9,1,4,1,1.6,LOW,20.48
7,16.2,3,1,1,9.6,LOW,31.88
23,71.3,2,9,1,45.3,HIGH,92.62
11,46.5,2,15,1,13.7,LOW,45.93
11,39.7,1,22,3,3.2,LOW,42.81
8,31.4,1,12,1,1.7,LOW,29.42
14,50.0,3,7,1,13.6,MEDIUM,54.1
22,75.5,3,8,2,4.1,HIGH,80.71
16,51.3,4,10,1,7.0,MEDIUM,68.98
16,64.9,2,10,3,0.3,MEDIUM,64.57
5,15.0,2,22,1,13.1,LOW,23.67
7,16.6,3,15,2,1.8,LOW,27.46
19,60.8,5,9,2,11.5,MEDIUM,77.08
12,43.2,5,23,3,8.6,LOW,72.76
13,45.2,5,11,2,4.3,LOW,66.28
5,15.0,4,5,1,6.1,LOW,32.66
12,38.7,2,11,2,6.2,LOW,56.7
20,65.3,1,9,1,2.0,MEDIUM,60.17
13,45.6,3,17,2,1.1,LOW,53.1
23,75.4,1,17,1,13.3,HIGH,62.87
10,44.0,1,3,2,9.4,LOW,39.57
14,45.8,3,8,2,7.8,LOW,58.76
10,32.3,3,6,3,2.6,LOW,49.38
23,82.4,3,17,1,4.1,HIGH,82.5
10,37.2,2,7,2,1.3,LOW,42.71
19,71.4,2,10,1,11.2,MEDIUM,65.63
11,43.1,4,6,1,0.1,LOW,48.68
20,66.6,3,8,2,0.0,MEDIUM,74.85
3,17.1,2,7,2,5.9,LOW,24.44
10,31.6,2,2,2,3.4,LOW,38.28
13,37.6,4,16,2,1.2,LOW,62.26
5,16.8,2,1,1,10.3,LOW,25.02
13,46.5,1,14,2,21.5,LOW,52.36
7,25.1,2,13,1,2.6,LOW,30.24
23,80.9,2,17,1,7.4,HIGH,73.14
9,25.9,1,15,1,10.9,LOW,31.51
12,44.4,2,19,2,7.7,LOW,45.44
18,69.5,2,21,2,3.9,MEDIUM,67.67
9,25.9,1,3,1,6.5,LOW,26.4
24,87.0,1,19,2,10.3,HIGH,75.65
9,32.9,4,5,1,22.9,LOW,51.85
7,27.9,2,5,2,11.8,LOW,36.27
15,46.3,2,10,2,3.0,MEDIUM,52.61
11,38.2,2,16,1,8.9,LOW,40.41
5,17.2,2,23,3,19.8,LOW,33.41
10,33.8,3,2,1,5.9,LOW,51.47
3,15.0,2,12,2,0.8,LOW,23.02
19,67.8,4,21,1,8.2,MEDIUM,82.63
14,56.1,2,2,1,7.4,MEDIUM,47.63
4,19.7,4,15,2,1.2,LOW,36.12
5,22.5,1,14,1,2.2,LOW,17.26
17,65.8,4,10,3,8.9,MEDIUM,81.77
14,48.8,3,17,1,29.1,MEDIUM,64.77
6,15.1,1,14,1,1.5,LOW,16.69
3,15.0,1,4,2,7.6,LOW,22.03
7,26.5,2,15,1,5.1,LOW,31.48
5,22.0,1,15,1,3.3,LOW,18.64
14,50.9,3,16,3,19.6,MEDIUM,65.86
20,66.9,3,8,2,22.1,MEDIUM,72.26
6,27.6,2,22,1,1.4,LOW,26.08
6,22.2,1,2,2,9.8,LOW,23.15
21,70.1,5,19,3,11.9,MEDIUM,90.8
7,15.0,1,12,1,20.5,LOW,36.2
18,64.0,1,21,2,0.6,MEDIUM,49.05
10,27.0,2,2,1,21.5,LOW,44.93
12,34.8,5,6,3,2.3,LOW,58.74
9,33.3,3,5,2,15.6,LOW,45.9
15,53.9,2,8,2,14.1,MEDIUM,65.12
24,74.9,2,11,3,12.6,HIGH,73.63
9,28.2,2,14,1,2.8,LOW,29.88
15,50.6,1,20,1,11.4,MEDIUM,47.29
20,72.9,3,19,1,2.4,HIGH,63.5
8,23.7,1,2,1,3.0,LOW,27.72
25,89.7,2,9,2,13.6,HIGH,83.9
10,28.9,2,0,2,7.0,LOW,41.81
15,43.4,1,18,1,2.9,LOW,48.95
24,88.1,5,18,1,9.6,HIGH,97.31
7,32.4,2,22,2,15.6,LOW,41.69
12,47.8,1,22,1,6.5,LOW,37.04
7,28.0,4,12,1,2.0,LOW,42.61
24,82.2,1,11,2,6.9,HIGH,71.63
10,37.4,1,0,1,7.0,LOW,37.74
17,60.9,2,18,3,8.0,MEDIUM,70.39
11,48.1,1,23,1,12.1,LOW,36.49
5,15.0,5,15,2,31.6,LOW,50.05
12,37.3,1,22,2,0.9,LOW,33.61
10,28.6,1,22,1,1.7,LOW,34.99
9,38.7,3,14,1,13.5,LOW,54.63
11,37.5,1,15,1,6.0,LOW,28.03
19,60.3,4,10,1,11.0,MEDIUM,79.44
11,25.8,2,23,1,4.3,LOW,33.64
13,39.3,1,5,2,14.6,LOW,42.63
19,66.1,1,10,2,4.4,MEDIUM,65.84
3,15.0,1,2,2,23.5,LOW,30.52
5,15.0,2,14,1,4.0,LOW,29.73
9,30.8,1,0,2,2.6,LOW,30.2
5,15.7,2,6,1,0.9,LOW,28.78
5,15.0,2,0,3,15.1,LOW,35.07
6,15.6,2,16,3,23.9,LOW,41.82
17,56.3,1,8,2,18.0,MEDIUM,64.2
3,15.0,2,22,2,11.4,LOW,27.31
6,23.8,1,12,1,4.5,LOW,32.05
21,70.7,1,10,1,2.9,HIGH,57.79
15,58.7,4,19,2,2.7,MEDIUM,71.2
9,27.7,2,5,1,11.4,LOW,35.65
6,15.0,1,0,1,3.4,LOW,24.82
14,36.8,1,6,2,12.3,LOW,45.48
20,71.8,2,11,2,32.3,MEDIUM,84.59
16,53.9,3,21,1,1.7,MEDIUM,56.54
14,38.8,1,19,1,1.0,LOW,43.52
12,42.4,2,22,1,1.0,LOW,39.23
12,46.1,2,18,2,0.5,LOW,46.93
11,38.9,5,16,1,9.4,LOW,56.04
8,23.4,1,3,3,7.2,LOW,32.37
6,15.0,2,2,2,6.6,LOW,31.3
6,21.9,1,0,1,7.0,LOW,23.1
15,51.2,2,17,1,0.6,MEDIUM,48.32
13,58.7,2,20,2,2.8,MEDIUM,58.52
5,15.0,1,14,3,2.5,LOW,24.82
5,19.3,2,7,1,5.2,LOW,25.45
3,15.0,2,0,2,16.9,LOW,30.67
23,74.1,2,19,1,28.7,HIGH,82.12
11,30.8,1,13,1,7.6,LOW,27.93
5,23.1,1,3,3,2.3,LOW,15.5
9,36.6,1,4,1,3.8,LOW,37.38
11,42.6,1,22,2,3.1,LOW,36.97
5,15.0,2,12,1,1.8,LOW,25.05
11,40.4,1,23,2,30.7,LOW,53.06
13,51.7,1,14,2,1.1,MEDIUM,37.86
4,15.0,3,5,3,6.7,LOW,31.76
5,20.0,2,0,1,12.8,LOW,32.07
13,49.6,4,22,1,22.5,MEDIUM,64.85
22,78.9,3,18,2,1.8,HIGH,76.23
9,25.7,3,12,1,1.7,LOW,38.29
13,39.0,1,5,2,5.5,LOW,43.01
11,39.2,3,14,2,3.9,LOW,38.85
3,15.0,3,15,1,2.3,LOW,25.36
14,52.8,3,23,2,0.8,MEDIUM,53.07
11,42.5,1,22,2,3.6,LOW,28.29
12,37.7,2,15,3,2.6,LOW,44.06
19,55.3,2,9,1,1.5,MEDIUM,58.33
24,73.8,2,21,1,3.7,HIGH,65.24
16,48.2,3,8,1,0.7,MEDIUM,67.2
14,44.7,1,8,1,19.9,LOW,52.75
8,28.9,2,16,1,7.3,LOW,42.59
12,39.0,2,16,3,5.2,LOW,40.63
7,16.8,1,16,1,1.1,LOW,17.88
7,27.3,3,23,1,12.0,LOW,33.38
13,42.5,4,11,1,0.6,LOW,60.37
7,20.0,1,12,1,33.6,LOW,39.74
20,63.4,1,11,1,14.8,MEDIUM,65.84
12,42.5,2,13,2,5.1,LOW,40.07
12,39.3,2,9,1,8.9,LOW,55.52
12,37.4,2,22,1,0.7,LOW,45.7
15,44.1,3,18,1,5.4,LOW,63.78
11,34.0,5,1,2,13.7,LOW,57.09
10,35.4,2,3,1,0.7,LOW,41.94
24,85.1,1,18,1,2.0,HIGH,71.72
8,32.5,2,6,3,12.0,LOW,42.29
4,15.0,3,14,1,4.9,LOW,25.58
11,28.6,3,14,2,8.7,LOW,46.91
8,30.4,1,23,3,13.6,LOW,42.9
10,34.9,2,5,1,1.3,LOW,38.52
8,19.1,2,2,2,5.1,LOW,31.56
7,28.1,3,5,3,6.6,LOW,43.48
9,15.0,1,15,1,7.6,LOW,22.95
14,41.7,4,1,3,15.1,LOW,65.62
6,30.1,2,6,1,5.2,LOW,23.93
17,74.5,4,10,1,3.1,MEDIUM,69.78
13,49.6,2,6,2,13.0,MEDIUM,57.23
5,15.0,3,3,3,18.2,LOW,50.38
13,46.3,5,23,2,3.6,LOW,60.75
25,72.8,4,19,1,10.4,HIGH,88.98
9,28.0,4,6,2,1.9,LOW,60.25
4,15.0,1,3,2,0.8,LOW,29.0
21,78.1,2,11,1,3.8,HIGH,66.98
5,21.7,1,4,3,4.2,LOW,22.73
3,15.0,2,22,1,1.0,LOW,21.34
17,62.6,1,18,1,0.9,MEDIUM,61.91
14,44.3,2,4,1,9.8,LOW,43.44
17,57.6,3,18,1,10.1,MEDIUM,58.1
19,60.5,2,20,2,0.6,MEDIUM,65.73
3,15.0,3,2,1,5.7,LOW,29.5
24,81.0,1,10,2,6.6,HIGH,73.3
3,15.0,3,6,1,5.5,LOW,28.43
5,15.0,1,16,1,31.0,LOW,31.96
19,64.7,2,8,2,4.9,MEDIUM,61.11
16,54.4,2,20,1,6.3,MEDIUM,59.0
18,62.3,4,8,2,3.0,MEDIUM,73.71
24,76.0,5,9,2,2.3,HIGH,98.77
14,43.9,1,12,2,13.7,LOW,45.85
6,15.4,1,14,2,21.0,LOW,32.89
17,69.5,3,21,2,3.1,MEDIUM,62.22
13,51.4,2,4,3,15.1,MEDIUM,51.03
7,23.4,2,2,1,4.4,LOW,33.21
6,23.1,1,7,2,5.9,LOW,35.71
20,77.2,3,19,1,1.6,HIGH,72.28
14,57.2,1,9,1,7.0,MEDIUM,48.95
12,43.2,2,12,1,24.4,LOW,44.03
11,32.4,1,2,3,0.4,LOW,37.51
16,61.6,4,21,2,2.4,MEDIUM,75.6
3,15.0,1,7,1,9.5,LOW,17.3
17,55.8,3,8,1,2.5,MEDIUM,59.83
13,48.3,1,21,3,3.7,LOW,46.6
15,47.1,2,20,1,2.7,MEDIUM,56.46
25,75.8,5,11,1,27.4,HIGH,100.2
16,62.1,1,10,3,5.3,MEDIUM,57.4
4,16.3,4,1,2,1.1,LOW,39.07
22,79.8,4,17,1,1.0,HIGH,76.71
20,56.9,3,8,1,3.0,MEDIUM,62.38
13,46.7,1,1,3,4.1,LOW,45.61
6,22.1,3,1,3,2.7,LOW,37.91
3,15.0,4,2,1,6.4,LOW,34.4
14,45.6,5,15,1,16.4,LOW,72.42
21,68.4,3,18,1,12.4,MEDIUM,77.9
3,19.7,2,3,2,6.9,LOW,23.05
10,39.0,3,22,2,10.3,LOW,48.64
15,49.4,2,17,1,8.7,MEDIUM,54.11
24,77.7,2,19,2,0.5,HIGH,72.73
17,57.7,2,17,2,8.1,MEDIUM,58.17
25,85.0,3,9,2,16.5,HIGH,88.14
13,37.9,2,10,3,14.2,LOW,55.35
11,44.0,3,16,1,5.1,LOW,44.65
7,22.3,1,23,1,3.2,LOW,24.56
11,37.8,2,22,2,3.8,LOW,40.64
4,18.5,2,23,2,6.7,LOW,22.15
17,67.3,1,19,1,4.2,MEDIUM,53.22
9,31.3,2,15,2,3.4,LOW,35.01
16,45.8,4,19,1,1.0,MEDIUM,65.93
5,20.6,2,12,1,0.9,LOW,26.68
12,41.8,1,1,1,0.2,LOW,37.45
14,44.4,2,23,3,40.8,LOW,68.25
4,15.9,2,1,2,3.6,LOW,27.28
13,40.3,2,13,1,0.6,LOW,41.03
12,31.6,2,3,3,6.7,LOW,50.64
3,15.0,1,16,2,9.0,LOW,28.25
3,15.0,2,12,2,9.1,LOW,29.35
9,28.9,3,3,1,27.9,LOW,52.66
11,40.9,2,2,1,1.9,LOW,34.36
22,62.2,1,11,2,18.0,MEDIUM,69.33
14,45.4,5,21,2,18.9,LOW,75.78
6,15.0,1,22,2,4.9,LOW,22.93
4,15.0,1,7,2,24.4,LOW,37.96
10,34.2,3,1,2,1.8,LOW,44.94
11,34.4,3,5,1,3.3,LOW,42.69
23,81.9,1,21,2,11.4,HIGH,67.95
20,70.4,2,9,1,23.2,MEDIUM,76.91
18,64.5,1,11,1,0.6,MEDIUM,56.59
25,73.4,5,20,1,8.9,HIGH,88.38
22,75.6,3,9,2,22.9,HIGH,83.98
20,69.0,1,9,3,0.9,MEDIUM,61.83
9,23.1,1,22,1,1.6,LOW,27.89
4,15.0,2,2,1,9.0,LOW,24.71
12,42.2,2,19,1,8.0,LOW,45.12
12,41.0,3,9,3,2.8,LOW,65.25
13,47.9,4,8,2,22.1,LOW,72.6
21,74.1,2,19,3,3.9,HIGH,68.19
25,88.8,3,18,3,3.3,HIGH,82.19
8,19.1,2,13,1,14.7,LOW,38.56
14,43.2,2,1,1,6.6,LOW,41.75
14,45.1,3,4,1,4.7,LOW,48.07
